attr1_num,attr2_num,attr3_num,attr4_num,attr5_num,attr6_num,attr7_num,attr8_num,attr9_num,attr10_num,attr11_num,attr12_num,attr13_num,attr14_num,attr15_num,attr16_num,attr17_num,attr18_num,attr19_num,attr20_num,attr21_num,attr22_num,attr23_num,attr24_num,attr25_num,attr26_num,attr27_num,attr28_num,attr29_num,attr30_num,attr31_num,attr32_num,attr33_num,attr34_num,attr35_num,attr36_num,attr37_num,attr38_num,attr39_num,attr40_num,attr41_num,attr42_num,attr43_num,attr44_num,attr45_num,attr46_num,attr47_num,attr48_num,attr49_num,attr50_num,attr51_num,attr52_num,attr53_num,attr54_num,attr55_num,attr56_num,attr57_num,attr58_num,attr59_num,attr60_num,attr61_num,attr62_num,attr63_num,attr64_num,label
0.0,0.0,5.0,13.0,9.0,1.0,0.0,0.0,0.0,0.0,13.0,15.0,10.0,15.0,5.0,0.0,0.0,3.0,15.0,2.0,0.0,11.0,8.0,0.0,0.0,4.0,12.0,0.0,0.0,8.0,8.0,0.0,0.0,5.0,8.0,0.0,0.0,9.0,8.0,0.0,0.0,4.0,11.0,0.0,1.0,12.0,7.0,0.0,0.0,2.0,14.0,5.0,10.0,12.0,0.0,0.0,0.0,0.0,6.0,13.0,10.0,0.0,0.0,0.0,0
0.0,0.0,0.0,12.0,13.0,5.0,0.0,0.0,0.0,0.0,0.0,11.0,16.0,9.0,0.0,0.0,0.0,0.0,3.0,15.0,16.0,6.0,0.0,0.0,0.0,7.0,15.0,16.0,16.0,2.0,0.0,0.0,0.0,0.0,1.0,16.0,16.0,3.0,0.0,0.0,0.0,0.0,1.0,16.0,16.0,6.0,0.0,0.0,0.0,0.0,1.0,16.0,16.0,6.0,0.0,0.0,0.0,0.0,0.0,11.0,16.0,10.0,0.0,0.0,1
0.0,0.0,0.0,4.0,15.0,12.0,0.0,0.0,0.0,0.0,3.0,16.0,15.0,14.0,0.0,0.0,0.0,0.0,8.0,13.0,8.0,16.0,0.0,0.0,0.0,0.0,1.0,6.0,15.0,11.0,0.0,0.0,0.0,1.0,8.0,13.0,15.0,1.0,0.0,0.0,0.0,9.0,16.0,16.0,5.0,0.0,0.0,0.0,0.0,3.0,13.0,16.0,16.0,11.0,5.0,0.0,0.0,0.0,0.0,3.0,11.0,16.0,9.0,0.0,2
0.0,0.0,7.0,15.0,13.0,1.0,0.0,0.0,0.0,8.0,13.0,6.0,15.0,4.0,0.0,0.0,0.0,2.0,1.0,13.0,13.0,0.0,0.0,0.0,0.0,0.0,2.0,15.0,11.0,1.0,0.0,0.0,0.0,0.0,0.0,1.0,12.0,12.0,1.0,0.0,0.0,0.0,0.0,0.0,1.0,10.0,8.0,0.0,0.0,0.0,8.0,4.0,5.0,14.0,9.0,0.0,0.0,0.0,7.0,13.0,13.0,9.0,0.0,0.0,3
0.0,0.0,0.0,1.0,11.0,0.0,0.0,0.0,0.0,0.0,0.0,7.0,8.0,0.0,0.0,0.0,0.0,0.0,1.0,13.0,6.0,2.0,2.0,0.0,0.0,0.0,7.0,15.0,0.0,9.0,8.0,0.0,0.0,5.0,16.0,10.0,0.0,16.0,6.0,0.0,0.0,4.0,15.0,16.0,13.0,16.0,1.0,0.0,0.0,0.0,0.0,3.0,15.0,10.0,0.0,0.0,0.0,0.0,0.0,2.0,16.0,4.0,0.0,0.0,4
0.0,0.0,12.0,10.0,0.0,0.0,0.0,0.0,0.0,0.0,14.0,16.0,16.0,14.0,0.0,0.0,0.0,0.0,13.0,16.0,15.0,10.0,1.0,0.0,0.0,0.0,11.0,16.0,16.0,7.0,0.0,0.0,0.0,0.0,0.0,4.0,7.0,16.0,7.0,0.0,0.0,0.0,0.0,0.0,4.0,16.0,9.0,0.0,0.0,0.0,5.0,4.0,12.0,16.0,4.0,0.0,0.0,0.0,9.0,16.0,16.0,10.0,0.0,0.0,5
0.0,0.0,0.0,12.0,13.0,0.0,0.0,0.0,0.0,0.0,5.0,16.0,8.0,0.0,0.0,0.0,0.0,0.0,13.0,16.0,3.0,0.0,0.0,0.0,0.0,0.0,14.0,13.0,0.0,0.0,0.0,0.0,0.0,0.0,15.0,12.0,7.0,2.0,0.0,0.0,0.0,0.0,13.0,16.0,13.0,16.0,3.0,0.0,0.0,0.0,7.0,16.0,11.0,15.0,8.0,0.0,0.0,0.0,1.0,9.0,15.0,11.0,3.0,0.0,6
0.0,0.0,7.0,8.0,13.0,16.0,15.0,1.0,0.0,0.0,7.0,7.0,4.0,11.0,12.0,0.0,0.0,0.0,0.0,0.0,8.0,13.0,1.0,0.0,0.0,4.0,8.0,8.0,15.0,15.0,6.0,0.0,0.0,2.0,11.0,15.0,15.0,4.0,0.0,0.0,0.0,0.0,0.0,16.0,5.0,0.0,0.0,0.0,0.0,0.0,9.0,15.0,1.0,0.0,0.0,0.0,0.0,0.0,13.0,5.0,0.0,0.0,0.0,0.0,7
0.0,0.0,9.0,14.0,8.0,1.0,0.0,0.0,0.0,0.0,12.0,14.0,14.0,12.0,0.0,0.0,0.0,0.0,9.0,10.0,0.0,15.0,4.0,0.0,0.0,0.0,3.0,16.0,12.0,14.0,2.0,0.0,0.0,0.0,4.0,16.0,16.0,2.0,0.0,0.0,0.0,3.0,16.0,8.0,10.0,13.0,2.0,0.0,0.0,1.0,15.0,1.0,3.0,16.0,8.0,0.0,0.0,0.0,11.0,16.0,15.0,11.0,1.0,0.0,8
0.0,0.0,11.0,12.0,0.0,0.0,0.0,0.0,0.0,2.0,16.0,16.0,16.0,13.0,0.0,0.0,0.0,3.0,16.0,12.0,10.0,14.0,0.0,0.0,0.0,1.0,16.0,1.0,12.0,15.0,0.0,0.0,0.0,0.0,13.0,16.0,9.0,15.0,2.0,0.0,0.0,0.0,0.0,3.0,0.0,9.0,11.0,0.0,0.0,0.0,0.0,0.0,9.0,15.0,4.0,0.0,0.0,0.0,9.0,12.0,13.0,3.0,0.0,0.0,9
0.0,0.0,1.0,9.0,15.0,11.0,0.0,0.0,0.0,0.0,11.0,16.0,8.0,14.0,6.0,0.0,0.0,2.0,16.0,10.0,0.0,9.0,9.0,0.0,0.0,1.0,16.0,4.0,0.0,8.0,8.0,0.0,0.0,4.0,16.0,4.0,0.0,8.0,8.0,0.0,0.0,1.0,16.0,5.0,1.0,11.0,3.0,0.0,0.0,0.0,12.0,12.0,10.0,10.0,0.0,0.0,0.0,0.0,1.0,10.0,13.0,3.0,0.0,0.0,0
0.0,0.0,0.0,0.0,14.0,13.0,1.0,0.0,0.0,0.0,0.0,5.0,16.0,16.0,2.0,0.0,0.0,0.0,0.0,14.0,16.0,12.0,0.0,0.0,0.0,1.0,10.0,16.0,16.0,12.0,0.0,0.0,0.0,3.0,12.0,14.0,16.0,9.0,0.0,0.0,0.0,0.0,0.0,5.0,16.0,15.0,0.0,0.0,0.0,0.0,0.0,4.0,16.0,14.0,0.0,0.0,0.0,0.0,0.0,1.0,13.0,16.0,1.0,0.0,1
0.0,0.0,5.0,12.0,1.0,0.0,0.0,0.0,0.0,0.0,15.0,14.0,7.0,0.0,0.0,0.0,0.0,0.0,13.0,1.0,12.0,0.0,0.0,0.0,0.0,2.0,10.0,0.0,14.0,0.0,0.0,0.0,0.0,0.0,2.0,0.0,16.0,1.0,0.0,0.0,0.0,0.0,0.0,6.0,15.0,0.0,0.0,0.0,0.0,0.0,9.0,16.0,15.0,9.0,8.0,2.0,0.0,0.0,3.0,11.0,8.0,13.0,12.0,4.0,2
0.0,2.0,9.0,15.0,14.0,9.0,3.0,0.0,0.0,4.0,13.0,8.0,9.0,16.0,8.0,0.0,0.0,0.0,0.0,6.0,14.0,15.0,3.0,0.0,0.0,0.0,0.0,11.0,14.0,2.0,0.0,0.0,0.0,0.0,0.0,2.0,15.0,11.0,0.0,0.0,0.0,0.0,0.0,0.0,2.0,15.0,4.0,0.0,0.0,1.0,5.0,6.0,13.0,16.0,6.0,0.0,0.0,2.0,12.0,12.0,13.0,11.0,0.0,0.0,3
0.0,0.0,0.0,8.0,15.0,1.0,0.0,0.0,0.0,0.0,1.0,14.0,13.0,1.0,1.0,0.0,0.0,0.0,10.0,15.0,3.0,15.0,11.0,0.0,0.0,7.0,16.0,7.0,1.0,16.0,8.0,0.0,0.0,9.0,16.0,13.0,14.0,16.0,5.0,0.0,0.0,1.0,10.0,15.0,16.0,14.0,0.0,0.0,0.0,0.0,0.0,1.0,16.0,10.0,0.0,0.0,0.0,0.0,0.0,10.0,15.0,4.0,0.0,0.0,4
0.0,5.0,12.0,13.0,16.0,16.0,2.0,0.0,0.0,11.0,16.0,15.0,8.0,4.0,0.0,0.0,0.0,8.0,14.0,11.0,1.0,0.0,0.0,0.0,0.0,8.0,16.0,16.0,14.0,0.0,0.0,0.0,0.0,1.0,6.0,6.0,16.0,0.0,0.0,0.0,0.0,0.0,0.0,5.0,16.0,3.0,0.0,0.0,0.0,1.0,5.0,15.0,13.0,0.0,0.0,0.0,0.0,4.0,15.0,16.0,2.0,0.0,0.0,0.0,5
0.0,0.0,0.0,8.0,15.0,1.0,0.0,0.0,0.0,0.0,0.0,12.0,14.0,0.0,0.0,0.0,0.0,0.0,3.0,16.0,7.0,0.0,0.0,0.0,0.0,0.0,6.0,16.0,2.0,0.0,0.0,0.0,0.0,0.0,7.0,16.0,16.0,13.0,5.0,0.0,0.0,0.0,15.0,16.0,9.0,9.0,14.0,0.0,0.0,0.0,3.0,14.0,9.0,2.0,16.0,2.0,0.0,0.0,0.0,7.0,15.0,16.0,11.0,0.0,6
0.0,0.0,1.0,8.0,15.0,10.0,0.0,0.0,0.0,3.0,13.0,15.0,14.0,14.0,0.0,0.0,0.0,5.0,10.0,0.0,10.0,12.0,0.0,0.0,0.0,0.0,3.0,5.0,15.0,10.0,2.0,0.0,0.0,0.0,16.0,16.0,16.0,16.0,12.0,0.0,0.0,1.0,8.0,12.0,14.0,8.0,3.0,0.0,0.0,0.0,0.0,10.0,13.0,0.0,0.0,0.0,0.0,0.0,0.0,11.0,9.0,0.0,0.0,0.0,7
0.0,0.0,10.0,7.0,13.0,9.0,0.0,0.0,0.0,0.0,9.0,10.0,12.0,15.0,2.0,0.0,0.0,0.0,4.0,11.0,10.0,11.0,0.0,0.0,0.0,0.0,1.0,16.0,10.0,1.0,0.0,0.0,0.0,0.0,12.0,13.0,4.0,0.0,0.0,0.0,0.0,0.0,12.0,1.0,12.0,0.0,0.0,0.0,0.0,1.0,10.0,2.0,14.0,0.0,0.0,0.0,0.0,0.0,11.0,14.0,5.0,0.0,0.0,0.0,8
0.0,0.0,6.0,14.0,4.0,0.0,0.0,0.0,0.0,0.0,11.0,16.0,10.0,0.0,0.0,0.0,0.0,0.0,8.0,14.0,16.0,2.0,0.0,0.0,0.0,0.0,1.0,12.0,12.0,11.0,0.0,0.0,0.0,0.0,0.0,0.0,0.0,11.0,3.0,0.0,0.0,0.0,0.0,0.0,0.0,5.0,11.0,0.0,0.0,0.0,1.0,4.0,4.0,7.0,16.0,2.0,0.0,0.0,7.0,16.0,16.0,13.0,11.0,1.0,9
0.0,0.0,3.0,13.0,11.0,7.0,0.0,0.0,0.0,0.0,11.0,16.0,16.0,16.0,2.0,0.0,0.0,4.0,16.0,9.0,1.0,14.0,2.0,0.0,0.0,4.0,16.0,0.0,0.0,16.0,2.0,0.0,0.0,0.0,16.0,1.0,0.0,12.0,8.0,0.0,0.0,0.0,15.0,9.0,0.0,13.0,6.0,0.0,0.0,0.0,9.0,14.0,9.0,14.0,1.0,0.0,0.0,0.0,2.0,12.0,13.0,4.0,0.0,0.0,0
0.0,0.0,0.0,2.0,16.0,16.0,2.0,0.0,0.0,0.0,0.0,4.0,16.0,16.0,2.0,0.0,0.0,1.0,4.0,12.0,16.0,12.0,0.0,0.0,0.0,7.0,16.0,16.0,16.0,12.0,0.0,0.0,0.0,0.0,3.0,10.0,16.0,14.0,0.0,0.0,0.0,0.0,0.0,8.0,16.0,12.0,0.0,0.0,0.0,0.0,0.0,6.0,16.0,16.0,2.0,0.0,0.0,0.0,0.0,2.0,12.0,15.0,4.0,0.0,1
0.0,0.0,8.0,16.0,5.0,0.0,0.0,0.0,0.0,1.0,13.0,11.0,16.0,0.0,0.0,0.0,0.0,0.0,10.0,0.0,13.0,3.0,0.0,0.0,0.0,0.0,3.0,1.0,16.0,1.0,0.0,0.0,0.0,0.0,0.0,9.0,12.0,0.0,0.0,0.0,0.0,0.0,3.0,15.0,5.0,0.0,0.0,0.0,0.0,0.0,14.0,15.0,8.0,8.0,3.0,0.0,0.0,0.0,7.0,12.0,12.0,12.0,13.0,1.0,2
0.0,1.0,8.0,12.0,15.0,14.0,4.0,0.0,0.0,3.0,11.0,8.0,8.0,12.0,12.0,0.0,0.0,0.0,0.0,0.0,2.0,13.0,7.0,0.0,0.0,0.0,0.0,2.0,15.0,12.0,1.0,0.0,0.0,0.0,0.0,0.0,13.0,5.0,0.0,0.0,0.0,0.0,0.0,0.0,9.0,13.0,0.0,0.0,0.0,0.0,7.0,8.0,14.0,15.0,0.0,0.0,0.0,0.0,14.0,15.0,11.0,2.0,0.0,0.0,3
0.0,0.0,0.0,0.0,12.0,2.0,0.0,0.0,0.0,0.0,0.0,6.0,14.0,1.0,0.0,0.0,0.0,0.0,4.0,16.0,7.0,8.0,0.0,0.0,0.0,0.0,13.0,9.0,0.0,16.0,6.0,0.0,0.0,6.0,16.0,10.0,11.0,16.0,0.0,0.0,0.0,0.0,5.0,10.0,13.0,16.0,0.0,0.0,0.0,0.0,0.0,0.0,6.0,16.0,0.0,0.0,0.0,0.0,0.0,0.0,12.0,8.0,0.0,0.0,4
0.0,0.0,12.0,8.0,8.0,7.0,0.0,0.0,0.0,3.0,16.0,16.0,11.0,7.0,0.0,0.0,0.0,2.0,14.0,1.0,0.0,0.0,0.0,0.0,0.0,5.0,14.0,5.0,0.0,0.0,0.0,0.0,0.0,2.0,15.0,16.0,9.0,0.0,0.0,0.0,0.0,0.0,0.0,2.0,16.0,2.0,0.0,0.0,0.0,0.0,4.0,8.0,16.0,4.0,0.0,0.0,0.0,0.0,11.0,14.0,9.0,0.0,0.0,0.0,5
0.0,0.0,1.0,13.0,14.0,3.0,0.0,0.0,0.0,0.0,8.0,16.0,13.0,2.0,0.0,0.0,0.0,2.0,16.0,16.0,3.0,0.0,0.0,0.0,0.0,3.0,16.0,12.0,1.0,0.0,0.0,0.0,0.0,5.0,16.0,14.0,5.0,0.0,0.0,0.0,0.0,3.0,16.0,16.0,16.0,16.0,6.0,0.0,0.0,1.0,14.0,16.0,16.0,16.0,12.0,0.0,0.0,0.0,3.0,12.0,15.0,14.0,7.0,0.0,6
0.0,0.0,0.0,8.0,14.0,14.0,2.0,0.0,0.0,0.0,0.0,6.0,10.0,15.0,11.0,0.0,0.0,0.0,0.0,0.0,0.0,14.0,10.0,0.0,0.0,2.0,8.0,11.0,12.0,16.0,8.0,0.0,0.0,8.0,16.0,16.0,16.0,16.0,7.0,0.0,0.0,0.0,0.0,0.0,11.0,15.0,1.0,0.0,0.0,0.0,0.0,9.0,16.0,7.0,0.0,0.0,0.0,0.0,0.0,12.0,13.0,1.0,0.0,0.0,7
0.0,0.0,10.0,11.0,4.0,0.0,0.0,0.0,0.0,0.0,10.0,15.0,13.0,13.0,1.0,0.0,0.0,0.0,8.0,11.0,0.0,14.0,4.0,0.0,0.0,0.0,0.0,13.0,15.0,13.0,0.0,0.0,0.0,1.0,11.0,16.0,16.0,0.0,0.0,0.0,0.0,1.0,15.0,3.0,9.0,10.0,0.0,0.0,0.0,0.0,14.0,6.0,15.0,10.0,0.0,0.0,0.0,0.0,8.0,14.0,7.0,1.0,0.0,0.0,8
0.0,0.0,9.0,13.0,7.0,0.0,0.0,0.0,0.0,0.0,12.0,16.0,16.0,2.0,0.0,0.0,0.0,0.0,12.0,13.0,16.0,6.0,0.0,0.0,0.0,0.0,6.0,16.0,16.0,14.0,0.0,0.0,0.0,0.0,0.0,0.0,2.0,16.0,3.0,0.0,0.0,0.0,0.0,0.0,0.0,9.0,10.0,0.0,0.0,0.0,3.0,7.0,12.0,14.0,16.0,2.0,0.0,0.0,7.0,12.0,12.0,12.0,11.0,0.0,9
0.0,0.0,10.0,14.0,11.0,3.0,0.0,0.0,0.0,4.0,16.0,13.0,6.0,14.0,1.0,0.0,0.0,4.0,16.0,2.0,0.0,11.0,7.0,0.0,0.0,8.0,16.0,0.0,0.0,10.0,5.0,0.0,0.0,8.0,16.0,0.0,0.0,14.0,4.0,0.0,0.0,8.0,16.0,0.0,1.0,16.0,1.0,0.0,0.0,4.0,16.0,1.0,11.0,15.0,0.0,0.0,0.0,0.0,11.0,16.0,12.0,3.0,0.0,0.0,0
0.0,0.0,2.0,13.0,8.0,0.0,0.0,0.0,0.0,0.0,6.0,16.0,16.0,6.0,0.0,0.0,0.0,0.0,5.0,15.0,13.0,11.0,0.0,0.0,0.0,0.0,0.0,7.0,16.0,15.0,0.0,0.0,0.0,0.0,0.0,0.0,0.0,14.0,3.0,0.0,0.0,0.0,0.0,0.0,0.0,7.0,11.0,0.0,0.0,0.0,0.0,3.0,4.0,4.0,16.0,2.0,0.0,0.0,2.0,15.0,13.0,14.0,13.0,2.0,9
0.0,2.0,13.0,16.0,16.0,16.0,11.0,0.0,0.0,5.0,16.0,10.0,5.0,4.0,1.0,0.0,0.0,6.0,16.0,7.0,3.0,0.0,0.0,0.0,0.0,9.0,16.0,16.0,16.0,6.0,0.0,0.0,0.0,3.0,8.0,4.0,11.0,15.0,0.0,0.0,0.0,0.0,0.0,1.0,12.0,15.0,0.0,0.0,0.0,0.0,4.0,13.0,16.0,6.0,0.0,0.0,0.0,2.0,16.0,15.0,8.0,0.0,0.0,0.0,5
0.0,6.0,13.0,5.0,8.0,8.0,1.0,0.0,0.0,8.0,16.0,16.0,16.0,16.0,6.0,0.0,0.0,6.0,16.0,9.0,6.0,4.0,0.0,0.0,0.0,6.0,16.0,16.0,15.0,5.0,0.0,0.0,0.0,0.0,4.0,5.0,15.0,12.0,0.0,0.0,0.0,0.0,0.0,3.0,16.0,9.0,0.0,0.0,0.0,1.0,8.0,13.0,15.0,3.0,0.0,0.0,0.0,4.0,16.0,15.0,3.0,0.0,0.0,0.0,5
0.0,0.0,0.0,5.0,14.0,2.0,0.0,0.0,0.0,0.0,1.0,13.0,11.0,0.0,0.0,0.0,0.0,0.0,5.0,16.0,2.0,0.0,0.0,0.0,0.0,0.0,6.0,15.0,5.0,0.0,0.0,0.0,0.0,1.0,15.0,16.0,15.0,11.0,1.0,0.0,0.0,2.0,13.0,14.0,1.0,12.0,9.0,0.0,0.0,0.0,4.0,16.0,7.0,13.0,9.0,0.0,0.0,0.0,0.0,5.0,16.0,15.0,3.0,0.0,6
0.0,3.0,15.0,8.0,8.0,6.0,0.0,0.0,0.0,4.0,16.0,16.0,16.0,13.0,2.0,0.0,0.0,3.0,16.0,9.0,2.0,0.0,0.0,0.0,0.0,2.0,16.0,16.0,15.0,3.0,0.0,0.0,0.0,0.0,7.0,6.0,12.0,9.0,0.0,0.0,0.0,0.0,0.0,1.0,14.0,10.0,0.0,0.0,0.0,0.0,5.0,14.0,15.0,2.0,0.0,0.0,0.0,1.0,15.0,14.0,1.0,0.0,0.0,0.0,5
0.0,0.0,6.0,14.0,10.0,2.0,0.0,0.0,0.0,0.0,15.0,15.0,13.0,15.0,3.0,0.0,0.0,2.0,16.0,10.0,0.0,13.0,9.0,0.0,0.0,1.0,16.0,5.0,0.0,12.0,5.0,0.0,0.0,0.0,16.0,3.0,0.0,13.0,6.0,0.0,0.0,1.0,15.0,5.0,6.0,13.0,1.0,0.0,0.0,0.0,16.0,11.0,14.0,10.0,0.0,0.0,0.0,0.0,7.0,16.0,11.0,1.0,0.0,0.0,0
0.0,0.0,13.0,10.0,1.0,0.0,0.0,0.0,0.0,5.0,16.0,14.0,7.0,0.0,0.0,0.0,0.0,4.0,16.0,8.0,14.0,0.0,0.0,0.0,0.0,2.0,14.0,16.0,16.0,6.0,0.0,0.0,0.0,0.0,1.0,4.0,9.0,13.0,1.0,0.0,0.0,0.0,0.0,0.0,0.0,13.0,6.0,0.0,0.0,0.0,5.0,8.0,5.0,9.0,14.0,0.0,0.0,0.0,13.0,13.0,15.0,16.0,13.0,0.0,9
0.0,0.0,7.0,7.0,13.0,16.0,4.0,0.0,0.0,0.0,13.0,13.0,6.0,12.0,7.0,0.0,0.0,0.0,10.0,4.0,10.0,11.0,1.0,0.0,0.0,0.0,8.0,16.0,10.0,0.0,0.0,0.0,0.0,3.0,14.0,16.0,0.0,0.0,0.0,0.0,0.0,8.0,8.0,11.0,5.0,0.0,0.0,0.0,0.0,4.0,10.0,9.0,8.0,0.0,0.0,0.0,0.0,1.0,11.0,16.0,6.0,0.0,0.0,0.0,8
0.0,1.0,9.0,16.0,13.0,7.0,0.0,0.0,0.0,7.0,14.0,4.0,10.0,12.0,0.0,0.0,0.0,6.0,15.0,9.0,16.0,11.0,0.0,0.0,0.0,0.0,9.0,11.0,7.0,14.0,0.0,0.0,0.0,0.0,0.0,0.0,0.0,15.0,2.0,0.0,0.0,0.0,0.0,0.0,0.0,11.0,6.0,0.0,0.0,3.0,13.0,8.0,5.0,14.0,5.0,0.0,0.0,0.0,9.0,14.0,13.0,10.0,1.0,0.0,9
0.0,0.0,11.0,10.0,12.0,4.0,0.0,0.0,0.0,0.0,12.0,13.0,9.0,16.0,1.0,0.0,0.0,0.0,7.0,13.0,11.0,16.0,0.0,0.0,0.0,0.0,1.0,16.0,14.0,4.0,0.0,0.0,0.0,0.0,10.0,16.0,13.0,0.0,0.0,0.0,0.0,0.0,14.0,7.0,12.0,7.0,0.0,0.0,0.0,4.0,14.0,4.0,12.0,13.0,0.0,0.0,0.0,1.0,11.0,14.0,12.0,4.0,0.0,0.0,8
0.0,0.0,0.0,9.0,15.0,1.0,0.0,0.0,0.0,0.0,4.0,16.0,12.0,0.0,0.0,0.0,0.0,0.0,15.0,14.0,2.0,11.0,3.0,0.0,0.0,4.0,16.0,9.0,4.0,16.0,10.0,0.0,0.0,9.0,16.0,11.0,13.0,16.0,2.0,0.0,0.0,0.0,9.0,16.0,16.0,14.0,0.0,0.0,0.0,0.0,0.0,8.0,16.0,6.0,0.0,0.0,0.0,0.0,0.0,9.0,16.0,2.0,0.0,0.0,4
0.0,0.0,0.0,0.0,12.0,5.0,0.0,0.0,0.0,0.0,0.0,2.0,16.0,12.0,0.0,0.0,0.0,0.0,1.0,12.0,16.0,11.0,0.0,0.0,0.0,2.0,12.0,16.0,16.0,10.0,0.0,0.0,0.0,6.0,11.0,5.0,15.0,6.0,0.0,0.0,0.0,0.0,0.0,1.0,16.0,9.0,0.0,0.0,0.0,0.0,0.0,2.0,16.0,11.0,0.0,0.0,0.0,0.0,0.0,3.0,16.0,8.0,0.0,0.0,1
0.0,0.0,0.0,9.0,15.0,12.0,0.0,0.0,0.0,0.0,4.0,7.0,7.0,14.0,0.0,0.0,0.0,0.0,0.0,0.0,0.0,13.0,3.0,0.0,0.0,4.0,9.0,8.0,10.0,13.0,1.0,0.0,0.0,4.0,16.0,15.0,16.0,16.0,6.0,0.0,0.0,0.0,0.0,0.0,14.0,3.0,0.0,0.0,0.0,0.0,0.0,9.0,12.0,0.0,0.0,0.0,0.0,0.0,0.0,11.0,7.0,0.0,0.0,0.0,7
0.0,0.0,9.0,16.0,16.0,16.0,5.0,0.0,0.0,1.0,14.0,10.0,8.0,16.0,8.0,0.0,0.0,0.0,0.0,0.0,7.0,16.0,3.0,0.0,0.0,3.0,8.0,11.0,15.0,16.0,11.0,0.0,0.0,8.0,16.0,16.0,15.0,11.0,3.0,0.0,0.0,0.0,2.0,16.0,7.0,0.0,0.0,0.0,0.0,0.0,8.0,16.0,1.0,0.0,0.0,0.0,0.0,0.0,13.0,10.0,0.0,0.0,0.0,0.0,7
0.0,0.0,9.0,16.0,13.0,6.0,0.0,0.0,0.0,0.0,6.0,5.0,16.0,16.0,0.0,0.0,0.0,0.0,0.0,8.0,15.0,5.0,0.0,0.0,0.0,0.0,0.0,5.0,14.0,3.0,0.0,0.0,0.0,0.0,0.0,0.0,9.0,15.0,2.0,0.0,0.0,0.0,0.0,0.0,0.0,11.0,12.0,0.0,0.0,0.0,4.0,8.0,11.0,15.0,12.0,0.0,0.0,0.0,11.0,14.0,12.0,8.0,0.0,0.0,3
0.0,1.0,15.0,4.0,0.0,0.0,0.0,0.0,0.0,2.0,16.0,16.0,16.0,14.0,2.0,0.0,0.0,6.0,16.0,11.0,8.0,8.0,3.0,0.0,0.0,5.0,16.0,11.0,5.0,0.0,0.0,0.0,0.0,0.0,11.0,14.0,14.0,1.0,0.0,0.0,0.0,0.0,0.0,5.0,16.0,7.0,0.0,0.0,0.0,0.0,6.0,16.0,16.0,4.0,0.0,0.0,0.0,0.0,14.0,14.0,4.0,0.0,0.0,0.0,5
0.0,0.0,0.0,1.0,11.0,9.0,0.0,0.0,0.0,0.0,0.0,7.0,16.0,13.0,0.0,0.0,0.0,0.0,4.0,14.0,16.0,9.0,0.0,0.0,0.0,10.0,16.0,11.0,16.0,8.0,0.0,0.0,0.0,0.0,0.0,3.0,16.0,6.0,0.0,0.0,0.0,0.0,0.0,3.0,16.0,8.0,0.0,0.0,0.0,0.0,0.0,5.0,16.0,10.0,0.0,0.0,0.0,0.0,0.0,2.0,14.0,6.0,0.0,0.0,1
0.0,0.0,2.0,15.0,13.0,3.0,0.0,0.0,0.0,0.0,10.0,15.0,11.0,15.0,0.0,0.0,0.0,3.0,16.0,6.0,0.0,10.0,0.0,0.0,0.0,4.0,16.0,8.0,0.0,3.0,8.0,0.0,0.0,8.0,14.0,3.0,0.0,4.0,8.0,0.0,0.0,3.0,15.0,1.0,0.0,3.0,7.0,0.0,0.0,0.0,14.0,11.0,6.0,14.0,5.0,0.0,0.0,0.0,4.0,12.0,15.0,6.0,0.0,0.0,0
0.0,0.0,1.0,15.0,13.0,1.0,0.0,0.0,0.0,0.0,7.0,16.0,14.0,8.0,0.0,0.0,0.0,8.0,12.0,9.0,2.0,13.0,2.0,0.0,0.0,7.0,9.0,1.0,0.0,6.0,6.0,0.0,0.0,5.0,9.0,0.0,0.0,3.0,9.0,0.0,0.0,0.0,15.0,2.0,0.0,8.0,12.0,0.0,0.0,0.0,9.0,15.0,13.0,16.0,6.0,0.0,0.0,0.0,0.0,13.0,14.0,8.0,0.0,0.0,0
0.0,0.0,0.0,5.0,14.0,12.0,2.0,0.0,0.0,0.0,7.0,15.0,8.0,14.0,4.0,0.0,0.0,0.0,6.0,2.0,3.0,13.0,1.0,0.0,0.0,0.0,0.0,1.0,13.0,4.0,0.0,0.0,0.0,0.0,1.0,11.0,9.0,0.0,0.0,0.0,0.0,8.0,16.0,13.0,0.0,0.0,0.0,0.0,0.0,5.0,14.0,16.0,11.0,2.0,0.0,0.0,0.0,0.0,0.0,6.0,12.0,13.0,3.0,0.0,2
0.0,0.0,0.0,3.0,15.0,10.0,1.0,0.0,0.0,0.0,0.0,11.0,10.0,16.0,4.0,0.0,0.0,0.0,0.0,12.0,1.0,15.0,6.0,0.0,0.0,0.0,0.0,3.0,4.0,15.0,4.0,0.0,0.0,0.0,0.0,6.0,15.0,6.0,0.0,0.0,0.0,4.0,15.0,16.0,9.0,0.0,0.0,0.0,0.0,0.0,13.0,16.0,15.0,9.0,3.0,0.0,0.0,0.0,0.0,4.0,9.0,14.0,7.0,0.0,2
0.0,0.0,3.0,12.0,16.0,16.0,6.0,0.0,0.0,0.0,10.0,11.0,7.0,16.0,11.0,0.0,0.0,0.0,0.0,0.0,2.0,14.0,10.0,0.0,0.0,5.0,11.0,8.0,9.0,16.0,3.0,0.0,0.0,9.0,16.0,16.0,16.0,16.0,9.0,0.0,0.0,1.0,4.0,9.0,16.0,6.0,0.0,0.0,0.0,0.0,0.0,11.0,14.0,0.0,0.0,0.0,0.0,0.0,4.0,16.0,5.0,0.0,0.0,0.0,7
0.0,0.0,4.0,8.0,16.0,5.0,0.0,0.0,0.0,0.0,9.0,16.0,8.0,11.0,0.0,0.0,0.0,0.0,5.0,10.0,0.0,13.0,2.0,0.0,0.0,0.0,0.0,13.0,4.0,15.0,2.0,0.0,0.0,0.0,0.0,9.0,16.0,8.0,0.0,0.0,0.0,0.0,8.0,15.0,14.0,5.0,0.0,0.0,0.0,0.0,16.0,5.0,14.0,4.0,0.0,0.0,0.0,0.0,6.0,16.0,12.0,1.0,0.0,0.0,8
0.0,0.0,0.0,1.0,14.0,14.0,3.0,0.0,0.0,0.0,0.0,10.0,11.0,13.0,8.0,0.0,0.0,0.0,0.0,7.0,0.0,13.0,8.0,0.0,0.0,0.0,0.0,0.0,7.0,15.0,1.0,0.0,0.0,4.0,8.0,12.0,15.0,4.0,0.0,0.0,0.0,6.0,16.0,16.0,6.0,0.0,0.0,0.0,0.0,0.0,2.0,12.0,12.0,4.0,2.0,0.0,0.0,0.0,0.0,1.0,13.0,16.0,5.0,0.0,2
0.0,0.0,2.0,14.0,15.0,5.0,0.0,0.0,0.0,0.0,10.0,16.0,16.0,15.0,1.0,0.0,0.0,3.0,16.0,10.0,10.0,16.0,4.0,0.0,0.0,5.0,16.0,0.0,0.0,14.0,6.0,0.0,0.0,5.0,16.0,6.0,0.0,12.0,7.0,0.0,0.0,1.0,15.0,13.0,4.0,13.0,6.0,0.0,0.0,0.0,11.0,16.0,16.0,15.0,0.0,0.0,0.0,0.0,2.0,11.0,13.0,4.0,0.0,0.0,0
0.0,0.0,0.0,0.0,12.0,13.0,1.0,0.0,0.0,0.0,0.0,8.0,16.0,15.0,2.0,0.0,0.0,0.0,10.0,16.0,16.0,12.0,0.0,0.0,0.0,4.0,16.0,16.0,16.0,13.0,0.0,0.0,0.0,4.0,7.0,4.0,16.0,6.0,0.0,0.0,0.0,0.0,0.0,1.0,16.0,8.0,0.0,0.0,0.0,0.0,0.0,1.0,16.0,8.0,0.0,0.0,0.0,0.0,0.0,0.0,12.0,12.0,0.0,0.0,1
0.0,0.0,0.0,1.0,9.0,11.0,0.0,0.0,0.0,0.0,0.0,13.0,16.0,16.0,0.0,0.0,0.0,0.0,0.0,12.0,7.0,14.0,0.0,0.0,0.0,0.0,0.0,0.0,14.0,7.0,0.0,0.0,0.0,0.0,5.0,12.0,12.0,0.0,0.0,0.0,0.0,7.0,16.0,16.0,6.0,0.0,0.0,0.0,0.0,4.0,9.0,13.0,16.0,11.0,4.0,0.0,0.0,0.0,0.0,0.0,9.0,13.0,3.0,0.0,2
0.0,0.0,0.0,10.0,13.0,1.0,0.0,0.0,0.0,1.0,11.0,12.0,7.0,0.0,0.0,0.0,0.0,2.0,16.0,12.0,0.0,0.0,0.0,0.0,0.0,4.0,16.0,11.0,0.0,0.0,0.0,0.0,0.0,4.0,16.0,15.0,8.0,4.0,0.0,0.0,0.0,4.0,16.0,16.0,13.0,16.0,6.0,0.0,0.0,0.0,7.0,16.0,7.0,13.0,14.0,0.0,0.0,0.0,0.0,7.0,15.0,15.0,5.0,0.0,6
0.0,1.0,10.0,15.0,11.0,1.0,0.0,0.0,0.0,3.0,8.0,8.0,11.0,12.0,0.0,0.0,0.0,0.0,0.0,5.0,14.0,15.0,1.0,0.0,0.0,0.0,0.0,11.0,15.0,2.0,0.0,0.0,0.0,0.0,0.0,4.0,15.0,2.0,0.0,0.0,0.0,0.0,0.0,0.0,12.0,10.0,0.0,0.0,0.0,0.0,3.0,4.0,10.0,16.0,1.0,0.0,0.0,0.0,13.0,16.0,15.0,10.0,0.0,0.0,3
0.0,0.0,10.0,15.0,14.0,4.0,0.0,0.0,0.0,0.0,4.0,6.0,13.0,16.0,2.0,0.0,0.0,0.0,0.0,3.0,16.0,9.0,0.0,0.0,0.0,0.0,0.0,1.0,16.0,6.0,0.0,0.0,0.0,0.0,0.0,0.0,10.0,12.0,0.0,0.0,0.0,0.0,0.0,0.0,1.0,16.0,4.0,0.0,0.0,1.0,9.0,5.0,6.0,16.0,7.0,0.0,0.0,0.0,14.0,12.0,15.0,11.0,2.0,0.0,3
0.0,0.0,6.0,13.0,16.0,6.0,0.0,0.0,0.0,3.0,16.0,14.0,15.0,16.0,1.0,0.0,0.0,0.0,5.0,0.0,8.0,16.0,2.0,0.0,0.0,0.0,0.0,0.0,8.0,16.0,3.0,0.0,0.0,3.0,15.0,16.0,16.0,16.0,9.0,0.0,0.0,5.0,13.0,14.0,16.0,11.0,3.0,0.0,0.0,0.0,0.0,12.0,15.0,1.0,0.0,0.0,0.0,0.0,4.0,16.0,7.0,0.0,0.0,0.0,7
0.0,0.0,14.0,16.0,14.0,6.0,0.0,0.0,0.0,0.0,7.0,10.0,16.0,16.0,3.0,0.0,0.0,0.0,0.0,5.0,16.0,16.0,1.0,0.0,0.0,0.0,0.0,2.0,16.0,8.0,0.0,0.0,0.0,0.0,0.0,0.0,12.0,13.0,1.0,0.0,0.0,0.0,0.0,0.0,4.0,16.0,7.0,0.0,0.0,0.0,5.0,9.0,14.0,16.0,7.0,0.0,0.0,0.0,13.0,16.0,16.0,10.0,1.0,0.0,3
0.0,3.0,16.0,16.0,14.0,7.0,1.0,0.0,0.0,1.0,9.0,9.0,15.0,16.0,4.0,0.0,0.0,0.0,0.0,7.0,16.0,12.0,1.0,0.0,0.0,0.0,0.0,9.0,16.0,2.0,0.0,0.0,0.0,0.0,0.0,3.0,15.0,7.0,0.0,0.0,0.0,0.0,0.0,0.0,9.0,15.0,0.0,0.0,0.0,1.0,10.0,10.0,16.0,16.0,3.0,0.0,0.0,2.0,13.0,16.0,12.0,5.0,0.0,0.0,3
0.0,0.0,0.0,6.0,16.0,4.0,0.0,0.0,0.0,0.0,1.0,13.0,15.0,1.0,0.0,0.0,0.0,1.0,11.0,16.0,5.0,0.0,0.0,0.0,0.0,8.0,16.0,10.0,0.0,10.0,6.0,0.0,0.0,12.0,16.0,8.0,9.0,16.0,12.0,0.0,0.0,2.0,15.0,16.0,16.0,16.0,7.0,0.0,0.0,0.0,0.0,4.0,16.0,11.0,0.0,0.0,0.0,0.0,0.0,7.0,16.0,3.0,0.0,0.0,4
0.0,0.0,0.0,9.0,10.0,0.0,0.0,0.0,0.0,0.0,7.0,16.0,7.0,0.0,0.0,0.0,0.0,0.0,13.0,13.0,1.0,0.0,0.0,0.0,0.0,0.0,15.0,7.0,0.0,0.0,0.0,0.0,0.0,4.0,16.0,15.0,12.0,7.0,0.0,0.0,0.0,2.0,16.0,12.0,4.0,11.0,10.0,0.0,0.0,0.0,8.0,14.0,5.0,9.0,14.0,0.0,0.0,0.0,0.0,6.0,12.0,14.0,9.0,0.0,6
0.0,0.0,0.0,10.0,11.0,0.0,0.0,0.0,0.0,0.0,9.0,16.0,6.0,0.0,0.0,0.0,0.0,0.0,15.0,13.0,0.0,0.0,0.0,0.0,0.0,0.0,14.0,10.0,0.0,0.0,0.0,0.0,0.0,1.0,15.0,12.0,8.0,2.0,0.0,0.0,0.0,0.0,12.0,16.0,16.0,16.0,10.0,1.0,0.0,0.0,7.0,16.0,12.0,12.0,16.0,4.0,0.0,0.0,0.0,9.0,15.0,12.0,5.0,0.0,6
0.0,0.0,5.0,14.0,0.0,0.0,0.0,0.0,0.0,0.0,12.0,9.0,0.0,0.0,0.0,0.0,0.0,0.0,15.0,3.0,0.0,0.0,0.0,0.0,0.0,1.0,16.0,0.0,0.0,0.0,0.0,0.0,0.0,1.0,16.0,2.0,7.0,4.0,0.0,0.0,0.0,3.0,16.0,16.0,16.0,16.0,9.0,0.0,0.0,0.0,15.0,15.0,4.0,10.0,16.0,0.0,0.0,0.0,4.0,14.0,16.0,12.0,7.0,0.0,6
0.0,0.0,0.0,9.0,9.0,0.0,0.0,0.0,0.0,0.0,3.0,16.0,9.0,0.0,0.0,0.0,0.0,3.0,14.0,10.0,0.0,2.0,0.0,0.0,0.0,10.0,16.0,5.0,7.0,15.0,1.0,0.0,0.0,2.0,11.0,15.0,16.0,13.0,1.0,0.0,0.0,0.0,0.0,7.0,16.0,3.0,0.0,0.0,0.0,0.0,0.0,6.0,15.0,0.0,0.0,0.0,0.0,0.0,0.0,4.0,16.0,5.0,0.0,0.0,4
0.0,0.0,6.0,12.0,13.0,6.0,0.0,0.0,0.0,6.0,16.0,9.0,12.0,16.0,2.0,0.0,0.0,7.0,16.0,9.0,15.0,13.0,0.0,0.0,0.0,0.0,11.0,15.0,16.0,4.0,0.0,0.0,0.0,0.0,0.0,12.0,10.0,0.0,0.0,0.0,0.0,0.0,3.0,16.0,4.0,0.0,0.0,0.0,0.0,0.0,1.0,16.0,2.0,0.0,0.0,0.0,0.0,0.0,6.0,11.0,0.0,0.0,0.0,0.0,9
0.0,0.0,0.0,0.0,14.0,7.0,0.0,0.0,0.0,0.0,0.0,13.0,16.0,9.0,0.0,0.0,0.0,0.0,10.0,16.0,16.0,7.0,0.0,0.0,0.0,7.0,16.0,8.0,16.0,2.0,0.0,0.0,0.0,1.0,5.0,6.0,16.0,6.0,0.0,0.0,0.0,0.0,0.0,4.0,16.0,6.0,0.0,0.0,0.0,0.0,0.0,2.0,16.0,6.0,0.0,0.0,0.0,0.0,0.0,0.0,12.0,11.0,0.0,0.0,1
0.0,1.0,13.0,15.0,12.0,12.0,5.0,0.0,0.0,4.0,16.0,8.0,8.0,6.0,0.0,0.0,0.0,7.0,13.0,0.0,0.0,0.0,0.0,0.0,0.0,8.0,15.0,13.0,15.0,7.0,0.0,0.0,0.0,1.0,6.0,5.0,8.0,12.0,0.0,0.0,0.0,0.0,0.0,0.0,12.0,11.0,0.0,0.0,0.0,0.0,2.0,13.0,14.0,1.0,0.0,0.0,0.0,3.0,14.0,10.0,1.0,0.0,0.0,0.0,5
0.0,0.0,1.0,13.0,10.0,0.0,0.0,0.0,0.0,7.0,16.0,16.0,16.0,7.0,0.0,0.0,0.0,8.0,16.0,13.0,10.0,15.0,0.0,0.0,0.0,8.0,16.0,2.0,2.0,15.0,3.0,0.0,0.0,5.0,15.0,2.0,0.0,12.0,7.0,0.0,0.0,1.0,15.0,6.0,2.0,16.0,3.0,0.0,0.0,0.0,11.0,15.0,13.0,16.0,0.0,0.0,0.0,0.0,1.0,15.0,14.0,8.0,0.0,0.0,0
0.0,1.0,12.0,13.0,4.0,0.0,0.0,0.0,0.0,4.0,16.0,16.0,16.0,3.0,0.0,0.0,0.0,4.0,16.0,16.0,16.0,10.0,0.0,0.0,0.0,0.0,6.0,16.0,14.0,16.0,0.0,0.0,0.0,0.0,0.0,0.0,0.0,16.0,4.0,0.0,0.0,0.0,0.0,0.0,0.0,13.0,7.0,0.0,0.0,1.0,2.0,3.0,7.0,14.0,10.0,0.0,0.0,2.0,12.0,16.0,14.0,12.0,3.0,0.0,9
0.0,0.0,13.0,13.0,8.0,2.0,0.0,0.0,0.0,5.0,16.0,16.0,16.0,12.0,0.0,0.0,0.0,1.0,15.0,12.0,0.0,0.0,0.0,0.0,0.0,0.0,12.0,13.0,7.0,1.0,0.0,0.0,0.0,0.0,8.0,16.0,16.0,12.0,0.0,0.0,0.0,0.0,0.0,4.0,9.0,16.0,3.0,0.0,0.0,0.0,1.0,5.0,14.0,15.0,1.0,0.0,0.0,0.0,10.0,16.0,16.0,6.0,0.0,0.0,5
0.0,0.0,0.0,0.0,9.0,13.0,0.0,0.0,0.0,0.0,0.0,2.0,16.0,16.0,1.0,0.0,0.0,0.0,0.0,5.0,9.0,15.0,0.0,0.0,0.0,0.0,0.0,0.0,5.0,14.0,0.0,0.0,0.0,0.0,0.0,3.0,15.0,7.0,0.0,0.0,0.0,7.0,16.0,16.0,11.0,0.0,0.0,0.0,0.0,0.0,11.0,14.0,16.0,7.0,3.0,0.0,0.0,0.0,0.0,0.0,9.0,15.0,9.0,0.0,2
0.0,3.0,5.0,14.0,13.0,6.0,0.0,0.0,0.0,9.0,16.0,12.0,10.0,12.0,0.0,0.0,0.0,6.0,16.0,3.0,12.0,11.0,0.0,0.0,0.0,1.0,13.0,10.0,16.0,6.0,0.0,0.0,0.0,0.0,10.0,16.0,10.0,0.0,0.0,0.0,0.0,1.0,15.0,16.0,10.0,0.0,0.0,0.0,0.0,0.0,16.0,12.0,16.0,0.0,0.0,0.0,0.0,0.0,3.0,15.0,16.0,5.0,0.0,0.0,8
0.0,0.0,0.0,0.0,11.0,15.0,4.0,0.0,0.0,0.0,0.0,3.0,16.0,16.0,12.0,0.0,0.0,0.0,0.0,8.0,14.0,16.0,12.0,0.0,0.0,0.0,0.0,5.0,10.0,16.0,6.0,0.0,0.0,1.0,7.0,11.0,16.0,13.0,0.0,0.0,0.0,9.0,16.0,16.0,14.0,1.0,0.0,0.0,0.0,3.0,8.0,14.0,16.0,9.0,0.0,0.0,0.0,0.0,0.0,1.0,11.0,16.0,12.0,0.0,2
0.0,0.0,10.0,12.0,10.0,0.0,0.0,0.0,0.0,3.0,16.0,16.0,16.0,4.0,0.0,0.0,0.0,7.0,15.0,3.0,8.0,13.0,0.0,0.0,0.0,8.0,12.0,0.0,0.0,14.0,1.0,0.0,0.0,8.0,12.0,0.0,0.0,7.0,8.0,0.0,0.0,5.0,13.0,0.0,0.0,4.0,8.0,0.0,0.0,0.0,14.0,8.0,0.0,10.0,8.0,0.0,0.0,0.0,7.0,12.0,13.0,12.0,4.0,0.0,0
0.0,0.0,4.0,14.0,11.0,0.0,0.0,0.0,0.0,3.0,15.0,15.0,16.0,9.0,0.0,0.0,0.0,8.0,13.0,0.0,3.0,15.0,1.0,0.0,0.0,8.0,12.0,0.0,0.0,8.0,6.0,0.0,0.0,8.0,12.0,0.0,0.0,8.0,8.0,0.0,0.0,5.0,13.0,1.0,0.0,8.0,8.0,0.0,0.0,2.0,15.0,14.0,12.0,15.0,6.0,0.0,0.0,0.0,5.0,16.0,15.0,8.0,0.0,0.0,0
0.0,0.0,0.0,1.0,14.0,13.0,1.0,0.0,0.0,0.0,0.0,1.0,16.0,16.0,3.0,0.0,0.0,5.0,11.0,15.0,16.0,16.0,0.0,0.0,0.0,4.0,15.0,16.0,16.0,15.0,0.0,0.0,0.0,0.0,0.0,8.0,16.0,7.0,0.0,0.0,0.0,0.0,0.0,10.0,16.0,3.0,0.0,0.0,0.0,0.0,0.0,8.0,16.0,6.0,0.0,0.0,0.0,0.0,0.0,2.0,13.0,15.0,2.0,0.0,1
0.0,0.0,3.0,14.0,16.0,14.0,0.0,0.0,0.0,0.0,13.0,13.0,13.0,16.0,2.0,0.0,0.0,0.0,1.0,0.0,9.0,15.0,0.0,0.0,0.0,0.0,9.0,12.0,15.0,16.0,10.0,0.0,0.0,4.0,16.0,16.0,16.0,11.0,3.0,0.0,0.0,0.0,4.0,9.0,14.0,2.0,0.0,0.0,0.0,0.0,2.0,15.0,9.0,0.0,0.0,0.0,0.0,0.0,4.0,13.0,1.0,0.0,0.0,0.0,7
0.0,0.0,0.0,10.0,15.0,3.0,0.0,0.0,0.0,0.0,7.0,16.0,11.0,0.0,0.0,0.0,0.0,0.0,13.0,15.0,1.0,0.0,0.0,0.0,0.0,0.0,15.0,11.0,0.0,0.0,0.0,0.0,0.0,0.0,16.0,13.0,8.0,1.0,0.0,0.0,0.0,0.0,15.0,16.0,16.0,15.0,6.0,0.0,0.0,0.0,10.0,16.0,14.0,16.0,14.0,2.0,0.0,0.0,1.0,9.0,15.0,16.0,11.0,0.0,6
0.0,2.0,13.0,15.0,10.0,4.0,0.0,0.0,0.0,0.0,5.0,4.0,13.0,15.0,2.0,0.0,0.0,0.0,0.0,0.0,11.0,16.0,4.0,0.0,0.0,0.0,0.0,0.0,16.0,12.0,0.0,0.0,0.0,0.0,0.0,0.0,13.0,11.0,0.0,0.0,0.0,0.0,0.0,0.0,8.0,13.0,0.0,0.0,0.0,1.0,6.0,8.0,14.0,12.0,0.0,0.0,0.0,2.0,12.0,14.0,11.0,1.0,0.0,0.0,3
0.0,1.0,13.0,15.0,2.0,0.0,0.0,0.0,0.0,6.0,15.0,15.0,9.0,0.0,0.0,0.0,0.0,9.0,8.0,10.0,13.0,0.0,0.0,0.0,0.0,5.0,3.0,12.0,12.0,0.0,0.0,0.0,0.0,0.0,3.0,16.0,6.0,0.0,0.0,0.0,0.0,5.0,15.0,15.0,1.0,0.0,0.0,0.0,0.0,6.0,16.0,15.0,12.0,12.0,11.0,0.0,0.0,1.0,11.0,13.0,16.0,16.0,12.0,0.0,2
0.0,0.0,0.0,1.0,16.0,5.0,0.0,0.0,0.0,0.0,0.0,5.0,16.0,11.0,0.0,0.0,0.0,0.0,0.0,12.0,16.0,11.0,0.0,0.0,0.0,7.0,12.0,16.0,16.0,7.0,0.0,0.0,0.0,4.0,8.0,12.0,16.0,4.0,0.0,0.0,0.0,0.0,0.0,9.0,16.0,2.0,0.0,0.0,0.0,0.0,0.0,10.0,16.0,2.0,0.0,0.0,0.0,0.0,0.0,3.0,13.0,5.0,0.0,0.0,1
0.0,0.0,2.0,7.0,15.0,13.0,1.0,0.0,0.0,0.0,14.0,12.0,9.0,14.0,8.0,0.0,0.0,0.0,2.0,0.0,0.0,12.0,8.0,0.0,0.0,0.0,0.0,0.0,0.0,13.0,6.0,0.0,0.0,5.0,16.0,16.0,16.0,16.0,5.0,0.0,0.0,2.0,5.0,7.0,13.0,14.0,2.0,0.0,0.0,0.0,0.0,1.0,15.0,5.0,0.0,0.0,0.0,0.0,0.0,11.0,9.0,0.0,0.0,0.0,7
0.0,0.0,0.0,9.0,16.0,4.0,0.0,0.0,0.0,1.0,9.0,16.0,13.0,2.0,0.0,0.0,0.0,14.0,16.0,14.0,8.0,0.0,0.0,0.0,1.0,15.0,15.0,5.0,16.0,9.0,0.0,0.0,0.0,5.0,16.0,16.0,16.0,8.0,0.0,0.0,0.0,0.0,2.0,13.0,16.0,1.0,0.0,0.0,0.0,0.0,0.0,11.0,13.0,0.0,0.0,0.0,0.0,0.0,0.0,11.0,13.0,0.0,0.0,0.0,4
0.0,0.0,0.0,10.0,11.0,0.0,0.0,0.0,0.0,0.0,3.0,16.0,10.0,0.0,0.0,0.0,0.0,0.0,8.0,16.0,0.0,0.0,0.0,0.0,0.0,0.0,12.0,14.0,0.0,0.0,0.0,0.0,0.0,0.0,14.0,16.0,15.0,6.0,0.0,0.0,0.0,0.0,12.0,16.0,12.0,15.0,6.0,0.0,0.0,0.0,7.0,16.0,10.0,13.0,14.0,0.0,0.0,0.0,0.0,9.0,13.0,11.0,6.0,0.0,6
0.0,0.0,13.0,16.0,15.0,4.0,0.0,0.0,0.0,0.0,9.0,8.0,13.0,16.0,3.0,0.0,0.0,0.0,0.0,0.0,13.0,16.0,7.0,0.0,0.0,0.0,0.0,1.0,16.0,12.0,0.0,0.0,0.0,0.0,0.0,0.0,15.0,10.0,0.0,0.0,0.0,0.0,0.0,0.0,8.0,15.0,0.0,0.0,0.0,0.0,3.0,6.0,15.0,16.0,7.0,0.0,0.0,0.0,15.0,16.0,16.0,11.0,1.0,0.0,3
0.0,0.0,0.0,1.0,12.0,8.0,1.0,0.0,0.0,0.0,0.0,4.0,16.0,16.0,1.0,0.0,0.0,0.0,1.0,13.0,16.0,11.0,0.0,0.0,0.0,1.0,11.0,16.0,16.0,12.0,0.0,0.0,0.0,2.0,12.0,8.0,16.0,10.0,0.0,0.0,0.0,0.0,0.0,0.0,15.0,8.0,0.0,0.0,0.0,0.0,0.0,4.0,16.0,4.0,0.0,0.0,0.0,0.0,0.0,3.0,13.0,4.0,0.0,0.0,1
0.0,4.0,14.0,16.0,16.0,12.0,1.0,0.0,0.0,2.0,12.0,7.0,14.0,16.0,6.0,0.0,0.0,0.0,0.0,5.0,16.0,10.0,0.0,0.0,0.0,0.0,0.0,4.0,16.0,7.0,0.0,0.0,0.0,0.0,0.0,4.0,16.0,6.0,0.0,0.0,0.0,0.0,0.0,1.0,15.0,11.0,0.0,0.0,0.0,1.0,8.0,10.0,16.0,10.0,0.0,0.0,0.0,5.0,16.0,16.0,15.0,1.0,0.0,0.0,3
0.0,0.0,9.0,13.0,14.0,5.0,0.0,0.0,0.0,4.0,16.0,10.0,13.0,16.0,0.0,0.0,0.0,0.0,13.0,15.0,14.0,16.0,1.0,0.0,0.0,0.0,0.0,3.0,7.0,16.0,3.0,0.0,0.0,0.0,0.0,0.0,4.0,16.0,0.0,0.0,0.0,0.0,0.0,0.0,1.0,16.0,3.0,0.0,0.0,1.0,15.0,5.0,8.0,16.0,2.0,0.0,0.0,0.0,7.0,15.0,16.0,9.0,0.0,0.0,9
0.0,0.0,0.0,11.0,16.0,5.0,0.0,0.0,0.0,0.0,0.0,10.0,16.0,5.0,0.0,0.0,0.0,0.0,4.0,16.0,16.0,5.0,0.0,0.0,0.0,11.0,16.0,16.0,16.0,3.0,0.0,0.0,0.0,5.0,8.0,14.0,16.0,2.0,0.0,0.0,0.0,0.0,0.0,14.0,16.0,2.0,0.0,0.0,0.0,0.0,0.0,11.0,16.0,2.0,0.0,0.0,0.0,0.0,0.0,8.0,16.0,8.0,0.0,0.0,1
0.0,0.0,3.0,12.0,16.0,10.0,0.0,0.0,0.0,2.0,14.0,12.0,12.0,12.0,0.0,0.0,0.0,5.0,10.0,0.0,10.0,11.0,0.0,0.0,0.0,0.0,0.0,1.0,14.0,9.0,2.0,0.0,0.0,0.0,8.0,16.0,16.0,16.0,10.0,0.0,0.0,0.0,6.0,16.0,13.0,7.0,0.0,0.0,0.0,0.0,0.0,16.0,5.0,0.0,0.0,0.0,0.0,0.0,5.0,13.0,0.0,0.0,0.0,0.0,7
0.0,0.0,0.0,11.0,16.0,8.0,0.0,0.0,0.0,0.0,6.0,16.0,13.0,3.0,0.0,0.0,0.0,0.0,8.0,16.0,8.0,0.0,0.0,0.0,0.0,0.0,13.0,16.0,2.0,0.0,0.0,0.0,0.0,0.0,15.0,16.0,5.0,0.0,0.0,0.0,0.0,2.0,16.0,16.0,16.0,5.0,0.0,0.0,0.0,1.0,10.0,16.0,16.0,14.0,0.0,0.0,0.0,0.0,0.0,12.0,16.0,15.0,0.0,0.0,6
0.0,1.0,9.0,16.0,15.0,10.0,0.0,0.0,0.0,6.0,16.0,8.0,7.0,16.0,3.0,0.0,0.0,0.0,11.0,14.0,16.0,11.0,1.0,0.0,0.0,1.0,13.0,16.0,6.0,0.0,0.0,0.0,0.0,8.0,15.0,16.0,3.0,0.0,0.0,0.0,0.0,5.0,14.0,10.0,11.0,0.0,0.0,0.0,0.0,0.0,15.0,7.0,16.0,3.0,0.0,0.0,0.0,0.0,11.0,16.0,8.0,0.0,0.0,0.0,8
0.0,0.0,0.0,3.0,14.0,1.0,0.0,0.0,0.0,0.0,0.0,13.0,12.0,1.0,0.0,0.0,0.0,0.0,7.0,16.0,5.0,3.0,0.0,0.0,0.0,3.0,15.0,11.0,5.0,16.0,2.0,0.0,0.0,5.0,16.0,11.0,11.0,16.0,6.0,0.0,0.0,0.0,6.0,12.0,16.0,13.0,3.0,0.0,0.0,0.0,0.0,1.0,15.0,7.0,0.0,0.0,0.0,0.0,0.0,2.0,16.0,7.0,0.0,0.0,4
0.0,2.0,15.0,16.0,16.0,13.0,2.0,0.0,0.0,1.0,10.0,8.0,14.0,16.0,8.0,0.0,0.0,0.0,0.0,0.0,16.0,15.0,1.0,0.0,0.0,0.0,0.0,0.0,16.0,8.0,0.0,0.0,0.0,0.0,0.0,0.0,14.0,14.0,0.0,0.0,0.0,0.0,0.0,0.0,11.0,16.0,1.0,0.0,0.0,2.0,14.0,13.0,16.0,16.0,3.0,0.0,0.0,2.0,15.0,16.0,14.0,5.0,0.0,0.0,3
0.0,0.0,1.0,15.0,13.0,0.0,0.0,0.0,0.0,0.0,1.0,16.0,16.0,5.0,0.0,0.0,0.0,0.0,7.0,16.0,16.0,0.0,0.0,0.0,0.0,0.0,13.0,16.0,13.0,0.0,0.0,0.0,0.0,7.0,16.0,16.0,13.0,0.0,0.0,0.0,0.0,1.0,11.0,16.0,13.0,0.0,0.0,0.0,0.0,0.0,2.0,16.0,16.0,0.0,0.0,0.0,0.0,0.0,1.0,14.0,16.0,3.0,0.0,0.0,1
0.0,0.0,0.0,2.0,13.0,0.0,0.0,0.0,0.0,0.0,0.0,8.0,15.0,0.0,0.0,0.0,0.0,0.0,5.0,16.0,5.0,2.0,0.0,0.0,0.0,0.0,15.0,12.0,1.0,16.0,4.0,0.0,0.0,4.0,16.0,2.0,9.0,16.0,8.0,0.0,0.0,0.0,10.0,14.0,16.0,16.0,4.0,0.0,0.0,0.0,0.0,0.0,13.0,8.0,0.0,0.0,0.0,0.0,0.0,0.0,13.0,6.0,0.0,0.0,4
0.0,0.0,1.0,12.0,5.0,0.0,0.0,0.0,0.0,0.0,9.0,16.0,14.0,3.0,0.0,0.0,0.0,2.0,16.0,14.0,11.0,13.0,0.0,0.0,0.0,2.0,16.0,10.0,0.0,14.0,4.0,0.0,0.0,4.0,16.0,0.0,0.0,12.0,4.0,0.0,0.0,4.0,16.0,3.0,0.0,11.0,10.0,0.0,0.0,0.0,13.0,12.0,8.0,14.0,6.0,0.0,0.0,0.0,3.0,10.0,16.0,12.0,1.0,0.0,0
0.0,0.0,12.0,16.0,16.0,8.0,0.0,0.0,0.0,3.0,16.0,13.0,8.0,5.0,0.0,0.0,0.0,2.0,16.0,3.0,0.0,0.0,0.0,0.0,0.0,0.0,16.0,13.0,9.0,0.0,0.0,0.0,0.0,0.0,10.0,16.0,16.0,7.0,0.0,0.0,0.0,0.0,0.0,1.0,10.0,13.0,0.0,0.0,0.0,0.0,2.0,11.0,16.0,10.0,0.0,0.0,0.0,0.0,11.0,16.0,12.0,0.0,0.0,0.0,5
0.0,4.0,13.0,16.0,16.0,12.0,3.0,0.0,0.0,3.0,7.0,4.0,13.0,16.0,6.0,0.0,0.0,0.0,0.0,8.0,15.0,5.0,0.0,0.0,0.0,0.0,0.0,12.0,8.0,0.0,0.0,0.0,0.0,0.0,0.0,7.0,12.0,0.0,0.0,0.0,0.0,0.0,0.0,4.0,12.0,0.0,0.0,0.0,0.0,1.0,7.0,12.0,11.0,0.0,0.0,0.0,0.0,3.0,15.0,12.0,2.0,0.0,0.0,0.0,3
0.0,0.0,0.0,8.0,14.0,4.0,0.0,0.0,0.0,0.0,7.0,16.0,7.0,0.0,0.0,0.0,0.0,0.0,14.0,10.0,0.0,0.0,0.0,0.0,0.0,1.0,16.0,6.0,0.0,0.0,0.0,0.0,0.0,3.0,16.0,16.0,10.0,0.0,0.0,0.0,0.0,2.0,16.0,12.0,14.0,6.0,0.0,0.0,0.0,0.0,12.0,15.0,11.0,10.0,0.0,0.0,0.0,0.0,0.0,10.0,13.0,8.0,0.0,0.0,6
0.0,0.0,9.0,15.0,5.0,0.0,0.0,0.0,0.0,0.0,13.0,14.0,13.0,7.0,0.0,0.0,0.0,0.0,6.0,14.0,10.0,13.0,1.0,0.0,0.0,0.0,0.0,9.0,12.0,15.0,5.0,0.0,0.0,0.0,0.0,0.0,0.0,10.0,10.0,0.0,0.0,0.0,0.0,0.0,0.0,7.0,14.0,0.0,0.0,0.0,3.0,8.0,9.0,15.0,15.0,0.0,0.0,0.0,5.0,12.0,12.0,9.0,1.0,0.0,9
0.0,0.0,0.0,5.0,11.0,1.0,0.0,0.0,0.0,0.0,0.0,14.0,14.0,2.0,0.0,0.0,0.0,0.0,5.0,16.0,5.0,0.0,0.0,0.0,0.0,0.0,8.0,15.0,2.0,0.0,0.0,0.0,0.0,0.0,10.0,13.0,0.0,0.0,0.0,0.0,0.0,0.0,14.0,16.0,16.0,8.0,0.0,0.0,0.0,0.0,6.0,16.0,9.0,15.0,6.0,0.0,0.0,0.0,0.0,6.0,14.0,16.0,8.0,0.0,6
0.0,0.0,0.0,0.0,6.0,10.0,0.0,0.0,0.0,0.0,0.0,0.0,14.0,15.0,0.0,0.0,0.0,0.0,0.0,10.0,16.0,16.0,0.0,0.0,0.0,0.0,7.0,16.0,16.0,15.0,0.0,0.0,0.0,3.0,15.0,7.0,15.0,10.0,0.0,0.0,0.0,0.0,0.0,0.0,13.0,11.0,0.0,0.0,0.0,0.0,0.0,0.0,15.0,9.0,0.0,0.0,0.0,0.0,0.0,0.0,8.0,15.0,0.0,0.0,1
0.0,0.0,2.0,11.0,16.0,4.0,0.0,0.0,0.0,0.0,12.0,9.0,11.0,15.0,1.0,0.0,0.0,0.0,2.0,0.0,4.0,16.0,0.0,0.0,0.0,0.0,0.0,2.0,8.0,15.0,1.0,0.0,0.0,4.0,16.0,16.0,16.0,15.0,7.0,0.0,0.0,3.0,6.0,4.0,16.0,3.0,0.0,0.0,0.0,0.0,0.0,6.0,11.0,0.0,0.0,0.0,0.0,0.0,0.0,12.0,7.0,0.0,0.0,0.0,7
0.0,0.0,15.0,16.0,16.0,12.0,2.0,0.0,0.0,2.0,16.0,15.0,12.0,12.0,3.0,0.0,0.0,4.0,16.0,8.0,0.0,0.0,0.0,0.0,0.0,8.0,16.0,12.0,4.0,0.0,0.0,0.0,0.0,0.0,12.0,16.0,16.0,0.0,0.0,0.0,0.0,0.0,0.0,3.0,16.0,8.0,0.0,0.0,0.0,2.0,6.0,9.0,16.0,8.0,0.0,0.0,0.0,1.0,15.0,16.0,15.0,3.0,0.0,0.0,5
0.0,0.0,0.0,10.0,15.0,0.0,0.0,0.0,0.0,0.0,11.0,15.0,3.0,0.0,0.0,0.0,0.0,7.0,15.0,4.0,0.0,0.0,0.0,0.0,0.0,12.0,11.0,1.0,3.0,8.0,2.0,0.0,0.0,4.0,12.0,15.0,15.0,16.0,9.0,0.0,0.0,0.0,0.0,8.0,16.0,8.0,2.0,0.0,0.0,0.0,0.0,10.0,12.0,0.0,0.0,0.0,0.0,0.0,0.0,12.0,9.0,0.0,0.0,0.0,4
0.0,0.0,1.0,10.0,9.0,0.0,0.0,0.0,0.0,0.0,9.0,15.0,4.0,0.0,0.0,0.0,0.0,1.0,16.0,5.0,0.0,0.0,0.0,0.0,0.0,4.0,16.0,1.0,4.0,14.0,4.0,0.0,0.0,4.0,16.0,12.0,14.0,16.0,5.0,0.0,0.0,0.0,1.0,7.0,16.0,9.0,0.0,0.0,0.0,0.0,0.0,2.0,16.0,4.0,0.0,0.0,0.0,0.0,0.0,10.0,13.0,0.0,0.0,0.0,4
0.0,0.0,3.0,11.0,16.0,13.0,0.0,0.0,0.0,3.0,15.0,15.0,13.0,16.0,0.0,0.0,0.0,6.0,8.0,2.0,9.0,14.0,0.0,0.0,0.0,0.0,4.0,7.0,15.0,14.0,5.0,0.0,0.0,4.0,16.0,16.0,16.0,14.0,6.0,0.0,0.0,1.0,8.0,13.0,12.0,0.0,0.0,0.0,0.0,0.0,1.0,16.0,4.0,0.0,0.0,0.0,0.0,0.0,3.0,15.0,1.0,0.0,0.0,0.0,7
0.0,0.0,2.0,16.0,13.0,1.0,0.0,0.0,0.0,0.0,6.0,15.0,16.0,7.0,0.0,0.0,0.0,0.0,3.0,6.0,16.0,8.0,0.0,0.0,0.0,0.0,0.0,3.0,16.0,6.0,0.0,0.0,0.0,0.0,1.0,13.0,13.0,0.0,0.0,0.0,0.0,6.0,14.0,16.0,4.0,0.0,0.0,0.0,0.0,9.0,16.0,16.0,13.0,10.0,3.0,0.0,0.0,0.0,4.0,11.0,15.0,16.0,10.0,0.0,2
0.0,0.0,4.0,9.0,13.0,5.0,0.0,0.0,0.0,1.0,16.0,16.0,12.0,11.0,0.0,0.0,0.0,0.0,11.0,8.0,5.0,16.0,0.0,0.0,0.0,0.0,7.0,10.0,13.0,10.0,0.0,0.0,0.0,0.0,4.0,16.0,13.0,0.0,0.0,0.0,0.0,0.0,13.0,15.0,12.0,0.0,0.0,0.0,0.0,0.0,11.0,9.0,14.0,5.0,0.0,0.0,0.0,0.0,0.0,10.0,16.0,8.0,0.0,0.0,8
0.0,0.0,0.0,8.0,15.0,8.0,0.0,0.0,0.0,0.0,3.0,16.0,12.0,16.0,4.0,0.0,0.0,0.0,2.0,10.0,1.0,16.0,4.0,0.0,0.0,0.0,0.0,0.0,8.0,14.0,0.0,0.0,0.0,0.0,0.0,9.0,15.0,3.0,0.0,0.0,0.0,3.0,16.0,14.0,4.0,0.0,0.0,0.0,0.0,4.0,15.0,14.0,7.0,1.0,0.0,0.0,0.0,0.0,0.0,9.0,12.0,14.0,4.0,0.0,2
0.0,0.0,1.0,10.0,16.0,8.0,0.0,0.0,0.0,0.0,11.0,13.0,10.0,16.0,0.0,0.0,0.0,0.0,12.0,1.0,4.0,16.0,1.0,0.0,0.0,0.0,1.0,0.0,13.0,7.0,0.0,0.0,0.0,0.0,0.0,9.0,12.0,0.0,0.0,0.0,0.0,2.0,13.0,15.0,1.0,0.0,0.0,0.0,0.0,4.0,15.0,14.0,7.0,4.0,0.0,0.0,0.0,0.0,1.0,11.0,14.0,15.0,5.0,0.0,2
0.0,2.0,15.0,16.0,16.0,14.0,2.0,0.0,0.0,3.0,16.0,14.0,9.0,10.0,1.0,0.0,0.0,7.0,16.0,6.0,0.0,0.0,0.0,0.0,0.0,3.0,14.0,15.0,6.0,0.0,0.0,0.0,0.0,0.0,1.0,13.0,12.0,0.0,0.0,0.0,0.0,0.0,0.0,8.0,16.0,0.0,0.0,0.0,0.0,0.0,9.0,16.0,11.0,0.0,0.0,0.0,0.0,3.0,16.0,13.0,1.0,0.0,0.0,0.0,5
0.0,0.0,9.0,12.0,15.0,15.0,2.0,0.0,0.0,1.0,15.0,14.0,11.0,16.0,7.0,0.0,0.0,0.0,2.0,0.0,2.0,16.0,4.0,0.0,0.0,0.0,2.0,4.0,10.0,15.0,2.0,0.0,0.0,0.0,13.0,16.0,16.0,16.0,9.0,0.0,0.0,0.0,13.0,16.0,10.0,1.0,0.0,0.0,0.0,0.0,6.0,16.0,1.0,0.0,0.0,0.0,0.0,0.0,11.0,9.0,0.0,0.0,0.0,0.0,7
0.0,0.0,0.0,12.0,14.0,1.0,0.0,0.0,0.0,0.0,9.0,16.0,10.0,5.0,0.0,0.0,0.0,0.0,8.0,13.0,5.0,14.0,0.0,0.0,0.0,0.0,2.0,14.0,16.0,16.0,4.0,0.0,0.0,0.0,0.0,0.0,4.0,10.0,10.0,0.0,0.0,0.0,0.0,0.0,0.0,4.0,16.0,0.0,0.0,0.0,2.0,6.0,4.0,9.0,16.0,0.0,0.0,0.0,1.0,11.0,16.0,15.0,7.0,0.0,9
0.0,0.0,6.0,13.0,2.0,0.0,0.0,0.0,0.0,4.0,16.0,16.0,16.0,11.0,0.0,0.0,0.0,0.0,12.0,11.0,1.0,6.0,1.0,0.0,0.0,0.0,12.0,14.0,10.0,2.0,0.0,0.0,0.0,0.0,1.0,8.0,12.0,12.0,0.0,0.0,0.0,0.0,0.0,0.0,9.0,14.0,0.0,0.0,0.0,0.0,4.0,9.0,16.0,5.0,0.0,0.0,0.0,0.0,9.0,14.0,4.0,0.0,0.0,0.0,5
0.0,0.0,0.0,12.0,13.0,0.0,0.0,0.0,0.0,0.0,5.0,16.0,10.0,0.0,0.0,0.0,0.0,6.0,16.0,13.0,11.0,12.0,2.0,0.0,0.0,12.0,16.0,10.0,15.0,16.0,9.0,0.0,0.0,4.0,14.0,16.0,16.0,12.0,4.0,0.0,0.0,0.0,0.0,14.0,13.0,0.0,0.0,0.0,0.0,0.0,0.0,14.0,12.0,0.0,0.0,0.0,0.0,0.0,0.0,11.0,13.0,0.0,0.0,0.0,4
0.0,0.0,3.0,6.0,14.0,5.0,0.0,0.0,0.0,0.0,7.0,15.0,15.0,13.0,0.0,0.0,0.0,0.0,3.0,14.0,13.0,12.0,0.0,0.0,0.0,0.0,0.0,16.0,13.0,1.0,0.0,0.0,0.0,0.0,2.0,16.0,8.0,0.0,0.0,0.0,0.0,0.0,10.0,9.0,14.0,0.0,0.0,0.0,0.0,0.0,12.0,4.0,15.0,2.0,0.0,0.0,0.0,0.0,4.0,15.0,14.0,0.0,0.0,0.0,8
0.0,0.0,5.0,14.0,15.0,4.0,0.0,0.0,0.0,0.0,8.0,16.0,16.0,14.0,0.0,0.0,0.0,0.0,5.0,16.0,16.0,9.0,0.0,0.0,0.0,0.0,0.0,15.0,16.0,1.0,0.0,0.0,0.0,0.0,1.0,16.0,13.0,0.0,0.0,0.0,0.0,0.0,11.0,15.0,14.0,5.0,0.0,0.0,0.0,0.0,12.0,12.0,8.0,15.0,1.0,0.0,0.0,0.0,5.0,16.0,16.0,16.0,2.0,0.0,8
0.0,0.0,0.0,8.0,14.0,0.0,0.0,0.0,0.0,0.0,5.0,16.0,11.0,0.0,0.0,0.0,0.0,1.0,15.0,14.0,1.0,6.0,0.0,0.0,0.0,7.0,16.0,5.0,3.0,16.0,8.0,0.0,0.0,8.0,16.0,8.0,14.0,16.0,2.0,0.0,0.0,0.0,6.0,14.0,16.0,11.0,0.0,0.0,0.0,0.0,0.0,6.0,16.0,4.0,0.0,0.0,0.0,0.0,0.0,10.0,15.0,0.0,0.0,0.0,4
0.0,0.0,12.0,16.0,7.0,0.0,0.0,0.0,0.0,2.0,16.0,5.0,12.0,3.0,0.0,0.0,0.0,0.0,14.0,6.0,3.0,16.0,2.0,0.0,0.0,0.0,2.0,14.0,16.0,12.0,0.0,0.0,0.0,0.0,0.0,0.0,10.0,10.0,0.0,0.0,0.0,0.0,0.0,0.0,10.0,8.0,0.0,0.0,0.0,0.0,8.0,2.0,13.0,7.0,0.0,0.0,0.0,0.0,11.0,16.0,16.0,3.0,0.0,0.0,9
0.0,0.0,3.0,12.0,10.0,1.0,0.0,0.0,0.0,1.0,16.0,16.0,16.0,10.0,0.0,0.0,0.0,5.0,16.0,13.0,6.0,16.0,1.0,0.0,0.0,5.0,16.0,7.0,0.0,13.0,3.0,0.0,0.0,5.0,16.0,4.0,0.0,13.0,7.0,0.0,0.0,1.0,16.0,8.0,0.0,14.0,7.0,0.0,0.0,0.0,13.0,14.0,13.0,16.0,3.0,0.0,0.0,0.0,2.0,13.0,15.0,6.0,0.0,0.0,0
0.0,0.0,5.0,4.0,9.0,10.0,0.0,0.0,0.0,0.0,10.0,8.0,11.0,16.0,2.0,0.0,0.0,0.0,8.0,12.0,14.0,14.0,1.0,0.0,0.0,0.0,5.0,15.0,7.0,0.0,0.0,0.0,0.0,0.0,14.0,12.0,0.0,0.0,0.0,0.0,0.0,1.0,14.0,13.0,3.0,0.0,0.0,0.0,0.0,0.0,12.0,13.0,5.0,0.0,0.0,0.0,0.0,0.0,7.0,16.0,5.0,0.0,0.0,0.0,8
0.0,0.0,1.0,11.0,15.0,8.0,0.0,0.0,0.0,0.0,12.0,14.0,10.0,16.0,5.0,0.0,0.0,0.0,16.0,7.0,13.0,16.0,4.0,0.0,0.0,0.0,9.0,15.0,13.0,16.0,4.0,0.0,0.0,0.0,0.0,0.0,1.0,15.0,4.0,0.0,0.0,0.0,0.0,0.0,0.0,16.0,4.0,0.0,0.0,8.0,16.0,14.0,9.0,16.0,4.0,0.0,0.0,0.0,2.0,10.0,15.0,15.0,2.0,0.0,9
0.0,0.0,7.0,13.0,15.0,5.0,0.0,0.0,0.0,0.0,8.0,16.0,16.0,12.0,0.0,0.0,0.0,0.0,7.0,16.0,15.0,3.0,0.0,0.0,0.0,0.0,6.0,16.0,5.0,0.0,0.0,0.0,0.0,0.0,5.0,16.0,2.0,0.0,0.0,0.0,0.0,0.0,8.0,16.0,6.0,0.0,0.0,0.0,0.0,0.0,12.0,12.0,13.0,0.0,0.0,0.0,0.0,0.0,5.0,13.0,10.0,0.0,0.0,0.0,8
0.0,0.0,2.0,12.0,9.0,0.0,0.0,0.0,0.0,0.0,11.0,15.0,12.0,5.0,0.0,0.0,0.0,0.0,15.0,5.0,0.0,14.0,0.0,0.0,0.0,2.0,15.0,1.0,0.0,9.0,7.0,0.0,0.0,4.0,10.0,0.0,0.0,7.0,8.0,0.0,0.0,0.0,12.0,0.0,0.0,8.0,10.0,0.0,0.0,2.0,15.0,5.0,10.0,16.0,1.0,0.0,0.0,0.0,5.0,14.0,12.0,4.0,0.0,0.0,0
0.0,0.0,0.0,0.0,5.0,15.0,8.0,0.0,0.0,0.0,0.0,2.0,15.0,16.0,9.0,0.0,0.0,0.0,3.0,15.0,16.0,16.0,10.0,0.0,0.0,7.0,16.0,10.0,8.0,16.0,7.0,0.0,0.0,0.0,1.0,0.0,8.0,16.0,4.0,0.0,0.0,0.0,0.0,0.0,11.0,16.0,1.0,0.0,0.0,0.0,0.0,0.0,9.0,16.0,1.0,0.0,0.0,0.0,0.0,0.0,8.0,14.0,0.0,0.0,1
0.0,2.0,15.0,16.0,6.0,0.0,0.0,0.0,0.0,5.0,16.0,15.0,14.0,0.0,0.0,0.0,0.0,5.0,13.0,10.0,14.0,0.0,0.0,0.0,0.0,0.0,0.0,12.0,12.0,0.0,0.0,0.0,0.0,0.0,1.0,16.0,7.0,0.0,0.0,0.0,0.0,0.0,10.0,15.0,2.0,0.0,0.0,0.0,0.0,3.0,16.0,10.0,8.0,6.0,1.0,0.0,0.0,2.0,15.0,16.0,16.0,16.0,7.0,0.0,2
0.0,3.0,16.0,16.0,12.0,12.0,6.0,0.0,0.0,0.0,4.0,4.0,5.0,14.0,8.0,0.0,0.0,0.0,0.0,0.0,11.0,11.0,0.0,0.0,0.0,0.0,0.0,4.0,16.0,3.0,0.0,0.0,0.0,0.0,0.0,0.0,12.0,11.0,0.0,0.0,0.0,0.0,0.0,0.0,9.0,14.0,0.0,0.0,0.0,0.0,3.0,7.0,15.0,4.0,0.0,0.0,0.0,3.0,16.0,14.0,4.0,0.0,0.0,0.0,3
0.0,0.0,0.0,3.0,16.0,3.0,0.0,0.0,0.0,0.0,0.0,12.0,16.0,2.0,0.0,0.0,0.0,0.0,8.0,16.0,16.0,4.0,0.0,0.0,0.0,7.0,16.0,15.0,16.0,12.0,11.0,0.0,0.0,8.0,16.0,16.0,16.0,13.0,3.0,0.0,0.0,0.0,0.0,7.0,14.0,1.0,0.0,0.0,0.0,0.0,0.0,6.0,16.0,0.0,0.0,0.0,0.0,0.0,0.0,4.0,14.0,0.0,0.0,0.0,4
0.0,4.0,16.0,16.0,16.0,10.0,3.0,0.0,0.0,12.0,16.0,9.0,8.0,12.0,3.0,0.0,0.0,10.0,16.0,2.0,0.0,0.0,0.0,0.0,0.0,3.0,16.0,12.0,0.0,0.0,0.0,0.0,0.0,0.0,7.0,16.0,9.0,0.0,0.0,0.0,0.0,0.0,0.0,12.0,16.0,1.0,0.0,0.0,0.0,3.0,10.0,15.0,15.0,1.0,0.0,0.0,0.0,4.0,16.0,13.0,3.0,0.0,0.0,0.0,5
0.0,0.0,2.0,15.0,4.0,0.0,0.0,0.0,0.0,0.0,11.0,13.0,0.0,0.0,0.0,0.0,0.0,0.0,16.0,6.0,0.0,0.0,0.0,0.0,0.0,3.0,16.0,7.0,0.0,0.0,0.0,0.0,0.0,4.0,16.0,16.0,15.0,5.0,0.0,0.0,0.0,4.0,16.0,5.0,3.0,13.0,7.0,0.0,0.0,1.0,14.0,9.0,0.0,8.0,13.0,0.0,0.0,0.0,2.0,13.0,16.0,16.0,8.0,0.0,6
0.0,0.0,2.0,15.0,15.0,3.0,0.0,0.0,0.0,0.0,8.0,14.0,16.0,11.0,0.0,0.0,0.0,0.0,0.0,0.0,11.0,14.0,0.0,0.0,0.0,0.0,0.0,0.0,11.0,14.0,3.0,0.0,0.0,0.0,4.0,12.0,16.0,16.0,7.0,0.0,0.0,0.0,11.0,16.0,12.0,1.0,0.0,0.0,0.0,0.0,1.0,14.0,6.0,0.0,0.0,0.0,0.0,0.0,4.0,12.0,1.0,0.0,0.0,0.0,7
0.0,0.0,5.0,12.0,13.0,2.0,0.0,0.0,0.0,3.0,16.0,14.0,16.0,13.0,1.0,0.0,0.0,4.0,16.0,9.0,16.0,12.0,1.0,0.0,0.0,1.0,9.0,16.0,15.0,1.0,0.0,0.0,0.0,1.0,13.0,16.0,16.0,5.0,0.0,0.0,0.0,3.0,16.0,5.0,12.0,16.0,0.0,0.0,0.0,3.0,15.0,7.0,14.0,12.0,0.0,0.0,0.0,0.0,6.0,16.0,13.0,3.0,0.0,0.0,8
0.0,0.0,5.0,15.0,5.0,0.0,0.0,0.0,0.0,0.0,12.0,11.0,13.0,8.0,0.0,0.0,0.0,0.0,11.0,9.0,10.0,16.0,0.0,0.0,0.0,0.0,3.0,15.0,16.0,16.0,1.0,0.0,0.0,0.0,0.0,0.0,0.0,14.0,6.0,0.0,0.0,0.0,0.0,0.0,0.0,13.0,8.0,0.0,0.0,0.0,6.0,3.0,0.0,14.0,6.0,0.0,0.0,0.0,2.0,13.0,16.0,15.0,3.0,0.0,9
0.0,0.0,12.0,9.0,12.0,1.0,0.0,0.0,0.0,0.0,14.0,16.0,16.0,8.0,0.0,0.0,0.0,3.0,16.0,9.0,3.0,15.0,2.0,0.0,0.0,4.0,16.0,1.0,0.0,16.0,5.0,0.0,0.0,5.0,12.0,0.0,0.0,16.0,5.0,0.0,0.0,3.0,14.0,1.0,4.0,16.0,4.0,0.0,0.0,0.0,15.0,12.0,14.0,14.0,0.0,0.0,0.0,0.0,7.0,12.0,12.0,2.0,0.0,0.0,0
0.0,0.0,0.0,0.0,7.0,13.0,5.0,0.0,0.0,0.0,0.0,0.0,15.0,16.0,8.0,0.0,0.0,0.0,1.0,13.0,16.0,16.0,3.0,0.0,0.0,0.0,12.0,16.0,16.0,16.0,0.0,0.0,0.0,8.0,16.0,3.0,16.0,13.0,0.0,0.0,0.0,2.0,3.0,0.0,16.0,12.0,0.0,0.0,0.0,0.0,0.0,0.0,16.0,13.0,0.0,0.0,0.0,0.0,0.0,0.0,8.0,12.0,0.0,0.0,1
0.0,0.0,13.0,14.0,8.0,1.0,0.0,0.0,0.0,1.0,16.0,16.0,16.0,6.0,0.0,0.0,0.0,0.0,3.0,5.0,16.0,8.0,0.0,0.0,0.0,0.0,0.0,9.0,16.0,2.0,0.0,0.0,0.0,0.0,1.0,16.0,9.0,0.0,0.0,0.0,0.0,1.0,16.0,13.0,0.0,0.0,0.0,0.0,0.0,5.0,16.0,11.0,4.0,4.0,0.0,0.0,0.0,1.0,13.0,14.0,12.0,12.0,0.0,0.0,2
0.0,6.0,16.0,16.0,15.0,7.0,0.0,0.0,0.0,2.0,11.0,12.0,16.0,16.0,5.0,0.0,0.0,0.0,0.0,0.0,14.0,15.0,2.0,0.0,0.0,0.0,0.0,1.0,16.0,11.0,0.0,0.0,0.0,0.0,0.0,0.0,14.0,14.0,0.0,0.0,0.0,0.0,0.0,0.0,5.0,16.0,9.0,0.0,0.0,0.0,3.0,7.0,12.0,16.0,7.0,0.0,0.0,3.0,16.0,16.0,15.0,11.0,1.0,0.0,3
0.0,0.0,0.0,5.0,14.0,0.0,0.0,0.0,0.0,0.0,1.0,15.0,13.0,0.0,0.0,0.0,0.0,0.0,9.0,16.0,13.0,0.0,0.0,0.0,0.0,5.0,16.0,15.0,13.0,0.0,0.0,0.0,0.0,8.0,16.0,16.0,16.0,15.0,9.0,0.0,0.0,0.0,4.0,10.0,14.0,8.0,5.0,0.0,0.0,0.0,0.0,8.0,12.0,0.0,0.0,0.0,0.0,0.0,0.0,7.0,10.0,0.0,0.0,0.0,4
0.0,4.0,15.0,16.0,16.0,16.0,4.0,0.0,0.0,4.0,16.0,15.0,9.0,7.0,1.0,0.0,0.0,0.0,15.0,14.0,1.0,0.0,0.0,0.0,0.0,0.0,5.0,16.0,9.0,0.0,0.0,0.0,0.0,0.0,0.0,14.0,16.0,0.0,0.0,0.0,0.0,0.0,0.0,9.0,16.0,5.0,0.0,0.0,0.0,3.0,10.0,13.0,16.0,4.0,0.0,0.0,0.0,5.0,16.0,16.0,12.0,0.0,0.0,0.0,5
0.0,0.0,0.0,6.0,14.0,1.0,0.0,0.0,0.0,0.0,2.0,16.0,10.0,0.0,0.0,0.0,0.0,0.0,11.0,15.0,2.0,0.0,0.0,0.0,0.0,0.0,13.0,13.0,8.0,5.0,0.0,0.0,0.0,2.0,16.0,14.0,12.0,16.0,3.0,0.0,0.0,1.0,16.0,11.0,0.0,5.0,12.0,0.0,0.0,0.0,11.0,15.0,5.0,12.0,12.0,0.0,0.0,0.0,0.0,9.0,15.0,14.0,6.0,0.0,6
0.0,0.0,3.0,15.0,14.0,1.0,0.0,0.0,0.0,0.0,13.0,16.0,16.0,6.0,0.0,0.0,0.0,0.0,4.0,4.0,16.0,8.0,0.0,0.0,0.0,0.0,0.0,1.0,16.0,10.0,1.0,0.0,0.0,0.0,7.0,16.0,16.0,16.0,8.0,0.0,0.0,0.0,12.0,15.0,16.0,6.0,0.0,0.0,0.0,0.0,0.0,14.0,11.0,0.0,0.0,0.0,0.0,0.0,4.0,12.0,1.0,0.0,0.0,0.0,7
0.0,0.0,3.0,13.0,13.0,3.0,0.0,0.0,0.0,2.0,14.0,12.0,12.0,11.0,0.0,0.0,0.0,4.0,16.0,8.0,5.0,15.0,3.0,0.0,0.0,1.0,13.0,14.0,16.0,7.0,0.0,0.0,0.0,0.0,11.0,16.0,13.0,1.0,0.0,0.0,0.0,1.0,16.0,12.0,13.0,14.0,1.0,0.0,0.0,0.0,13.0,13.0,9.0,16.0,7.0,0.0,0.0,0.0,3.0,13.0,16.0,10.0,1.0,0.0,8
0.0,0.0,6.0,13.0,10.0,4.0,0.0,0.0,0.0,4.0,16.0,15.0,13.0,13.0,0.0,0.0,0.0,4.0,16.0,14.0,16.0,16.0,1.0,0.0,0.0,2.0,10.0,16.0,16.0,16.0,5.0,0.0,0.0,0.0,0.0,0.0,3.0,16.0,5.0,0.0,0.0,0.0,0.0,0.0,0.0,16.0,8.0,0.0,0.0,0.0,0.0,2.0,8.0,16.0,8.0,0.0,0.0,0.0,7.0,16.0,14.0,9.0,1.0,0.0,9
0.0,0.0,2.0,12.0,4.0,0.0,0.0,0.0,0.0,1.0,12.0,16.0,16.0,3.0,0.0,0.0,0.0,7.0,16.0,6.0,4.0,13.0,0.0,0.0,0.0,8.0,16.0,6.0,0.0,13.0,5.0,0.0,0.0,1.0,16.0,5.0,0.0,7.0,9.0,0.0,0.0,0.0,16.0,8.0,0.0,8.0,12.0,0.0,0.0,0.0,13.0,14.0,14.0,16.0,10.0,0.0,0.0,0.0,4.0,14.0,15.0,7.0,0.0,0.0,0
0.0,0.0,0.0,0.0,5.0,14.0,3.0,0.0,0.0,0.0,0.0,0.0,9.0,16.0,8.0,0.0,0.0,0.0,0.0,9.0,16.0,16.0,5.0,0.0,0.0,1.0,13.0,15.0,12.0,16.0,1.0,0.0,0.0,4.0,12.0,3.0,10.0,15.0,0.0,0.0,0.0,0.0,0.0,0.0,11.0,12.0,0.0,0.0,0.0,0.0,0.0,0.0,8.0,12.0,0.0,0.0,0.0,0.0,0.0,0.0,5.0,13.0,4.0,0.0,1
0.0,0.0,6.0,13.0,10.0,3.0,0.0,0.0,0.0,5.0,15.0,11.0,16.0,11.0,0.0,0.0,0.0,2.0,6.0,0.0,16.0,12.0,0.0,0.0,0.0,0.0,0.0,0.0,16.0,12.0,0.0,0.0,0.0,0.0,0.0,7.0,16.0,6.0,0.0,0.0,0.0,0.0,5.0,15.0,10.0,0.0,0.0,0.0,0.0,0.0,11.0,16.0,8.0,4.0,0.0,0.0,0.0,0.0,8.0,14.0,13.0,12.0,4.0,0.0,2
0.0,1.0,11.0,12.0,14.0,6.0,0.0,0.0,0.0,1.0,6.0,4.0,8.0,16.0,7.0,0.0,0.0,0.0,0.0,0.0,3.0,16.0,5.0,0.0,0.0,0.0,0.0,2.0,14.0,9.0,0.0,0.0,0.0,0.0,0.0,4.0,16.0,7.0,0.0,0.0,0.0,0.0,0.0,1.0,14.0,13.0,0.0,0.0,0.0,0.0,0.0,1.0,12.0,14.0,0.0,0.0,0.0,5.0,12.0,15.0,9.0,1.0,0.0,0.0,3
0.0,0.0,0.0,3.0,16.0,3.0,0.0,0.0,0.0,0.0,0.0,10.0,16.0,11.0,0.0,0.0,0.0,0.0,4.0,16.0,16.0,8.0,0.0,0.0,0.0,2.0,14.0,12.0,16.0,5.0,0.0,0.0,0.0,10.0,16.0,14.0,16.0,16.0,11.0,0.0,0.0,5.0,12.0,13.0,16.0,8.0,3.0,0.0,0.0,0.0,0.0,2.0,15.0,3.0,0.0,0.0,0.0,0.0,0.0,4.0,12.0,0.0,0.0,0.0,4
0.0,2.0,14.0,16.0,16.0,13.0,5.0,0.0,0.0,7.0,16.0,13.0,8.0,8.0,1.0,0.0,0.0,10.0,15.0,0.0,0.0,0.0,0.0,0.0,0.0,10.0,16.0,0.0,0.0,0.0,0.0,0.0,0.0,7.0,16.0,6.0,0.0,0.0,0.0,0.0,0.0,1.0,12.0,16.0,8.0,0.0,0.0,0.0,0.0,1.0,8.0,16.0,10.0,0.0,0.0,0.0,0.0,3.0,16.0,15.0,1.0,0.0,0.0,0.0,5
0.0,0.0,0.0,16.0,7.0,0.0,0.0,0.0,0.0,0.0,6.0,16.0,4.0,0.0,0.0,0.0,0.0,0.0,11.0,15.0,0.0,0.0,0.0,0.0,0.0,0.0,12.0,12.0,0.0,0.0,0.0,0.0,0.0,0.0,15.0,16.0,16.0,8.0,0.0,0.0,0.0,0.0,12.0,16.0,13.0,15.0,8.0,0.0,0.0,0.0,12.0,16.0,7.0,13.0,15.0,0.0,0.0,0.0,1.0,11.0,16.0,15.0,9.0,0.0,6
0.0,0.0,10.0,16.0,14.0,1.0,0.0,0.0,0.0,0.0,14.0,16.0,16.0,7.0,0.0,0.0,0.0,0.0,1.0,5.0,16.0,7.0,0.0,0.0,0.0,0.0,2.0,10.0,16.0,11.0,6.0,0.0,0.0,7.0,16.0,16.0,15.0,12.0,7.0,0.0,0.0,11.0,10.0,15.0,10.0,0.0,0.0,0.0,0.0,0.0,6.0,16.0,2.0,0.0,0.0,0.0,0.0,0.0,13.0,9.0,0.0,0.0,0.0,0.0,7
0.0,0.0,2.0,13.0,13.0,1.0,0.0,0.0,0.0,0.0,8.0,16.0,14.0,4.0,0.0,0.0,0.0,0.0,5.0,16.0,10.0,8.0,4.0,0.0,0.0,0.0,1.0,16.0,16.0,10.0,2.0,0.0,0.0,2.0,15.0,13.0,12.0,0.0,0.0,0.0,0.0,5.0,12.0,3.0,15.0,1.0,0.0,0.0,0.0,0.0,14.0,3.0,13.0,4.0,0.0,0.0,0.0,0.0,3.0,15.0,13.0,1.0,0.0,0.0,8
0.0,0.0,5.0,13.0,4.0,0.0,0.0,0.0,0.0,0.0,15.0,14.0,14.0,5.0,0.0,0.0,0.0,0.0,12.0,7.0,8.0,16.0,1.0,0.0,0.0,0.0,4.0,13.0,16.0,16.0,1.0,0.0,0.0,0.0,0.0,0.0,0.0,15.0,2.0,0.0,0.0,0.0,0.0,0.0,0.0,14.0,6.0,0.0,0.0,0.0,2.0,7.0,8.0,16.0,4.0,0.0,0.0,0.0,6.0,12.0,13.0,10.0,0.0,0.0,9
0.0,0.0,5.0,14.0,10.0,7.0,0.0,0.0,0.0,0.0,16.0,16.0,16.0,16.0,3.0,0.0,0.0,3.0,16.0,10.0,2.0,16.0,7.0,0.0,0.0,7.0,16.0,3.0,0.0,12.0,8.0,0.0,0.0,8.0,16.0,1.0,0.0,12.0,8.0,0.0,0.0,7.0,16.0,5.0,2.0,16.0,4.0,0.0,0.0,2.0,16.0,15.0,14.0,13.0,0.0,0.0,0.0,0.0,7.0,15.0,13.0,2.0,0.0,0.0,0
0.0,0.0,2.0,13.0,6.0,0.0,0.0,0.0,0.0,0.0,4.0,16.0,15.0,5.0,0.0,0.0,0.0,0.0,1.0,15.0,12.0,15.0,0.0,0.0,0.0,0.0,0.0,10.0,16.0,16.0,1.0,0.0,0.0,0.0,0.0,0.0,2.0,16.0,2.0,0.0,0.0,0.0,0.0,0.0,0.0,15.0,5.0,0.0,0.0,0.0,4.0,4.0,6.0,16.0,3.0,0.0,0.0,0.0,2.0,14.0,16.0,10.0,0.0,0.0,9
0.0,5.0,16.0,16.0,16.0,11.0,1.0,0.0,0.0,4.0,16.0,15.0,10.0,8.0,1.0,0.0,0.0,4.0,16.0,12.0,0.0,0.0,0.0,0.0,0.0,1.0,13.0,16.0,5.0,0.0,0.0,0.0,0.0,0.0,6.0,16.0,13.0,0.0,0.0,0.0,0.0,0.0,0.0,10.0,16.0,4.0,0.0,0.0,0.0,0.0,4.0,13.0,16.0,2.0,0.0,0.0,0.0,2.0,15.0,16.0,9.0,0.0,0.0,0.0,5
0.0,6.0,16.0,16.0,16.0,15.0,10.0,0.0,0.0,9.0,16.0,13.0,8.0,6.0,5.0,0.0,0.0,12.0,16.0,1.0,0.0,0.0,0.0,0.0,0.0,10.0,16.0,7.0,0.0,0.0,0.0,0.0,0.0,3.0,15.0,15.0,3.0,0.0,0.0,0.0,0.0,0.0,3.0,16.0,13.0,0.0,0.0,0.0,0.0,1.0,5.0,16.0,9.0,0.0,0.0,0.0,0.0,9.0,16.0,11.0,0.0,0.0,0.0,0.0,5
0.0,0.0,5.0,13.0,1.0,0.0,0.0,0.0,0.0,0.0,12.0,13.0,0.0,0.0,0.0,0.0,0.0,0.0,16.0,8.0,0.0,0.0,0.0,0.0,0.0,5.0,16.0,2.0,0.0,0.0,0.0,0.0,0.0,4.0,16.0,8.0,15.0,9.0,1.0,0.0,0.0,4.0,16.0,16.0,12.0,15.0,11.0,0.0,0.0,1.0,15.0,14.0,4.0,14.0,11.0,0.0,0.0,0.0,5.0,14.0,14.0,10.0,1.0,0.0,6
0.0,2.0,15.0,16.0,16.0,13.0,2.0,0.0,0.0,7.0,16.0,13.0,8.0,8.0,3.0,0.0,0.0,4.0,16.0,4.0,0.0,0.0,0.0,0.0,0.0,0.0,16.0,11.0,0.0,0.0,0.0,0.0,0.0,0.0,12.0,16.0,3.0,0.0,0.0,0.0,0.0,0.0,2.0,13.0,11.0,0.0,0.0,0.0,0.0,3.0,8.0,15.0,8.0,0.0,0.0,0.0,0.0,2.0,15.0,15.0,1.0,0.0,0.0,0.0,5
0.0,0.0,5.0,16.0,15.0,1.0,0.0,0.0,0.0,1.0,15.0,9.0,10.0,12.0,0.0,0.0,0.0,3.0,16.0,1.0,0.0,16.0,4.0,0.0,0.0,6.0,16.0,0.0,0.0,11.0,6.0,0.0,0.0,3.0,16.0,1.0,0.0,11.0,8.0,0.0,0.0,4.0,16.0,4.0,3.0,15.0,4.0,0.0,0.0,1.0,13.0,13.0,13.0,14.0,1.0,0.0,0.0,0.0,4.0,13.0,14.0,1.0,0.0,0.0,0
0.0,0.0,2.0,13.0,8.0,6.0,0.0,0.0,0.0,0.0,7.0,14.0,14.0,16.0,0.0,0.0,0.0,0.0,7.0,9.0,3.0,16.0,4.0,0.0,0.0,0.0,5.0,14.0,15.0,16.0,4.0,0.0,0.0,0.0,0.0,3.0,2.0,13.0,5.0,0.0,0.0,0.0,3.0,0.0,0.0,12.0,6.0,0.0,0.0,1.0,12.0,6.0,0.0,11.0,7.0,0.0,0.0,0.0,3.0,12.0,16.0,16.0,1.0,0.0,9
0.0,0.0,6.0,15.0,13.0,3.0,0.0,0.0,0.0,0.0,13.0,14.0,15.0,12.0,0.0,0.0,0.0,0.0,14.0,11.0,13.0,15.0,5.0,0.0,0.0,0.0,9.0,16.0,15.0,8.0,0.0,0.0,0.0,2.0,16.0,16.0,16.0,2.0,0.0,0.0,0.0,8.0,16.0,2.0,14.0,10.0,0.0,0.0,0.0,5.0,16.0,9.0,14.0,11.0,0.0,0.0,0.0,0.0,8.0,14.0,13.0,2.0,0.0,0.0,8
0.0,0.0,6.0,15.0,6.0,0.0,0.0,0.0,0.0,0.0,14.0,11.0,13.0,4.0,0.0,0.0,0.0,0.0,11.0,7.0,7.0,13.0,0.0,0.0,0.0,0.0,5.0,16.0,16.0,16.0,1.0,0.0,0.0,0.0,0.0,0.0,0.0,14.0,7.0,0.0,0.0,0.0,0.0,0.0,0.0,10.0,13.0,0.0,0.0,0.0,2.0,11.0,0.0,11.0,12.0,0.0,0.0,0.0,5.0,16.0,14.0,9.0,4.0,0.0,9
0.0,0.0,2.0,13.0,4.0,0.0,0.0,0.0,0.0,0.0,8.0,14.0,11.0,0.0,0.0,0.0,0.0,0.0,10.0,6.0,14.0,5.0,2.0,0.0,0.0,0.0,2.0,14.0,12.0,14.0,0.0,0.0,0.0,0.0,1.0,15.0,13.0,2.0,0.0,0.0,0.0,0.0,11.0,13.0,14.0,1.0,0.0,0.0,0.0,0.0,13.0,8.0,10.0,4.0,0.0,0.0,0.0,0.0,2.0,11.0,16.0,7.0,0.0,0.0,8
0.0,0.0,0.0,8.0,13.0,0.0,0.0,0.0,0.0,0.0,1.0,16.0,16.0,0.0,0.0,0.0,0.0,0.0,7.0,16.0,16.0,0.0,0.0,0.0,0.0,1.0,15.0,16.0,16.0,0.0,0.0,0.0,0.0,6.0,16.0,15.0,16.0,9.0,2.0,0.0,0.0,6.0,15.0,16.0,16.0,16.0,11.0,0.0,0.0,0.0,0.0,11.0,16.0,0.0,0.0,0.0,0.0,0.0,0.0,10.0,14.0,0.0,0.0,0.0,4
0.0,0.0,0.0,0.0,14.0,16.0,7.0,0.0,0.0,0.0,0.0,5.0,16.0,16.0,8.0,0.0,0.0,0.0,1.0,12.0,16.0,16.0,8.0,0.0,0.0,5.0,14.0,16.0,16.0,16.0,5.0,0.0,0.0,1.0,4.0,7.0,16.0,16.0,8.0,0.0,0.0,0.0,0.0,2.0,16.0,16.0,7.0,0.0,0.0,0.0,0.0,2.0,16.0,16.0,3.0,0.0,0.0,0.0,0.0,0.0,16.0,16.0,0.0,0.0,1
0.0,0.0,7.0,16.0,16.0,16.0,13.0,0.0,0.0,0.0,8.0,9.0,8.0,15.0,15.0,0.0,0.0,0.0,0.0,0.0,4.0,16.0,7.0,0.0,0.0,0.0,4.0,8.0,12.0,16.0,5.0,0.0,0.0,3.0,16.0,16.0,16.0,14.0,7.0,0.0,0.0,0.0,3.0,8.0,16.0,3.0,0.0,0.0,0.0,0.0,0.0,15.0,13.0,0.0,0.0,0.0,0.0,0.0,7.0,16.0,3.0,0.0,0.0,0.0,7
0.0,0.0,1.0,8.0,10.0,15.0,11.0,0.0,0.0,2.0,14.0,15.0,13.0,16.0,7.0,0.0,0.0,0.0,6.0,0.0,6.0,14.0,2.0,0.0,0.0,0.0,0.0,3.0,11.0,12.0,2.0,0.0,0.0,0.0,2.0,16.0,16.0,15.0,8.0,0.0,0.0,0.0,3.0,13.0,15.0,2.0,0.0,0.0,0.0,0.0,0.0,13.0,10.0,0.0,0.0,0.0,0.0,0.0,1.0,16.0,5.0,0.0,0.0,0.0,7
0.0,1.0,10.0,16.0,16.0,11.0,0.0,0.0,0.0,5.0,10.0,8.0,12.0,16.0,4.0,0.0,0.0,0.0,0.0,1.0,10.0,14.0,0.0,0.0,0.0,0.0,0.0,6.0,16.0,4.0,0.0,0.0,0.0,0.0,0.0,7.0,16.0,5.0,0.0,0.0,0.0,0.0,0.0,1.0,12.0,16.0,4.0,0.0,0.0,0.0,2.0,4.0,9.0,16.0,4.0,0.0,0.0,1.0,15.0,14.0,11.0,4.0,0.0,0.0,3
0.0,7.0,16.0,16.0,16.0,11.0,2.0,0.0,0.0,5.0,16.0,12.0,8.0,6.0,1.0,0.0,0.0,9.0,16.0,1.0,0.0,0.0,0.0,0.0,0.0,2.0,16.0,15.0,3.0,0.0,0.0,0.0,0.0,0.0,5.0,16.0,14.0,1.0,0.0,0.0,0.0,0.0,0.0,2.0,16.0,10.0,0.0,0.0,0.0,1.0,7.0,13.0,16.0,3.0,0.0,0.0,0.0,4.0,15.0,16.0,6.0,0.0,0.0,0.0,5
0.0,0.0,0.0,0.0,12.0,11.0,1.0,0.0,0.0,0.0,0.0,1.0,16.0,16.0,7.0,0.0,0.0,0.0,1.0,14.0,16.0,16.0,7.0,0.0,0.0,1.0,14.0,16.0,14.0,16.0,8.0,0.0,0.0,5.0,12.0,3.0,8.0,16.0,7.0,0.0,0.0,0.0,0.0,0.0,8.0,16.0,4.0,0.0,0.0,0.0,0.0,0.0,8.0,16.0,1.0,0.0,0.0,0.0,0.0,0.0,11.0,12.0,0.0,0.0,1
0.0,0.0,6.0,15.0,15.0,3.0,0.0,0.0,0.0,3.0,16.0,14.0,14.0,13.0,0.0,0.0,0.0,6.0,15.0,2.0,1.0,14.0,5.0,0.0,0.0,8.0,14.0,2.0,0.0,9.0,8.0,0.0,0.0,8.0,16.0,4.0,0.0,8.0,8.0,0.0,0.0,5.0,16.0,6.0,0.0,11.0,9.0,0.0,0.0,1.0,16.0,16.0,14.0,16.0,9.0,0.0,0.0,0.0,5.0,14.0,15.0,10.0,1.0,0.0,0
0.0,0.0,0.0,10.0,15.0,1.0,0.0,0.0,0.0,0.0,5.0,16.0,16.0,10.0,0.0,0.0,0.0,0.0,14.0,6.0,6.0,15.0,0.0,0.0,0.0,4.0,16.0,4.0,0.0,15.0,3.0,0.0,0.0,5.0,15.0,5.0,0.0,11.0,5.0,0.0,0.0,0.0,12.0,11.0,0.0,13.0,5.0,0.0,0.0,0.0,8.0,16.0,16.0,16.0,3.0,0.0,0.0,0.0,1.0,8.0,13.0,8.0,0.0,0.0,0
0.0,0.0,7.0,15.0,15.0,4.0,0.0,0.0,0.0,8.0,16.0,16.0,16.0,4.0,0.0,0.0,0.0,8.0,15.0,8.0,16.0,4.0,0.0,0.0,0.0,0.0,0.0,10.0,15.0,0.0,0.0,0.0,0.0,0.0,1.0,15.0,9.0,0.0,0.0,0.0,0.0,0.0,6.0,16.0,2.0,0.0,0.0,0.0,0.0,0.0,8.0,16.0,8.0,11.0,9.0,0.0,0.0,0.0,9.0,16.0,16.0,12.0,3.0,0.0,2
0.0,1.0,12.0,14.0,10.0,0.0,0.0,0.0,0.0,5.0,16.0,16.0,16.0,4.0,0.0,0.0,0.0,0.0,0.0,4.0,16.0,4.0,0.0,0.0,0.0,0.0,0.0,7.0,15.0,1.0,0.0,0.0,0.0,0.0,2.0,15.0,9.0,0.0,0.0,0.0,0.0,0.0,9.0,15.0,2.0,0.0,0.0,0.0,0.0,0.0,16.0,14.0,8.0,8.0,3.0,0.0,0.0,0.0,10.0,15.0,13.0,9.0,4.0,0.0,2
0.0,0.0,5.0,16.0,12.0,2.0,0.0,0.0,0.0,0.0,4.0,11.0,16.0,10.0,0.0,0.0,0.0,0.0,0.0,0.0,14.0,11.0,0.0,0.0,0.0,0.0,2.0,4.0,14.0,14.0,2.0,0.0,0.0,0.0,13.0,16.0,16.0,10.0,4.0,0.0,0.0,0.0,3.0,10.0,14.0,0.0,0.0,0.0,0.0,0.0,0.0,15.0,5.0,0.0,0.0,0.0,0.0,0.0,6.0,11.0,0.0,0.0,0.0,0.0,7
0.0,0.0,5.0,15.0,13.0,3.0,0.0,0.0,0.0,0.0,12.0,15.0,12.0,14.0,0.0,0.0,0.0,0.0,12.0,12.0,14.0,14.0,0.0,0.0,0.0,0.0,3.0,16.0,14.0,3.0,0.0,0.0,0.0,0.0,9.0,14.0,15.0,3.0,0.0,0.0,0.0,1.0,15.0,5.0,8.0,12.0,1.0,0.0,0.0,0.0,16.0,4.0,4.0,16.0,4.0,0.0,0.0,0.0,5.0,16.0,16.0,12.0,2.0,0.0,8
0.0,0.0,11.0,12.0,0.0,0.0,0.0,0.0,0.0,7.0,16.0,16.0,5.0,0.0,0.0,0.0,0.0,5.0,13.0,16.0,8.0,0.0,0.0,0.0,0.0,0.0,1.0,16.0,8.0,0.0,0.0,0.0,0.0,0.0,7.0,16.0,5.0,0.0,0.0,0.0,0.0,0.0,9.0,15.0,1.0,0.0,0.0,0.0,0.0,0.0,16.0,15.0,9.0,7.0,2.0,0.0,0.0,0.0,12.0,14.0,13.0,12.0,5.0,0.0,2
0.0,0.0,2.0,15.0,13.0,0.0,0.0,0.0,0.0,0.0,13.0,16.0,16.0,9.0,0.0,0.0,0.0,5.0,16.0,9.0,6.0,16.0,4.0,0.0,0.0,5.0,16.0,3.0,1.0,14.0,7.0,0.0,0.0,6.0,16.0,4.0,0.0,16.0,8.0,0.0,0.0,3.0,16.0,12.0,6.0,16.0,12.0,0.0,0.0,0.0,14.0,16.0,16.0,16.0,4.0,0.0,0.0,0.0,2.0,13.0,15.0,8.0,0.0,0.0,0
0.0,0.0,0.0,1.0,11.0,14.0,5.0,0.0,0.0,0.0,0.0,9.0,16.0,16.0,5.0,0.0,0.0,0.0,10.0,16.0,16.0,16.0,1.0,0.0,0.0,5.0,16.0,16.0,16.0,16.0,0.0,0.0,0.0,1.0,5.0,11.0,16.0,16.0,0.0,0.0,0.0,0.0,0.0,5.0,16.0,16.0,0.0,0.0,0.0,0.0,0.0,0.0,11.0,16.0,0.0,0.0,0.0,0.0,0.0,0.0,11.0,10.0,0.0,0.0,1
0.0,0.0,9.0,16.0,5.0,0.0,0.0,0.0,0.0,6.0,16.0,16.0,15.0,0.0,0.0,0.0,0.0,7.0,16.0,14.0,16.0,2.0,0.0,0.0,0.0,3.0,6.0,12.0,16.0,0.0,0.0,0.0,0.0,0.0,0.0,15.0,12.0,0.0,0.0,0.0,0.0,0.0,7.0,16.0,6.0,1.0,3.0,0.0,0.0,0.0,9.0,16.0,13.0,15.0,8.0,0.0,0.0,0.0,7.0,16.0,16.0,8.0,1.0,0.0,2
0.0,0.0,4.0,14.0,6.0,0.0,0.0,0.0,0.0,0.0,10.0,15.0,2.0,0.0,0.0,0.0,0.0,0.0,16.0,11.0,0.0,0.0,0.0,0.0,0.0,0.0,13.0,11.0,0.0,0.0,0.0,0.0,0.0,3.0,16.0,12.0,8.0,3.0,0.0,0.0,0.0,2.0,16.0,14.0,8.0,12.0,9.0,0.0,0.0,0.0,16.0,13.0,4.0,12.0,12.0,0.0,0.0,0.0,6.0,15.0,16.0,12.0,1.0,0.0,6
0.0,4.0,12.0,13.0,13.0,6.0,0.0,0.0,0.0,6.0,14.0,8.0,13.0,16.0,0.0,0.0,0.0,0.0,0.0,0.0,11.0,16.0,2.0,0.0,0.0,0.0,0.0,0.0,16.0,15.0,0.0,0.0,0.0,0.0,0.0,0.0,12.0,16.0,3.0,0.0,0.0,0.0,0.0,0.0,4.0,16.0,9.0,0.0,0.0,0.0,1.0,4.0,12.0,16.0,8.0,0.0,0.0,2.0,13.0,16.0,12.0,6.0,0.0,0.0,3
0.0,2.0,15.0,15.0,6.0,0.0,0.0,0.0,0.0,0.0,10.0,13.0,16.0,5.0,0.0,0.0,0.0,0.0,0.0,2.0,16.0,9.0,0.0,0.0,0.0,0.0,0.0,3.0,16.0,11.0,0.0,0.0,0.0,0.0,0.0,0.0,13.0,14.0,1.0,0.0,0.0,0.0,0.0,0.0,7.0,16.0,5.0,0.0,0.0,1.0,4.0,6.0,13.0,15.0,1.0,0.0,0.0,3.0,15.0,14.0,11.0,2.0,0.0,0.0,3
0.0,0.0,15.0,15.0,2.0,0.0,0.0,0.0,0.0,0.0,8.0,15.0,11.0,0.0,0.0,0.0,0.0,0.0,0.0,12.0,14.0,0.0,0.0,0.0,0.0,0.0,7.0,12.0,16.0,13.0,9.0,0.0,0.0,7.0,16.0,16.0,16.0,10.0,5.0,0.0,0.0,1.0,5.0,16.0,14.0,0.0,0.0,0.0,0.0,0.0,9.0,15.0,3.0,0.0,0.0,0.0,0.0,2.0,16.0,4.0,0.0,0.0,0.0,0.0,7
0.0,1.0,10.0,15.0,16.0,13.0,3.0,0.0,0.0,5.0,14.0,5.0,5.0,15.0,8.0,0.0,0.0,0.0,0.0,0.0,2.0,15.0,6.0,0.0,0.0,0.0,0.0,0.0,9.0,16.0,0.0,0.0,0.0,0.0,0.0,0.0,9.0,16.0,0.0,0.0,0.0,0.0,0.0,0.0,4.0,16.0,6.0,0.0,0.0,0.0,2.0,3.0,13.0,12.0,0.0,0.0,0.0,0.0,15.0,13.0,7.0,0.0,0.0,0.0,3
0.0,2.0,14.0,16.0,14.0,4.0,0.0,0.0,0.0,4.0,11.0,5.0,13.0,12.0,0.0,0.0,0.0,0.0,0.0,2.0,15.0,7.0,0.0,0.0,0.0,0.0,0.0,4.0,16.0,4.0,0.0,0.0,0.0,0.0,0.0,1.0,13.0,13.0,1.0,0.0,0.0,0.0,0.0,0.0,2.0,16.0,4.0,0.0,0.0,0.0,1.0,3.0,11.0,15.0,2.0,0.0,0.0,1.0,12.0,16.0,9.0,2.0,0.0,0.0,3
0.0,0.0,0.0,0.0,11.0,5.0,0.0,0.0,0.0,0.0,0.0,8.0,16.0,2.0,0.0,0.0,0.0,0.0,4.0,15.0,16.0,3.0,0.0,0.0,0.0,0.0,12.0,6.0,16.0,3.0,0.0,0.0,0.0,5.0,15.0,0.0,15.0,5.0,3.0,0.0,0.0,6.0,16.0,16.0,16.0,11.0,4.0,0.0,0.0,0.0,0.0,0.0,14.0,0.0,0.0,0.0,0.0,0.0,0.0,0.0,12.0,2.0,0.0,0.0,4
0.0,0.0,0.0,6.0,14.0,3.0,0.0,0.0,0.0,0.0,2.0,16.0,11.0,0.0,0.0,0.0,0.0,0.0,11.0,15.0,2.0,0.0,0.0,0.0,0.0,1.0,15.0,13.0,2.0,0.0,0.0,0.0,0.0,3.0,16.0,16.0,16.0,7.0,0.0,0.0,0.0,4.0,16.0,14.0,8.0,13.0,7.0,0.0,0.0,0.0,12.0,16.0,5.0,12.0,10.0,0.0,0.0,0.0,0.0,8.0,14.0,13.0,5.0,0.0,6
0.0,0.0,1.0,14.0,6.0,0.0,0.0,0.0,0.0,0.0,7.0,16.0,1.0,0.0,0.0,0.0,0.0,0.0,13.0,10.0,0.0,0.0,0.0,0.0,0.0,0.0,14.0,7.0,0.0,0.0,0.0,0.0,0.0,3.0,16.0,10.0,8.0,3.0,0.0,0.0,0.0,0.0,16.0,13.0,12.0,14.0,7.0,0.0,0.0,0.0,14.0,9.0,4.0,11.0,13.0,0.0,0.0,0.0,2.0,12.0,16.0,12.0,4.0,0.0,6
0.0,0.0,2.0,14.0,11.0,0.0,0.0,0.0,0.0,0.0,10.0,16.0,1.0,0.0,0.0,0.0,0.0,1.0,16.0,9.0,0.0,0.0,0.0,0.0,0.0,4.0,16.0,5.0,0.0,0.0,0.0,0.0,0.0,5.0,16.0,12.0,12.0,11.0,1.0,0.0,0.0,4.0,16.0,14.0,10.0,14.0,11.0,0.0,0.0,2.0,15.0,10.0,6.0,16.0,10.0,0.0,0.0,0.0,3.0,15.0,16.0,10.0,1.0,0.0,6
0.0,0.0,0.0,2.0,15.0,4.0,0.0,0.0,0.0,0.0,0.0,8.0,15.0,1.0,0.0,0.0,0.0,0.0,1.0,14.0,12.0,0.0,0.0,0.0,0.0,0.0,6.0,16.0,12.0,0.0,0.0,0.0,0.0,0.0,13.0,16.0,15.0,4.0,2.0,0.0,0.0,9.0,16.0,16.0,16.0,16.0,11.0,0.0,0.0,3.0,8.0,8.0,16.0,3.0,0.0,0.0,0.0,0.0,0.0,3.0,15.0,0.0,0.0,0.0,4
0.0,0.0,6.0,15.0,5.0,0.0,0.0,0.0,0.0,1.0,15.0,15.0,15.0,3.0,0.0,0.0,0.0,2.0,16.0,6.0,11.0,14.0,0.0,0.0,0.0,0.0,15.0,14.0,15.0,16.0,1.0,0.0,0.0,0.0,3.0,8.0,10.0,16.0,5.0,0.0,0.0,0.0,0.0,0.0,3.0,16.0,8.0,0.0,0.0,0.0,0.0,4.0,10.0,16.0,8.0,0.0,0.0,0.0,7.0,12.0,13.0,12.0,1.0,0.0,9
0.0,0.0,0.0,0.0,11.0,12.0,0.0,0.0,0.0,0.0,0.0,3.0,15.0,14.0,0.0,0.0,0.0,0.0,0.0,11.0,16.0,11.0,0.0,0.0,0.0,0.0,9.0,16.0,16.0,10.0,0.0,0.0,0.0,4.0,16.0,12.0,16.0,12.0,0.0,0.0,0.0,3.0,10.0,3.0,16.0,11.0,0.0,0.0,0.0,0.0,0.0,0.0,16.0,14.0,0.0,0.0,0.0,0.0,0.0,0.0,11.0,11.0,0.0,0.0,1
0.0,2.0,16.0,16.0,16.0,14.0,5.0,0.0,0.0,9.0,16.0,11.0,6.0,8.0,3.0,0.0,0.0,9.0,16.0,2.0,0.0,0.0,0.0,0.0,0.0,3.0,16.0,13.0,1.0,0.0,0.0,0.0,0.0,0.0,8.0,16.0,12.0,0.0,0.0,0.0,0.0,0.0,0.0,12.0,16.0,4.0,0.0,0.0,0.0,0.0,1.0,11.0,16.0,6.0,0.0,0.0,0.0,4.0,16.0,16.0,8.0,0.0,0.0,0.0,5
0.0,0.0,4.0,15.0,11.0,1.0,0.0,0.0,0.0,2.0,14.0,14.0,16.0,8.0,0.0,0.0,0.0,8.0,15.0,2.0,3.0,13.0,0.0,0.0,0.0,4.0,16.0,0.0,0.0,12.0,7.0,0.0,0.0,7.0,16.0,0.0,0.0,12.0,8.0,0.0,0.0,3.0,16.0,6.0,1.0,14.0,9.0,0.0,0.0,0.0,15.0,16.0,16.0,16.0,2.0,0.0,0.0,0.0,4.0,13.0,14.0,6.0,0.0,0.0,0
0.0,0.0,10.0,15.0,7.0,0.0,0.0,0.0,0.0,4.0,16.0,13.0,11.0,11.0,0.0,0.0,0.0,10.0,16.0,12.0,15.0,16.0,4.0,0.0,0.0,3.0,12.0,12.0,14.0,16.0,4.0,0.0,0.0,0.0,0.0,0.0,10.0,16.0,4.0,0.0,0.0,0.0,0.0,0.0,9.0,16.0,4.0,0.0,0.0,0.0,4.0,4.0,15.0,15.0,0.0,0.0,0.0,1.0,12.0,15.0,12.0,3.0,0.0,0.0,9
0.0,4.0,16.0,16.0,16.0,16.0,5.0,0.0,0.0,11.0,16.0,8.0,5.0,8.0,3.0,0.0,0.0,10.0,16.0,2.0,0.0,0.0,0.0,0.0,0.0,3.0,16.0,6.0,0.0,0.0,0.0,0.0,0.0,0.0,16.0,9.0,0.0,0.0,0.0,0.0,0.0,0.0,12.0,16.0,2.0,0.0,0.0,0.0,0.0,0.0,6.0,16.0,11.0,0.0,0.0,0.0,0.0,4.0,16.0,12.0,1.0,0.0,0.0,0.0,5
0.0,0.0,3.0,13.0,12.0,2.0,0.0,0.0,0.0,0.0,14.0,13.0,15.0,11.0,0.0,0.0,0.0,0.0,7.0,0.0,8.0,15.0,0.0,0.0,0.0,0.0,0.0,0.0,13.0,6.0,0.0,0.0,0.0,0.0,0.0,3.0,16.0,4.0,0.0,0.0,0.0,0.0,0.0,13.0,11.0,0.0,0.0,0.0,0.0,0.0,3.0,16.0,12.0,8.0,1.0,0.0,0.0,0.0,3.0,16.0,11.0,8.0,0.0,0.0,2
0.0,0.0,10.0,13.0,0.0,0.0,0.0,0.0,0.0,0.0,14.0,15.0,11.0,0.0,0.0,0.0,0.0,0.0,12.0,9.0,16.0,8.0,2.0,0.0,0.0,0.0,5.0,14.0,16.0,11.0,1.0,0.0,0.0,0.0,3.0,16.0,10.0,0.0,0.0,0.0,0.0,0.0,12.0,11.0,16.0,0.0,0.0,0.0,0.0,1.0,16.0,7.0,16.0,5.0,0.0,0.0,0.0,0.0,11.0,16.0,13.0,1.0,0.0,0.0,8
0.0,0.0,5.0,14.0,11.0,0.0,0.0,0.0,0.0,0.0,15.0,16.0,15.0,0.0,0.0,0.0,0.0,0.0,10.0,8.0,16.0,1.0,0.0,0.0,0.0,0.0,0.0,6.0,14.0,0.0,0.0,0.0,0.0,0.0,0.0,12.0,9.0,0.0,0.0,0.0,0.0,0.0,1.0,16.0,3.0,0.0,0.0,0.0,0.0,0.0,8.0,16.0,12.0,11.0,0.0,0.0,0.0,0.0,7.0,16.0,12.0,7.0,0.0,0.0,2
0.0,0.0,2.0,12.0,12.0,2.0,0.0,0.0,0.0,0.0,10.0,16.0,16.0,9.0,0.0,0.0,0.0,3.0,16.0,16.0,8.0,15.0,3.0,0.0,0.0,6.0,16.0,6.0,0.0,13.0,8.0,0.0,0.0,8.0,16.0,4.0,0.0,15.0,8.0,0.0,0.0,5.0,16.0,8.0,12.0,16.0,6.0,0.0,0.0,0.0,15.0,16.0,16.0,15.0,2.0,0.0,0.0,0.0,3.0,13.0,12.0,3.0,0.0,0.0,0
0.0,0.0,0.0,14.0,7.0,0.0,0.0,0.0,0.0,1.0,9.0,16.0,16.0,3.0,0.0,0.0,0.0,4.0,16.0,8.0,11.0,11.0,0.0,0.0,0.0,3.0,16.0,7.0,4.0,16.0,4.0,0.0,0.0,8.0,16.0,4.0,0.0,16.0,8.0,0.0,0.0,5.0,16.0,10.0,0.0,13.0,11.0,0.0,0.0,0.0,13.0,16.0,16.0,16.0,9.0,0.0,0.0,0.0,2.0,10.0,13.0,6.0,0.0,0.0,0
0.0,0.0,0.0,0.0,7.0,14.0,7.0,0.0,0.0,0.0,0.0,3.0,16.0,16.0,9.0,0.0,0.0,0.0,6.0,15.0,16.0,16.0,6.0,0.0,0.0,5.0,16.0,16.0,16.0,16.0,2.0,0.0,0.0,4.0,8.0,8.0,16.0,16.0,0.0,0.0,0.0,0.0,0.0,3.0,16.0,16.0,3.0,0.0,0.0,0.0,0.0,1.0,13.0,16.0,0.0,0.0,0.0,0.0,0.0,0.0,8.0,15.0,0.0,0.0,1
0.0,0.0,8.0,16.0,13.0,0.0,0.0,0.0,0.0,0.0,7.0,14.0,16.0,4.0,0.0,0.0,0.0,0.0,1.0,12.0,16.0,13.0,12.0,1.0,0.0,0.0,11.0,16.0,16.0,14.0,9.0,0.0,0.0,0.0,10.0,16.0,14.0,1.0,0.0,0.0,0.0,0.0,0.0,14.0,9.0,0.0,0.0,0.0,0.0,0.0,3.0,16.0,1.0,0.0,0.0,0.0,0.0,0.0,12.0,9.0,0.0,0.0,0.0,0.0,7
0.0,0.0,3.0,14.0,3.0,0.0,0.0,0.0,0.0,0.0,13.0,13.0,0.0,0.0,0.0,0.0,0.0,0.0,16.0,7.0,0.0,0.0,0.0,0.0,0.0,5.0,16.0,3.0,0.0,0.0,0.0,0.0,0.0,3.0,16.0,7.0,4.0,2.0,0.0,0.0,0.0,4.0,16.0,16.0,16.0,16.0,7.0,0.0,0.0,1.0,14.0,15.0,4.0,11.0,15.0,0.0,0.0,0.0,5.0,14.0,16.0,12.0,6.0,0.0,6
0.0,2.0,14.0,16.0,12.0,6.0,0.0,0.0,0.0,1.0,10.0,8.0,14.0,16.0,1.0,0.0,0.0,0.0,0.0,0.0,10.0,15.0,2.0,0.0,0.0,0.0,0.0,2.0,16.0,12.0,0.0,0.0,0.0,0.0,0.0,3.0,16.0,12.0,0.0,0.0,0.0,0.0,0.0,0.0,11.0,16.0,2.0,0.0,0.0,0.0,7.0,10.0,15.0,15.0,2.0,0.0,0.0,3.0,13.0,11.0,7.0,2.0,0.0,0.0,3
0.0,0.0,10.0,16.0,9.0,0.0,0.0,0.0,0.0,4.0,16.0,16.0,16.0,0.0,0.0,0.0,0.0,2.0,12.0,9.0,15.0,0.0,0.0,0.0,0.0,0.0,0.0,11.0,11.0,0.0,0.0,0.0,0.0,0.0,1.0,16.0,7.0,0.0,0.0,0.0,0.0,0.0,9.0,16.0,2.0,0.0,0.0,0.0,0.0,0.0,15.0,16.0,8.0,5.0,0.0,0.0,0.0,0.0,11.0,16.0,16.0,16.0,2.0,0.0,2
0.0,0.0,0.0,0.0,7.0,15.0,1.0,0.0,0.0,0.0,0.0,0.0,11.0,16.0,0.0,0.0,0.0,0.0,0.0,0.0,16.0,14.0,0.0,0.0,0.0,0.0,0.0,10.0,16.0,15.0,0.0,0.0,0.0,0.0,12.0,16.0,16.0,11.0,0.0,0.0,0.0,5.0,16.0,6.0,15.0,12.0,0.0,0.0,0.0,0.0,1.0,0.0,12.0,16.0,0.0,0.0,0.0,0.0,0.0,0.0,4.0,15.0,4.0,0.0,1
0.0,0.0,9.0,16.0,3.0,0.0,0.0,0.0,0.0,0.0,11.0,16.0,14.0,1.0,0.0,0.0,0.0,0.0,0.0,11.0,16.0,4.0,0.0,0.0,0.0,0.0,0.0,8.0,16.0,10.0,1.0,0.0,0.0,1.0,12.0,16.0,16.0,16.0,9.0,0.0,0.0,1.0,11.0,16.0,11.0,4.0,0.0,0.0,0.0,0.0,6.0,16.0,4.0,0.0,0.0,0.0,0.0,0.0,11.0,11.0,0.0,0.0,0.0,0.0,7
0.0,0.0,15.0,16.0,11.0,3.0,0.0,0.0,0.0,0.0,4.0,10.0,15.0,15.0,3.0,0.0,0.0,0.0,0.0,0.0,14.0,16.0,5.0,0.0,0.0,0.0,0.0,5.0,16.0,12.0,0.0,0.0,0.0,0.0,0.0,3.0,16.0,11.0,1.0,0.0,0.0,0.0,0.0,2.0,13.0,16.0,9.0,0.0,0.0,0.0,6.0,15.0,16.0,12.0,3.0,0.0,0.0,0.0,15.0,14.0,7.0,1.0,0.0,0.0,3
0.0,0.0,0.0,0.0,3.0,15.0,6.0,0.0,0.0,0.0,0.0,0.0,11.0,16.0,7.0,0.0,0.0,0.0,0.0,9.0,16.0,16.0,4.0,0.0,0.0,0.0,10.0,16.0,16.0,16.0,4.0,0.0,0.0,4.0,16.0,7.0,8.0,16.0,4.0,0.0,0.0,1.0,4.0,0.0,10.0,16.0,2.0,0.0,0.0,0.0,0.0,0.0,7.0,16.0,1.0,0.0,0.0,0.0,0.0,0.0,3.0,16.0,1.0,0.0,1
0.0,1.0,12.0,12.0,13.0,8.0,1.0,0.0,0.0,0.0,8.0,9.0,15.0,16.0,2.0,0.0,0.0,0.0,0.0,3.0,16.0,10.0,0.0,0.0,0.0,0.0,0.0,7.0,16.0,6.0,0.0,0.0,0.0,0.0,0.0,5.0,16.0,10.0,0.0,0.0,0.0,0.0,0.0,0.0,7.0,16.0,7.0,0.0,0.0,0.0,3.0,8.0,15.0,13.0,2.0,0.0,0.0,2.0,14.0,16.0,10.0,1.0,0.0,0.0,3
0.0,0.0,11.0,16.0,8.0,0.0,0.0,0.0,0.0,6.0,16.0,11.0,13.0,9.0,0.0,0.0,0.0,7.0,16.0,0.0,9.0,16.0,0.0,0.0,0.0,2.0,15.0,12.0,16.0,16.0,3.0,0.0,0.0,0.0,5.0,7.0,7.0,16.0,4.0,0.0,0.0,0.0,0.0,0.0,5.0,16.0,5.0,0.0,0.0,0.0,3.0,7.0,16.0,11.0,0.0,0.0,0.0,0.0,13.0,16.0,11.0,1.0,0.0,0.0,9
0.0,0.0,0.0,4.0,14.0,14.0,5.0,0.0,0.0,0.0,0.0,9.0,16.0,16.0,7.0,0.0,0.0,0.0,5.0,15.0,16.0,15.0,3.0,0.0,0.0,4.0,15.0,16.0,16.0,12.0,0.0,0.0,0.0,5.0,16.0,16.0,16.0,12.0,0.0,0.0,0.0,0.0,0.0,12.0,16.0,13.0,1.0,0.0,0.0,0.0,0.0,8.0,16.0,16.0,7.0,0.0,0.0,0.0,0.0,4.0,14.0,15.0,6.0,0.0,1
0.0,0.0,4.0,15.0,16.0,16.0,5.0,0.0,0.0,0.0,6.0,9.0,11.0,16.0,11.0,0.0,0.0,0.0,0.0,0.0,3.0,16.0,5.0,0.0,0.0,0.0,0.0,3.0,14.0,16.0,10.0,0.0,0.0,0.0,7.0,16.0,16.0,11.0,3.0,0.0,0.0,0.0,8.0,15.0,13.0,0.0,0.0,0.0,0.0,0.0,5.0,16.0,7.0,0.0,0.0,0.0,0.0,0.0,7.0,14.0,2.0,0.0,0.0,0.0,7
0.0,0.0,0.0,8.0,12.0,1.0,0.0,0.0,0.0,0.0,1.0,15.0,12.0,1.0,0.0,0.0,0.0,0.0,6.0,16.0,3.0,0.0,0.0,0.0,0.0,0.0,7.0,16.0,1.0,0.0,0.0,0.0,0.0,1.0,16.0,16.0,14.0,5.0,0.0,0.0,0.0,1.0,12.0,16.0,6.0,14.0,9.0,0.0,0.0,0.0,2.0,16.0,6.0,10.0,15.0,0.0,0.0,0.0,0.0,6.0,16.0,16.0,11.0,0.0,6
0.0,0.0,0.0,10.0,12.0,3.0,0.0,0.0,0.0,0.0,8.0,16.0,15.0,14.0,0.0,0.0,0.0,0.0,5.0,16.0,10.0,16.0,1.0,0.0,0.0,0.0,5.0,16.0,16.0,10.0,1.0,0.0,0.0,1.0,16.0,12.0,16.0,8.0,0.0,0.0,0.0,1.0,16.0,3.0,4.0,16.0,4.0,0.0,0.0,0.0,12.0,11.0,4.0,16.0,9.0,0.0,0.0,0.0,2.0,10.0,14.0,13.0,4.0,0.0,8
0.0,0.0,0.0,7.0,15.0,1.0,0.0,0.0,0.0,0.0,0.0,15.0,16.0,1.0,0.0,0.0,0.0,0.0,9.0,16.0,16.0,2.0,0.0,0.0,0.0,2.0,16.0,16.0,16.0,0.0,0.0,0.0,0.0,10.0,16.0,16.0,16.0,16.0,8.0,0.0,0.0,8.0,15.0,15.0,14.0,8.0,5.0,0.0,0.0,0.0,0.0,11.0,12.0,0.0,0.0,0.0,0.0,0.0,0.0,6.0,15.0,1.0,0.0,0.0,4
0.0,2.0,11.0,16.0,16.0,8.0,1.0,0.0,0.0,2.0,12.0,9.0,9.0,16.0,10.0,0.0,0.0,0.0,0.0,0.0,4.0,16.0,9.0,0.0,0.0,0.0,0.0,2.0,15.0,16.0,0.0,0.0,0.0,0.0,0.0,3.0,16.0,14.0,0.0,0.0,0.0,0.0,0.0,0.0,13.0,16.0,3.0,0.0,0.0,0.0,4.0,11.0,16.0,8.0,0.0,0.0,0.0,3.0,15.0,12.0,4.0,0.0,0.0,0.0,3
0.0,0.0,0.0,1.0,16.0,11.0,0.0,0.0,0.0,0.0,0.0,1.0,16.0,16.0,4.0,0.0,0.0,0.0,0.0,8.0,16.0,16.0,0.0,0.0,0.0,0.0,10.0,16.0,16.0,16.0,1.0,0.0,0.0,6.0,16.0,14.0,16.0,15.0,0.0,0.0,0.0,1.0,3.0,5.0,16.0,12.0,0.0,0.0,0.0,0.0,0.0,4.0,16.0,12.0,0.0,0.0,0.0,0.0,0.0,2.0,15.0,12.0,0.0,0.0,1
0.0,0.0,0.0,2.0,15.0,8.0,0.0,0.0,0.0,0.0,0.0,11.0,16.0,4.0,0.0,0.0,0.0,0.0,9.0,16.0,16.0,0.0,0.0,0.0,0.0,3.0,15.0,16.0,16.0,0.0,0.0,0.0,0.0,12.0,16.0,16.0,16.0,14.0,6.0,0.0,0.0,6.0,12.0,14.0,16.0,12.0,5.0,0.0,0.0,0.0,0.0,8.0,13.0,0.0,0.0,0.0,0.0,0.0,0.0,2.0,14.0,1.0,0.0,0.0,4
0.0,0.0,4.0,12.0,10.0,1.0,0.0,0.0,0.0,3.0,16.0,13.0,15.0,10.0,0.0,0.0,0.0,5.0,16.0,2.0,1.0,14.0,3.0,0.0,0.0,8.0,13.0,0.0,0.0,10.0,8.0,0.0,0.0,8.0,12.0,0.0,0.0,8.0,8.0,0.0,0.0,8.0,14.0,0.0,0.0,11.0,8.0,0.0,0.0,3.0,16.0,14.0,13.0,16.0,2.0,0.0,0.0,0.0,8.0,16.0,13.0,5.0,0.0,0.0,0
0.0,3.0,15.0,13.0,12.0,8.0,1.0,0.0,0.0,4.0,16.0,14.0,12.0,12.0,2.0,0.0,0.0,0.0,16.0,4.0,0.0,0.0,0.0,0.0,0.0,0.0,12.0,9.0,0.0,0.0,0.0,0.0,0.0,0.0,7.0,16.0,3.0,0.0,0.0,0.0,0.0,0.0,0.0,14.0,8.0,0.0,0.0,0.0,0.0,0.0,5.0,15.0,10.0,0.0,0.0,0.0,0.0,2.0,15.0,16.0,2.0,0.0,0.0,0.0,5
0.0,0.0,5.0,11.0,16.0,16.0,8.0,0.0,0.0,0.0,15.0,14.0,8.0,12.0,15.0,0.0,0.0,0.0,0.0,0.0,2.0,14.0,9.0,0.0,0.0,0.0,0.0,0.0,11.0,12.0,1.0,0.0,0.0,0.0,0.0,1.0,16.0,5.0,0.0,0.0,0.0,0.0,0.0,1.0,14.0,9.0,0.0,0.0,0.0,0.0,1.0,4.0,15.0,9.0,0.0,0.0,0.0,0.0,7.0,16.0,11.0,2.0,0.0,0.0,3
0.0,0.0,0.0,11.0,14.0,0.0,0.0,0.0,0.0,0.0,10.0,16.0,4.0,0.0,0.0,0.0,0.0,1.0,15.0,11.0,0.0,0.0,0.0,0.0,0.0,3.0,16.0,12.0,8.0,2.0,0.0,0.0,0.0,7.0,16.0,16.0,12.0,14.0,3.0,0.0,0.0,4.0,16.0,8.0,0.0,10.0,9.0,0.0,0.0,1.0,12.0,15.0,9.0,14.0,10.0,0.0,0.0,0.0,2.0,10.0,13.0,11.0,1.0,0.0,6
0.0,0.0,5.0,15.0,7.0,0.0,0.0,0.0,0.0,0.0,14.0,16.0,16.0,5.0,0.0,0.0,0.0,0.0,13.0,14.0,14.0,15.0,0.0,0.0,0.0,0.0,3.0,11.0,14.0,16.0,3.0,0.0,0.0,0.0,0.0,0.0,6.0,16.0,2.0,0.0,0.0,0.0,0.0,0.0,4.0,16.0,7.0,0.0,0.0,0.0,0.0,1.0,11.0,16.0,6.0,0.0,0.0,0.0,4.0,15.0,16.0,10.0,0.0,0.0,9
0.0,0.0,3.0,15.0,4.0,0.0,0.0,0.0,0.0,0.0,12.0,16.0,2.0,0.0,0.0,0.0,0.0,1.0,16.0,7.0,1.0,0.0,0.0,0.0,0.0,3.0,16.0,1.0,6.0,1.0,0.0,0.0,0.0,3.0,15.0,8.0,12.0,13.0,3.0,0.0,0.0,2.0,16.0,2.0,0.0,7.0,12.0,0.0,0.0,0.0,13.0,9.0,4.0,9.0,15.0,0.0,0.0,0.0,3.0,13.0,16.0,15.0,5.0,0.0,6
0.0,0.0,0.0,0.0,10.0,13.0,7.0,0.0,0.0,0.0,0.0,5.0,16.0,16.0,11.0,0.0,0.0,0.0,4.0,14.0,16.0,16.0,7.0,0.0,0.0,3.0,14.0,16.0,16.0,16.0,4.0,0.0,0.0,7.0,16.0,16.0,16.0,16.0,4.0,0.0,0.0,0.0,2.0,13.0,16.0,16.0,3.0,0.0,0.0,0.0,0.0,11.0,16.0,16.0,0.0,0.0,0.0,0.0,0.0,2.0,13.0,16.0,1.0,0.0,1
0.0,0.0,9.0,15.0,16.0,5.0,0.0,0.0,0.0,0.0,16.0,16.0,16.0,13.0,0.0,0.0,0.0,0.0,0.0,3.0,16.0,11.0,0.0,0.0,0.0,0.0,2.0,7.0,16.0,13.0,10.0,0.0,0.0,2.0,15.0,16.0,16.0,12.0,4.0,0.0,0.0,3.0,13.0,16.0,10.0,0.0,0.0,0.0,0.0,0.0,7.0,16.0,2.0,0.0,0.0,0.0,0.0,0.0,12.0,13.0,0.0,0.0,0.0,0.0,7
0.0,0.0,13.0,16.0,12.0,7.0,0.0,0.0,0.0,4.0,16.0,15.0,12.0,12.0,3.0,0.0,0.0,4.0,16.0,5.0,0.0,0.0,0.0,0.0,0.0,3.0,16.0,9.0,0.0,0.0,0.0,0.0,0.0,0.0,15.0,16.0,2.0,0.0,0.0,0.0,0.0,0.0,4.0,16.0,14.0,0.0,0.0,0.0,0.0,1.0,9.0,14.0,16.0,0.0,0.0,0.0,0.0,1.0,13.0,16.0,10.0,0.0,0.0,0.0,5
0.0,0.0,0.0,3.0,13.0,1.0,0.0,0.0,0.0,0.0,0.0,8.0,16.0,3.0,0.0,0.0,0.0,0.0,1.0,15.0,16.0,4.0,0.0,0.0,0.0,0.0,8.0,16.0,16.0,1.0,0.0,0.0,0.0,2.0,16.0,14.0,16.0,5.0,1.0,0.0,0.0,11.0,16.0,16.0,16.0,16.0,10.0,0.0,0.0,5.0,8.0,11.0,16.0,4.0,1.0,0.0,0.0,0.0,0.0,2.0,16.0,2.0,0.0,0.0,4
0.0,0.0,0.0,0.0,15.0,9.0,0.0,0.0,0.0,0.0,0.0,8.0,16.0,5.0,0.0,0.0,0.0,0.0,1.0,16.0,16.0,5.0,0.0,0.0,0.0,0.0,11.0,16.0,16.0,1.0,1.0,0.0,0.0,6.0,16.0,16.0,16.0,15.0,9.0,0.0,0.0,7.0,15.0,16.0,16.0,10.0,1.0,0.0,0.0,0.0,1.0,7.0,16.0,1.0,0.0,0.0,0.0,0.0,0.0,1.0,15.0,5.0,0.0,0.0,4
0.0,0.0,7.0,15.0,6.0,0.0,0.0,0.0,0.0,0.0,2.0,14.0,15.0,2.0,0.0,0.0,0.0,0.0,0.0,5.0,16.0,6.0,0.0,0.0,0.0,0.0,0.0,5.0,16.0,9.0,2.0,0.0,0.0,5.0,14.0,16.0,15.0,11.0,4.0,0.0,0.0,5.0,7.0,12.0,11.0,0.0,0.0,0.0,0.0,0.0,4.0,15.0,1.0,0.0,0.0,0.0,0.0,0.0,10.0,11.0,0.0,0.0,0.0,0.0,7
0.0,2.0,15.0,13.0,0.0,0.0,0.0,0.0,0.0,12.0,16.0,16.0,3.0,0.0,0.0,0.0,0.0,5.0,13.0,16.0,4.0,0.0,0.0,0.0,0.0,0.0,8.0,16.0,4.0,0.0,0.0,0.0,0.0,0.0,8.0,16.0,4.0,0.0,0.0,0.0,0.0,0.0,12.0,16.0,0.0,0.0,0.0,0.0,0.0,0.0,16.0,16.0,16.0,14.0,6.0,0.0,0.0,1.0,16.0,16.0,16.0,12.0,7.0,0.0,2
0.0,0.0,2.0,12.0,12.0,0.0,0.0,0.0,0.0,0.0,7.0,16.0,15.0,9.0,1.0,0.0,0.0,0.0,6.0,14.0,13.0,15.0,3.0,0.0,0.0,0.0,1.0,16.0,16.0,4.0,0.0,0.0,0.0,0.0,7.0,16.0,14.0,0.0,0.0,0.0,0.0,1.0,15.0,9.0,16.0,5.0,0.0,0.0,0.0,2.0,13.0,13.0,16.0,10.0,0.0,0.0,0.0,0.0,1.0,11.0,12.0,5.0,0.0,0.0,8
0.0,2.0,15.0,15.0,5.0,0.0,0.0,0.0,0.0,5.0,16.0,16.0,11.0,0.0,0.0,0.0,0.0,9.0,15.0,16.0,12.0,0.0,0.0,0.0,0.0,0.0,4.0,16.0,6.0,0.0,0.0,0.0,0.0,0.0,8.0,16.0,2.0,0.0,0.0,0.0,0.0,1.0,14.0,13.0,0.0,0.0,0.0,0.0,0.0,4.0,16.0,14.0,14.0,16.0,5.0,0.0,0.0,2.0,14.0,16.0,13.0,9.0,1.0,0.0,2
0.0,0.0,4.0,14.0,16.0,4.0,0.0,0.0,0.0,3.0,16.0,16.0,16.0,6.0,0.0,0.0,0.0,8.0,16.0,12.0,16.0,7.0,0.0,0.0,0.0,3.0,5.0,12.0,15.0,0.0,0.0,0.0,0.0,0.0,0.0,15.0,12.0,0.0,0.0,0.0,0.0,0.0,6.0,16.0,2.0,0.0,0.0,0.0,0.0,0.0,8.0,16.0,12.0,5.0,1.0,0.0,0.0,0.0,4.0,16.0,16.0,15.0,4.0,0.0,2
0.0,3.0,11.0,15.0,12.0,7.0,1.0,0.0,0.0,4.0,16.0,13.0,11.0,9.0,6.0,0.0,0.0,4.0,15.0,0.0,0.0,0.0,0.0,0.0,0.0,3.0,16.0,8.0,0.0,0.0,0.0,0.0,0.0,0.0,11.0,16.0,8.0,0.0,0.0,0.0,0.0,0.0,0.0,13.0,12.0,0.0,0.0,0.0,0.0,1.0,7.0,16.0,3.0,0.0,0.0,0.0,0.0,5.0,13.0,6.0,0.0,0.0,0.0,0.0,5
0.0,4.0,13.0,9.0,8.0,3.0,0.0,0.0,0.0,5.0,16.0,14.0,12.0,12.0,6.0,0.0,0.0,8.0,16.0,1.0,0.0,0.0,0.0,0.0,0.0,3.0,16.0,11.0,1.0,0.0,0.0,0.0,0.0,0.0,8.0,16.0,9.0,0.0,0.0,0.0,0.0,0.0,0.0,10.0,16.0,0.0,0.0,0.0,0.0,1.0,1.0,12.0,14.0,0.0,0.0,0.0,0.0,4.0,14.0,14.0,3.0,0.0,0.0,0.0,5
0.0,0.0,0.0,0.0,13.0,11.0,0.0,0.0,0.0,0.0,0.0,8.0,16.0,5.0,0.0,0.0,0.0,0.0,3.0,15.0,16.0,4.0,0.0,0.0,0.0,0.0,8.0,15.0,16.0,10.0,1.0,0.0,0.0,4.0,16.0,14.0,16.0,16.0,11.0,0.0,0.0,7.0,16.0,13.0,15.0,14.0,3.0,0.0,0.0,0.0,0.0,0.0,16.0,11.0,0.0,0.0,0.0,0.0,0.0,0.0,12.0,11.0,0.0,0.0,4
0.0,0.0,3.0,14.0,13.0,1.0,0.0,0.0,0.0,0.0,9.0,16.0,16.0,9.0,0.0,0.0,0.0,0.0,8.0,16.0,11.0,15.0,1.0,0.0,0.0,0.0,2.0,14.0,16.0,15.0,2.0,0.0,0.0,0.0,6.0,16.0,16.0,6.0,0.0,0.0,0.0,0.0,15.0,11.0,10.0,12.0,0.0,0.0,0.0,1.0,16.0,11.0,11.0,15.0,0.0,0.0,0.0,0.0,5.0,13.0,15.0,7.0,0.0,0.0,8
0.0,0.0,2.0,16.0,10.0,1.0,0.0,0.0,0.0,0.0,7.0,16.0,16.0,12.0,0.0,0.0,0.0,0.0,3.0,16.0,16.0,15.0,0.0,0.0,0.0,0.0,2.0,16.0,14.0,0.0,0.0,0.0,0.0,0.0,8.0,15.0,16.0,6.0,0.0,0.0,0.0,0.0,13.0,8.0,9.0,13.0,0.0,0.0,0.0,0.0,12.0,10.0,7.0,16.0,0.0,0.0,0.0,0.0,3.0,13.0,15.0,10.0,0.0,0.0,8
0.0,0.0,0.0,5.0,16.0,3.0,0.0,0.0,0.0,0.0,1.0,15.0,16.0,4.0,0.0,0.0,0.0,0.0,10.0,16.0,16.0,1.0,0.0,0.0,0.0,3.0,16.0,16.0,15.0,4.0,2.0,0.0,0.0,10.0,16.0,16.0,16.0,16.0,12.0,0.0,0.0,1.0,7.0,14.0,13.0,6.0,5.0,0.0,0.0,0.0,0.0,11.0,12.0,0.0,0.0,0.0,0.0,0.0,0.0,4.0,10.0,0.0,0.0,0.0,4
0.0,0.0,7.0,16.0,11.0,1.0,0.0,0.0,0.0,1.0,15.0,12.0,12.0,12.0,0.0,0.0,0.0,2.0,16.0,2.0,6.0,16.0,2.0,0.0,0.0,1.0,16.0,6.0,6.0,16.0,6.0,0.0,0.0,0.0,7.0,16.0,15.0,16.0,9.0,0.0,0.0,0.0,0.0,0.0,0.0,12.0,11.0,0.0,0.0,0.0,3.0,3.0,6.0,16.0,5.0,0.0,0.0,0.0,8.0,16.0,14.0,6.0,0.0,0.0,9
0.0,0.0,2.0,14.0,13.0,0.0,0.0,0.0,0.0,0.0,10.0,15.0,15.0,8.0,0.0,0.0,0.0,2.0,16.0,7.0,4.0,15.0,0.0,0.0,0.0,4.0,16.0,4.0,0.0,13.0,7.0,0.0,0.0,4.0,16.0,1.0,0.0,10.0,8.0,0.0,0.0,4.0,16.0,5.0,1.0,12.0,11.0,0.0,0.0,1.0,15.0,14.0,13.0,16.0,3.0,0.0,0.0,0.0,3.0,12.0,13.0,5.0,0.0,0.0,0
0.0,0.0,0.0,12.0,15.0,6.0,0.0,0.0,0.0,0.0,5.0,16.0,13.0,15.0,0.0,0.0,0.0,0.0,2.0,16.0,16.0,12.0,1.0,0.0,0.0,0.0,0.0,11.0,16.0,14.0,1.0,0.0,0.0,0.0,7.0,16.0,15.0,10.0,0.0,0.0,0.0,1.0,16.0,8.0,2.0,14.0,5.0,0.0,0.0,0.0,12.0,10.0,4.0,12.0,7.0,0.0,0.0,0.0,2.0,11.0,16.0,13.0,3.0,0.0,8
0.0,0.0,3.0,12.0,5.0,0.0,0.0,0.0,0.0,1.0,15.0,14.0,16.0,6.0,0.0,0.0,0.0,6.0,16.0,0.0,6.0,16.0,6.0,0.0,0.0,5.0,16.0,11.0,14.0,16.0,4.0,0.0,0.0,0.0,8.0,10.0,12.0,16.0,0.0,0.0,0.0,0.0,1.0,1.0,7.0,15.0,1.0,0.0,0.0,0.0,8.0,10.0,10.0,16.0,2.0,0.0,0.0,0.0,2.0,13.0,14.0,7.0,0.0,0.0,9
0.0,0.0,5.0,14.0,15.0,2.0,0.0,0.0,0.0,0.0,13.0,14.0,9.0,10.0,0.0,0.0,0.0,0.0,15.0,8.0,2.0,15.0,3.0,0.0,0.0,0.0,11.0,12.0,9.0,14.0,2.0,0.0,0.0,0.0,7.0,16.0,14.0,2.0,0.0,0.0,0.0,0.0,13.0,14.0,16.0,4.0,0.0,0.0,0.0,3.0,15.0,8.0,14.0,10.0,0.0,0.0,0.0,0.0,6.0,16.0,16.0,8.0,0.0,0.0,8
0.0,0.0,4.0,11.0,15.0,8.0,0.0,0.0,0.0,0.0,13.0,16.0,11.0,13.0,7.0,0.0,0.0,3.0,16.0,12.0,0.0,4.0,8.0,0.0,0.0,6.0,16.0,5.0,0.0,4.0,8.0,0.0,0.0,7.0,9.0,0.0,0.0,9.0,7.0,0.0,0.0,4.0,10.0,0.0,2.0,15.0,2.0,0.0,0.0,1.0,16.0,12.0,14.0,10.0,0.0,0.0,0.0,0.0,4.0,14.0,14.0,1.0,0.0,0.0,0
0.0,0.0,0.0,13.0,15.0,8.0,0.0,0.0,0.0,0.0,1.0,16.0,16.0,10.0,0.0,0.0,0.0,0.0,1.0,16.0,16.0,8.0,0.0,0.0,0.0,0.0,4.0,16.0,16.0,2.0,0.0,0.0,0.0,0.0,11.0,16.0,14.0,0.0,0.0,0.0,0.0,2.0,16.0,16.0,10.0,0.0,0.0,0.0,0.0,0.0,13.0,16.0,15.0,2.0,0.0,0.0,0.0,0.0,1.0,13.0,16.0,4.0,0.0,0.0,1
0.0,0.0,6.0,14.0,8.0,0.0,0.0,0.0,0.0,6.0,16.0,10.0,14.0,4.0,0.0,0.0,0.0,11.0,5.0,0.0,11.0,4.0,0.0,0.0,0.0,4.0,6.0,2.0,16.0,2.0,0.0,0.0,0.0,0.0,0.0,13.0,7.0,0.0,0.0,0.0,0.0,0.0,7.0,14.0,0.0,0.0,0.0,0.0,0.0,0.0,12.0,10.0,8.0,8.0,4.0,0.0,0.0,0.0,7.0,14.0,14.0,14.0,13.0,0.0,2
0.0,0.0,10.0,16.0,10.0,1.0,0.0,0.0,0.0,6.0,14.0,6.0,16.0,3.0,0.0,0.0,0.0,5.0,4.0,5.0,15.0,0.0,0.0,0.0,0.0,0.0,0.0,12.0,14.0,1.0,0.0,0.0,0.0,0.0,0.0,3.0,11.0,15.0,1.0,0.0,0.0,0.0,0.0,0.0,0.0,10.0,8.0,0.0,0.0,0.0,9.0,8.0,8.0,15.0,6.0,0.0,0.0,0.0,9.0,15.0,15.0,9.0,0.0,0.0,3
0.0,0.0,0.0,12.0,4.0,0.0,0.0,0.0,0.0,0.0,6.0,15.0,2.0,0.0,0.0,0.0,0.0,0.0,16.0,5.0,0.0,4.0,4.0,0.0,0.0,4.0,15.0,2.0,3.0,15.0,9.0,0.0,0.0,2.0,15.0,16.0,16.0,16.0,4.0,0.0,0.0,0.0,2.0,8.0,16.0,8.0,0.0,0.0,0.0,0.0,0.0,8.0,15.0,0.0,0.0,0.0,0.0,0.0,0.0,11.0,9.0,0.0,0.0,0.0,4
0.0,0.0,6.0,8.0,12.0,14.0,0.0,0.0,0.0,5.0,16.0,15.0,12.0,7.0,0.0,0.0,0.0,8.0,16.0,13.0,4.0,0.0,0.0,0.0,0.0,2.0,11.0,8.0,14.0,11.0,0.0,0.0,0.0,0.0,0.0,0.0,0.0,15.0,1.0,0.0,0.0,0.0,0.0,0.0,0.0,14.0,5.0,0.0,0.0,1.0,9.0,8.0,12.0,14.0,1.0,0.0,0.0,0.0,10.0,15.0,12.0,3.0,0.0,0.0,5
0.0,0.0,3.0,13.0,6.0,0.0,0.0,0.0,0.0,0.0,10.0,15.0,2.0,0.0,0.0,0.0,0.0,2.0,15.0,3.0,0.0,0.0,0.0,0.0,0.0,4.0,14.0,0.0,0.0,0.0,0.0,0.0,0.0,4.0,14.0,14.0,16.0,13.0,2.0,0.0,0.0,3.0,16.0,9.0,1.0,4.0,12.0,0.0,0.0,0.0,14.0,10.0,5.0,11.0,11.0,0.0,0.0,0.0,3.0,13.0,15.0,8.0,0.0,0.0,6
0.0,0.0,6.0,16.0,16.0,16.0,16.0,10.0,0.0,0.0,6.0,10.0,8.0,14.0,16.0,3.0,0.0,0.0,0.0,0.0,4.0,16.0,8.0,0.0,0.0,0.0,2.0,10.0,14.0,15.0,6.0,0.0,0.0,0.0,6.0,16.0,16.0,16.0,7.0,0.0,0.0,0.0,0.0,15.0,9.0,0.0,0.0,0.0,0.0,0.0,6.0,16.0,6.0,0.0,0.0,0.0,0.0,0.0,10.0,13.0,1.0,0.0,0.0,0.0,7
0.0,0.0,1.0,10.0,13.0,13.0,1.0,0.0,0.0,1.0,13.0,10.0,4.0,14.0,4.0,0.0,0.0,8.0,13.0,0.0,7.0,12.0,0.0,0.0,0.0,2.0,12.0,14.0,15.0,2.0,0.0,0.0,0.0,0.0,5.0,15.0,15.0,2.0,0.0,0.0,0.0,0.0,8.0,7.0,3.0,13.0,3.0,0.0,0.0,0.0,8.0,8.0,0.0,13.0,4.0,0.0,0.0,0.0,1.0,11.0,16.0,16.0,2.0,0.0,8
0.0,0.0,6.0,12.0,13.0,5.0,0.0,0.0,0.0,2.0,16.0,9.0,8.0,15.0,2.0,0.0,0.0,8.0,12.0,0.0,3.0,15.0,8.0,0.0,0.0,4.0,15.0,12.0,16.0,13.0,1.0,0.0,0.0,0.0,2.0,2.0,16.0,6.0,0.0,0.0,0.0,0.0,0.0,1.0,16.0,1.0,0.0,0.0,0.0,0.0,0.0,5.0,16.0,0.0,0.0,0.0,0.0,0.0,3.0,16.0,14.0,0.0,0.0,0.0,9
0.0,0.0,4.0,13.0,8.0,0.0,0.0,0.0,0.0,0.0,13.0,16.0,15.0,7.0,0.0,0.0,0.0,3.0,16.0,9.0,6.0,15.0,6.0,0.0,0.0,8.0,14.0,0.0,0.0,4.0,8.0,0.0,0.0,8.0,12.0,0.0,0.0,4.0,8.0,0.0,0.0,4.0,12.0,0.0,0.0,11.0,6.0,0.0,0.0,0.0,14.0,10.0,12.0,14.0,1.0,0.0,0.0,0.0,7.0,15.0,11.0,2.0,0.0,0.0,0
0.0,0.0,0.0,0.0,14.0,4.0,0.0,0.0,0.0,0.0,0.0,3.0,16.0,11.0,0.0,0.0,0.0,0.0,0.0,10.0,16.0,9.0,0.0,0.0,0.0,0.0,0.0,13.0,16.0,7.0,0.0,0.0,0.0,0.0,12.0,16.0,16.0,4.0,0.0,0.0,0.0,1.0,13.0,12.0,16.0,5.0,0.0,0.0,0.0,0.0,0.0,4.0,16.0,9.0,0.0,0.0,0.0,0.0,0.0,0.0,14.0,10.0,0.0,0.0,1
0.0,0.0,10.0,16.0,11.0,0.0,0.0,0.0,0.0,8.0,15.0,10.0,15.0,2.0,0.0,0.0,0.0,11.0,11.0,2.0,16.0,5.0,0.0,0.0,0.0,7.0,5.0,6.0,16.0,3.0,0.0,0.0,0.0,0.0,1.0,15.0,10.0,0.0,0.0,0.0,0.0,0.0,10.0,16.0,2.0,0.0,0.0,0.0,0.0,0.0,12.0,14.0,8.0,10.0,5.0,0.0,0.0,0.0,12.0,16.0,16.0,16.0,15.0,0.0,2
0.0,0.0,6.0,15.0,16.0,10.0,0.0,0.0,0.0,3.0,16.0,11.0,15.0,10.0,0.0,0.0,0.0,4.0,10.0,10.0,16.0,4.0,0.0,0.0,0.0,0.0,4.0,16.0,15.0,3.0,0.0,0.0,0.0,0.0,1.0,9.0,16.0,15.0,2.0,0.0,0.0,0.0,0.0,0.0,3.0,16.0,6.0,0.0,0.0,0.0,3.0,9.0,12.0,16.0,5.0,0.0,0.0,0.0,9.0,16.0,16.0,8.0,0.0,0.0,3
0.0,0.0,0.0,13.0,12.0,0.0,0.0,0.0,0.0,0.0,6.0,16.0,7.0,0.0,0.0,0.0,0.0,0.0,15.0,15.0,1.0,1.0,4.0,0.0,0.0,6.0,16.0,10.0,9.0,15.0,14.0,0.0,0.0,9.0,16.0,16.0,16.0,16.0,4.0,0.0,0.0,2.0,8.0,12.0,16.0,9.0,0.0,0.0,0.0,0.0,0.0,13.0,16.0,0.0,0.0,0.0,0.0,0.0,0.0,14.0,15.0,1.0,0.0,0.0,4
0.0,0.0,15.0,16.0,16.0,15.0,9.0,0.0,0.0,6.0,16.0,13.0,12.0,12.0,11.0,2.0,0.0,3.0,15.0,14.0,2.0,0.0,0.0,0.0,0.0,0.0,6.0,16.0,5.0,0.0,0.0,0.0,0.0,0.0,0.0,14.0,11.0,0.0,0.0,0.0,0.0,0.0,0.0,12.0,8.0,0.0,0.0,0.0,0.0,1.0,14.0,14.0,10.0,0.0,0.0,0.0,0.0,0.0,13.0,16.0,3.0,0.0,0.0,0.0,5
0.0,0.0,0.0,13.0,9.0,0.0,0.0,0.0,0.0,0.0,8.0,15.0,5.0,0.0,0.0,0.0,0.0,0.0,14.0,8.0,0.0,0.0,0.0,0.0,0.0,2.0,16.0,3.0,0.0,2.0,0.0,0.0,0.0,0.0,16.0,13.0,16.0,16.0,6.0,0.0,0.0,1.0,16.0,11.0,4.0,7.0,12.0,0.0,0.0,0.0,11.0,12.0,5.0,13.0,9.0,0.0,0.0,0.0,1.0,12.0,15.0,11.0,2.0,0.0,6
0.0,0.0,4.0,12.0,16.0,10.0,0.0,0.0,0.0,0.0,15.0,12.0,12.0,11.0,0.0,0.0,0.0,0.0,1.0,0.0,9.0,7.0,0.0,0.0,0.0,0.0,4.0,7.0,15.0,13.0,7.0,0.0,0.0,6.0,16.0,16.0,15.0,10.0,3.0,0.0,0.0,1.0,4.0,12.0,7.0,0.0,0.0,0.0,0.0,0.0,2.0,16.0,2.0,0.0,0.0,0.0,0.0,0.0,6.0,12.0,0.0,0.0,0.0,0.0,7
0.0,0.0,2.0,12.0,16.0,10.0,0.0,0.0,0.0,0.0,12.0,7.0,1.0,13.0,4.0,0.0,0.0,3.0,16.0,0.0,8.0,12.0,0.0,0.0,0.0,4.0,16.0,11.0,14.0,1.0,0.0,0.0,0.0,0.0,7.0,16.0,6.0,0.0,0.0,0.0,0.0,0.0,6.0,12.0,15.0,2.0,0.0,0.0,0.0,0.0,8.0,7.0,13.0,4.0,0.0,0.0,0.0,0.0,3.0,13.0,16.0,3.0,0.0,0.0,8
0.0,0.0,4.0,14.0,16.0,15.0,1.0,0.0,0.0,5.0,16.0,8.0,4.0,16.0,7.0,0.0,0.0,8.0,13.0,0.0,4.0,16.0,12.0,0.0,0.0,7.0,16.0,15.0,16.0,13.0,3.0,0.0,0.0,0.0,6.0,12.0,16.0,4.0,0.0,0.0,0.0,0.0,0.0,11.0,12.0,0.0,0.0,0.0,0.0,0.0,0.0,16.0,7.0,0.0,0.0,0.0,0.0,0.0,3.0,16.0,2.0,0.0,0.0,0.0,9
0.0,0.0,5.0,15.0,12.0,8.0,0.0,0.0,0.0,0.0,13.0,16.0,10.0,13.0,3.0,0.0,0.0,5.0,16.0,9.0,0.0,8.0,4.0,0.0,0.0,4.0,13.0,1.0,0.0,4.0,8.0,0.0,0.0,4.0,8.0,0.0,0.0,8.0,4.0,0.0,0.0,1.0,14.0,0.0,0.0,11.0,3.0,0.0,0.0,0.0,12.0,9.0,9.0,15.0,0.0,0.0,0.0,0.0,4.0,14.0,15.0,4.0,0.0,0.0,0
0.0,0.0,0.0,4.0,13.0,13.0,0.0,0.0,0.0,0.0,0.0,10.0,16.0,16.0,1.0,0.0,0.0,0.0,3.0,14.0,16.0,13.0,0.0,0.0,0.0,0.0,8.0,16.0,16.0,5.0,0.0,0.0,0.0,3.0,15.0,16.0,16.0,4.0,0.0,0.0,0.0,4.0,16.0,16.0,16.0,6.0,0.0,0.0,0.0,2.0,8.0,15.0,16.0,9.0,0.0,0.0,0.0,0.0,0.0,4.0,14.0,12.0,0.0,0.0,1
0.0,1.0,13.0,16.0,16.0,4.0,0.0,0.0,0.0,9.0,15.0,6.0,13.0,8.0,0.0,0.0,0.0,5.0,10.0,0.0,12.0,10.0,0.0,0.0,0.0,0.0,0.0,6.0,16.0,5.0,0.0,0.0,0.0,0.0,5.0,16.0,10.0,0.0,0.0,0.0,0.0,2.0,16.0,11.0,0.0,0.0,0.0,0.0,0.0,5.0,16.0,13.0,8.0,8.0,5.0,0.0,0.0,1.0,10.0,14.0,16.0,16.0,16.0,0.0,2
0.0,0.0,8.0,14.0,14.0,4.0,0.0,0.0,0.0,5.0,12.0,4.0,7.0,12.0,0.0,0.0,0.0,4.0,2.0,3.0,13.0,5.0,0.0,0.0,0.0,0.0,0.0,16.0,15.0,1.0,0.0,0.0,0.0,0.0,0.0,3.0,9.0,14.0,1.0,0.0,0.0,0.0,0.0,0.0,0.0,7.0,8.0,0.0,0.0,0.0,3.0,4.0,4.0,13.0,7.0,0.0,0.0,0.0,11.0,16.0,15.0,5.0,0.0,0.0,3
0.0,0.0,1.0,11.0,3.0,0.0,0.0,0.0,0.0,0.0,9.0,16.0,0.0,0.0,0.0,0.0,0.0,1.0,16.0,5.0,0.0,1.0,2.0,0.0,0.0,6.0,16.0,2.0,1.0,13.0,10.0,0.0,0.0,7.0,16.0,9.0,15.0,13.0,0.0,0.0,0.0,2.0,9.0,12.0,16.0,1.0,0.0,0.0,0.0,0.0,0.0,14.0,9.0,0.0,0.0,0.0,0.0,0.0,2.0,16.0,7.0,0.0,0.0,0.0,4
0.0,0.0,11.0,7.0,12.0,15.0,1.0,0.0,0.0,1.0,16.0,14.0,9.0,6.0,0.0,0.0,0.0,8.0,12.0,0.0,0.0,0.0,0.0,0.0,0.0,5.0,14.0,15.0,15.0,5.0,0.0,0.0,0.0,1.0,6.0,4.0,10.0,9.0,0.0,0.0,0.0,0.0,0.0,0.0,4.0,11.0,0.0,0.0,0.0,0.0,10.0,4.0,13.0,8.0,0.0,0.0,0.0,0.0,12.0,16.0,10.0,1.0,0.0,0.0,5
0.0,0.0,4.0,12.0,1.0,0.0,0.0,0.0,0.0,0.0,14.0,13.0,0.0,0.0,0.0,0.0,0.0,2.0,16.0,3.0,0.0,0.0,0.0,0.0,0.0,7.0,13.0,0.0,0.0,0.0,0.0,0.0,0.0,7.0,12.0,7.0,12.0,6.0,2.0,0.0,0.0,4.0,15.0,15.0,12.0,13.0,11.0,0.0,0.0,1.0,13.0,16.0,5.0,11.0,12.0,0.0,0.0,0.0,5.0,13.0,16.0,11.0,1.0,0.0,6
0.0,0.0,4.0,13.0,16.0,16.0,16.0,10.0,0.0,0.0,11.0,15.0,12.0,13.0,16.0,5.0,0.0,0.0,0.0,0.0,0.0,12.0,11.0,0.0,0.0,0.0,1.0,0.0,5.0,15.0,2.0,0.0,0.0,0.0,14.0,13.0,15.0,15.0,6.0,0.0,0.0,0.0,15.0,16.0,15.0,9.0,2.0,0.0,0.0,0.0,1.0,16.0,7.0,0.0,0.0,0.0,0.0,0.0,6.0,14.0,2.0,0.0,0.0,0.0,7
0.0,0.0,2.0,11.0,16.0,12.0,2.0,0.0,0.0,0.0,11.0,7.0,4.0,7.0,8.0,0.0,0.0,5.0,14.0,4.0,0.0,8.0,4.0,0.0,0.0,2.0,15.0,9.0,6.0,11.0,0.0,0.0,0.0,0.0,3.0,16.0,11.0,0.0,0.0,0.0,0.0,0.0,9.0,13.0,11.0,0.0,0.0,0.0,0.0,0.0,12.0,10.0,16.0,1.0,0.0,0.0,0.0,0.0,2.0,12.0,16.0,3.0,0.0,0.0,8
0.0,0.0,9.0,16.0,12.0,2.0,0.0,0.0,0.0,0.0,16.0,3.0,5.0,10.0,0.0,0.0,0.0,0.0,13.0,4.0,14.0,16.0,4.0,0.0,0.0,0.0,4.0,16.0,16.0,16.0,7.0,0.0,0.0,0.0,0.0,3.0,4.0,10.0,4.0,0.0,0.0,0.0,0.0,0.0,0.0,8.0,6.0,0.0,0.0,0.0,12.0,1.0,1.0,13.0,3.0,0.0,0.0,0.0,8.0,15.0,16.0,9.0,0.0,0.0,9
0.0,0.0,2.0,12.0,15.0,12.0,1.0,0.0,0.0,1.0,14.0,14.0,14.0,11.0,8.0,0.0,0.0,5.0,16.0,3.0,0.0,2.0,8.0,0.0,0.0,8.0,14.0,0.0,0.0,6.0,8.0,0.0,0.0,4.0,12.0,0.0,0.0,9.0,4.0,0.0,0.0,1.0,16.0,1.0,1.0,14.0,1.0,0.0,0.0,0.0,11.0,9.0,11.0,8.0,0.0,0.0,0.0,0.0,2.0,13.0,14.0,1.0,0.0,0.0,0
0.0,0.0,3.0,11.0,13.0,5.0,0.0,0.0,0.0,0.0,10.0,12.0,5.0,16.0,0.0,0.0,0.0,0.0,7.0,10.0,6.0,15.0,4.0,0.0,0.0,0.0,2.0,13.0,16.0,14.0,6.0,0.0,0.0,0.0,0.0,0.0,0.0,7.0,9.0,0.0,0.0,0.0,0.0,0.0,0.0,4.0,11.0,0.0,0.0,0.0,9.0,7.0,0.0,8.0,11.0,0.0,0.0,0.0,3.0,9.0,16.0,16.0,6.0,0.0,9
0.0,0.0,6.0,8.0,8.0,13.0,3.0,0.0,0.0,1.0,14.0,14.0,12.0,9.0,3.0,0.0,0.0,4.0,16.0,8.0,2.0,0.0,0.0,0.0,0.0,4.0,16.0,13.0,15.0,7.0,0.0,0.0,0.0,0.0,0.0,0.0,3.0,15.0,0.0,0.0,0.0,0.0,0.0,0.0,3.0,15.0,0.0,0.0,0.0,0.0,6.0,8.0,13.0,8.0,0.0,0.0,0.0,0.0,9.0,15.0,8.0,0.0,0.0,0.0,5
0.0,0.0,3.0,8.0,9.0,9.0,0.0,0.0,0.0,6.0,16.0,12.0,8.0,5.0,0.0,0.0,0.0,11.0,13.0,0.0,0.0,0.0,0.0,0.0,0.0,9.0,16.0,10.0,5.0,0.0,0.0,0.0,0.0,0.0,3.0,8.0,13.0,10.0,1.0,0.0,0.0,0.0,0.0,0.0,0.0,10.0,7.0,0.0,0.0,0.0,5.0,2.0,4.0,13.0,8.0,0.0,0.0,0.0,7.0,16.0,14.0,8.0,0.0,0.0,5
0.0,0.0,0.0,8.0,15.0,2.0,0.0,0.0,0.0,0.0,6.0,16.0,5.0,0.0,0.0,0.0,0.0,0.0,12.0,8.0,0.0,0.0,0.0,0.0,0.0,0.0,13.0,6.0,0.0,0.0,0.0,0.0,0.0,0.0,12.0,12.0,16.0,14.0,0.0,0.0,0.0,0.0,14.0,15.0,6.0,8.0,11.0,0.0,0.0,3.0,12.0,14.0,5.0,10.0,13.0,0.0,0.0,0.0,0.0,9.0,16.0,13.0,5.0,0.0,6
0.0,1.0,5.0,11.0,15.0,4.0,0.0,0.0,0.0,8.0,16.0,13.0,6.0,2.0,0.0,0.0,0.0,11.0,7.0,0.0,0.0,0.0,0.0,0.0,0.0,11.0,16.0,16.0,11.0,2.0,0.0,0.0,0.0,0.0,4.0,4.0,5.0,12.0,3.0,0.0,0.0,0.0,0.0,0.0,0.0,5.0,11.0,0.0,0.0,0.0,1.0,6.0,0.0,10.0,11.0,0.0,0.0,0.0,2.0,12.0,16.0,15.0,2.0,0.0,5
0.0,0.0,9.0,16.0,15.0,14.0,1.0,0.0,0.0,1.0,15.0,15.0,5.0,10.0,7.0,0.0,0.0,6.0,16.0,1.0,0.0,1.0,8.0,0.0,0.0,8.0,13.0,0.0,0.0,4.0,8.0,0.0,0.0,7.0,6.0,0.0,0.0,6.0,6.0,0.0,0.0,5.0,9.0,0.0,0.0,13.0,1.0,0.0,0.0,0.0,16.0,5.0,12.0,12.0,0.0,0.0,0.0,0.0,8.0,15.0,10.0,1.0,0.0,0.0,0
0.0,0.0,7.0,13.0,16.0,7.0,0.0,0.0,0.0,2.0,16.0,6.0,5.0,12.0,1.0,0.0,0.0,4.0,12.0,0.0,1.0,16.0,4.0,0.0,0.0,1.0,12.0,12.0,13.0,16.0,3.0,0.0,0.0,0.0,0.0,4.0,8.0,13.0,0.0,0.0,0.0,0.0,0.0,0.0,4.0,13.0,0.0,0.0,0.0,0.0,8.0,3.0,10.0,10.0,0.0,0.0,0.0,0.0,6.0,15.0,15.0,3.0,0.0,0.0,9
0.0,0.0,4.0,15.0,14.0,10.0,1.0,0.0,0.0,0.0,7.0,9.0,0.0,9.0,8.0,0.0,0.0,0.0,11.0,9.0,2.0,13.0,7.0,0.0,0.0,0.0,4.0,15.0,14.0,4.0,0.0,0.0,0.0,0.0,6.0,15.0,15.0,1.0,0.0,0.0,0.0,4.0,14.0,1.0,13.0,7.0,0.0,0.0,0.0,7.0,13.0,1.0,5.0,13.0,0.0,0.0,0.0,0.0,7.0,14.0,16.0,16.0,1.0,0.0,8
0.0,0.0,4.0,12.0,16.0,12.0,0.0,0.0,0.0,5.0,16.0,8.0,4.0,12.0,2.0,0.0,0.0,12.0,6.0,0.0,0.0,13.0,4.0,0.0,0.0,6.0,16.0,13.0,16.0,16.0,7.0,0.0,0.0,0.0,3.0,4.0,1.0,8.0,8.0,0.0,0.0,0.0,0.0,0.0,0.0,4.0,12.0,0.0,0.0,0.0,8.0,9.0,2.0,9.0,9.0,0.0,0.0,0.0,2.0,13.0,16.0,15.0,3.0,0.0,9
0.0,0.0,5.0,12.0,15.0,10.0,1.0,0.0,0.0,2.0,14.0,7.0,4.0,9.0,7.0,0.0,0.0,7.0,15.0,7.0,0.0,9.0,8.0,0.0,0.0,1.0,5.0,15.0,11.0,13.0,3.0,0.0,0.0,0.0,3.0,15.0,16.0,5.0,0.0,0.0,0.0,0.0,15.0,9.0,12.0,7.0,0.0,0.0,0.0,0.0,15.0,5.0,8.0,12.0,0.0,0.0,0.0,0.0,4.0,14.0,16.0,11.0,0.0,0.0,8
0.0,0.0,0.0,7.0,10.0,0.0,0.0,0.0,0.0,0.0,3.0,15.0,5.0,0.0,0.0,0.0,0.0,0.0,11.0,11.0,0.0,2.0,2.0,0.0,0.0,5.0,14.0,2.0,1.0,13.0,7.0,0.0,0.0,7.0,15.0,2.0,8.0,16.0,3.0,0.0,0.0,3.0,14.0,16.0,16.0,8.0,0.0,0.0,0.0,0.0,0.0,7.0,16.0,0.0,0.0,0.0,0.0,0.0,0.0,6.0,16.0,2.0,0.0,0.0,4
0.0,0.0,7.0,12.0,9.0,0.0,0.0,0.0,0.0,0.0,12.0,16.0,16.0,1.0,0.0,0.0,0.0,0.0,11.0,16.0,16.0,0.0,0.0,0.0,0.0,0.0,12.0,16.0,16.0,0.0,0.0,0.0,0.0,0.0,13.0,16.0,16.0,0.0,0.0,0.0,0.0,0.0,13.0,16.0,16.0,0.0,0.0,0.0,0.0,1.0,14.0,16.0,16.0,1.0,0.0,0.0,0.0,0.0,4.0,12.0,12.0,9.0,0.0,0.0,1
0.0,0.0,6.0,16.0,16.0,9.0,0.0,0.0,0.0,0.0,14.0,9.0,12.0,11.0,0.0,0.0,0.0,0.0,1.0,0.0,9.0,6.0,0.0,0.0,0.0,0.0,1.0,6.0,16.0,10.0,6.0,0.0,0.0,0.0,10.0,16.0,14.0,11.0,5.0,0.0,0.0,0.0,5.0,15.0,2.0,0.0,0.0,0.0,0.0,0.0,3.0,13.0,0.0,0.0,0.0,0.0,0.0,0.0,7.0,8.0,0.0,0.0,0.0,0.0,7
0.0,0.0,1.0,11.0,16.0,16.0,10.0,0.0,0.0,0.0,13.0,14.0,8.0,12.0,11.0,0.0,0.0,0.0,4.0,0.0,0.0,13.0,4.0,0.0,0.0,0.0,0.0,0.0,3.0,15.0,0.0,0.0,0.0,0.0,2.0,15.0,16.0,16.0,9.0,0.0,0.0,0.0,3.0,13.0,16.0,8.0,1.0,0.0,0.0,0.0,0.0,7.0,10.0,0.0,0.0,0.0,0.0,0.0,0.0,13.0,3.0,0.0,0.0,0.0,7
0.0,0.0,7.0,15.0,16.0,12.0,0.0,0.0,0.0,4.0,16.0,11.0,12.0,12.0,0.0,0.0,0.0,2.0,7.0,1.0,13.0,11.0,0.0,0.0,0.0,0.0,0.0,13.0,16.0,6.0,0.0,0.0,0.0,0.0,0.0,11.0,15.0,16.0,3.0,0.0,0.0,0.0,0.0,0.0,1.0,15.0,8.0,0.0,0.0,0.0,5.0,16.0,12.0,15.0,8.0,0.0,0.0,0.0,7.0,16.0,16.0,13.0,2.0,0.0,3
0.0,0.0,6.0,14.0,14.0,13.0,11.0,0.0,0.0,0.0,14.0,12.0,5.0,4.0,2.0,0.0,0.0,3.0,16.0,16.0,4.0,0.0,0.0,0.0,0.0,2.0,11.0,11.0,16.0,3.0,0.0,0.0,0.0,0.0,0.0,0.0,7.0,10.0,0.0,0.0,0.0,0.0,0.0,0.0,1.0,11.0,0.0,0.0,0.0,0.0,3.0,7.0,12.0,8.0,0.0,0.0,0.0,0.0,7.0,14.0,11.0,1.0,0.0,0.0,5
0.0,0.0,0.0,10.0,13.0,0.0,0.0,0.0,0.0,0.0,0.0,13.0,16.0,5.0,0.0,0.0,0.0,0.0,0.0,16.0,16.0,4.0,0.0,0.0,0.0,0.0,3.0,16.0,16.0,7.0,0.0,0.0,0.0,0.0,7.0,16.0,16.0,9.0,0.0,0.0,0.0,0.0,9.0,16.0,16.0,10.0,0.0,0.0,0.0,0.0,10.0,16.0,16.0,14.0,0.0,0.0,0.0,0.0,1.0,5.0,7.0,15.0,8.0,0.0,1
0.0,0.0,2.0,13.0,10.0,3.0,0.0,0.0,0.0,0.0,10.0,15.0,12.0,13.0,1.0,0.0,0.0,0.0,16.0,4.0,0.0,6.0,4.0,0.0,0.0,2.0,16.0,3.0,0.0,1.0,7.0,0.0,0.0,5.0,13.0,5.0,0.0,2.0,8.0,0.0,0.0,4.0,12.0,0.0,0.0,3.0,8.0,0.0,0.0,0.0,13.0,5.0,6.0,13.0,5.0,0.0,0.0,0.0,5.0,14.0,13.0,8.0,1.0,0.0,0
0.0,0.0,5.0,13.0,13.0,5.0,0.0,0.0,0.0,0.0,16.0,16.0,10.0,15.0,3.0,0.0,0.0,5.0,16.0,2.0,1.0,8.0,4.0,0.0,0.0,4.0,13.0,0.0,0.0,4.0,8.0,0.0,0.0,8.0,12.0,0.0,0.0,6.0,7.0,0.0,0.0,5.0,15.0,0.0,0.0,7.0,7.0,0.0,0.0,0.0,16.0,8.0,5.0,15.0,3.0,0.0,0.0,0.0,5.0,14.0,15.0,9.0,0.0,0.0,0
0.0,2.0,15.0,16.0,7.0,0.0,0.0,0.0,0.0,10.0,15.0,10.0,16.0,2.0,0.0,0.0,0.0,9.0,11.0,5.0,16.0,0.0,0.0,0.0,0.0,0.0,0.0,12.0,11.0,0.0,0.0,0.0,0.0,0.0,5.0,16.0,2.0,0.0,0.0,0.0,0.0,3.0,15.0,8.0,0.0,0.0,0.0,0.0,0.0,8.0,15.0,5.0,5.0,8.0,3.0,0.0,0.0,3.0,15.0,16.0,16.0,16.0,10.0,0.0,2
0.0,0.0,5.0,15.0,15.0,2.0,0.0,0.0,0.0,3.0,16.0,9.0,16.0,5.0,0.0,0.0,0.0,5.0,9.0,1.0,16.0,1.0,0.0,0.0,0.0,0.0,0.0,10.0,9.0,0.0,0.0,0.0,0.0,0.0,1.0,16.0,3.0,0.0,0.0,0.0,0.0,0.0,9.0,9.0,0.0,0.0,0.0,0.0,0.0,0.0,11.0,14.0,7.0,6.0,2.0,0.0,0.0,0.0,6.0,16.0,16.0,15.0,2.0,0.0,2
0.0,0.0,3.0,11.0,16.0,16.0,4.0,0.0,0.0,0.0,9.0,12.0,12.0,16.0,9.0,0.0,0.0,0.0,0.0,0.0,1.0,16.0,8.0,0.0,0.0,0.0,0.0,9.0,14.0,16.0,9.0,0.0,0.0,0.0,1.0,16.0,16.0,14.0,5.0,0.0,0.0,0.0,0.0,6.0,16.0,4.0,0.0,0.0,0.0,0.0,0.0,11.0,14.0,0.0,0.0,0.0,0.0,0.0,1.0,15.0,7.0,0.0,0.0,0.0,7
0.0,0.0,4.0,13.0,16.0,14.0,2.0,0.0,0.0,2.0,15.0,5.0,4.0,14.0,4.0,0.0,0.0,8.0,15.0,6.0,1.0,15.0,1.0,0.0,0.0,4.0,16.0,16.0,13.0,10.0,0.0,0.0,0.0,0.0,1.0,9.0,16.0,10.0,0.0,0.0,0.0,0.0,4.0,14.0,3.0,14.0,6.0,0.0,0.0,0.0,9.0,10.0,3.0,13.0,8.0,0.0,0.0,0.0,3.0,15.0,16.0,11.0,1.0,0.0,8
0.0,0.0,7.0,16.0,16.0,3.0,0.0,0.0,0.0,7.0,16.0,9.0,14.0,7.0,0.0,0.0,0.0,10.0,9.0,0.0,14.0,5.0,0.0,0.0,0.0,3.0,3.0,4.0,16.0,2.0,0.0,0.0,0.0,0.0,0.0,12.0,11.0,0.0,0.0,0.0,0.0,0.0,6.0,16.0,3.0,0.0,0.0,0.0,0.0,0.0,12.0,15.0,8.0,8.0,3.0,0.0,0.0,0.0,10.0,16.0,16.0,16.0,9.0,0.0,2
0.0,0.0,4.0,13.0,11.0,7.0,0.0,0.0,0.0,0.0,14.0,16.0,13.0,16.0,2.0,0.0,0.0,5.0,16.0,4.0,0.0,5.0,7.0,0.0,0.0,8.0,14.0,0.0,0.0,4.0,8.0,0.0,0.0,6.0,9.0,0.0,0.0,4.0,8.0,0.0,0.0,2.0,14.0,1.0,0.0,8.0,6.0,0.0,0.0,0.0,13.0,12.0,9.0,15.0,2.0,0.0,0.0,0.0,3.0,16.0,12.0,5.0,0.0,0.0,0
0.0,0.0,0.0,0.0,11.0,14.0,3.0,0.0,0.0,0.0,0.0,2.0,16.0,16.0,2.0,0.0,0.0,0.0,0.0,11.0,16.0,14.0,0.0,0.0,0.0,0.0,3.0,16.0,16.0,15.0,0.0,0.0,0.0,1.0,13.0,16.0,16.0,13.0,0.0,0.0,0.0,6.0,16.0,9.0,15.0,13.0,0.0,0.0,0.0,0.0,0.0,0.0,12.0,16.0,1.0,0.0,0.0,0.0,0.0,0.0,9.0,14.0,1.0,0.0,1
0.0,2.0,11.0,16.0,12.0,1.0,0.0,0.0,0.0,9.0,16.0,9.0,16.0,4.0,0.0,0.0,0.0,14.0,7.0,4.0,16.0,1.0,0.0,0.0,0.0,6.0,5.0,9.0,14.0,0.0,0.0,0.0,0.0,0.0,3.0,16.0,5.0,0.0,0.0,0.0,0.0,0.0,13.0,14.0,0.0,0.0,0.0,0.0,0.0,3.0,16.0,11.0,8.0,12.0,9.0,0.0,0.0,2.0,15.0,16.0,16.0,13.0,16.0,1.0,2
0.0,0.0,3.0,12.0,3.0,0.0,0.0,0.0,0.0,0.0,13.0,14.0,2.0,0.0,0.0,0.0,0.0,3.0,10.0,0.0,0.0,0.0,0.0,0.0,0.0,0.0,0.0,3.0,5.0,3.0,0.0,0.0,0.0,4.0,10.0,16.0,16.0,16.0,4.0,0.0,0.0,6.0,16.0,4.0,0.0,8.0,9.0,0.0,0.0,0.0,15.0,12.0,4.0,9.0,12.0,0.0,0.0,0.0,2.0,13.0,16.0,14.0,4.0,0.0,6
0.0,2.0,11.0,16.0,15.0,2.0,0.0,0.0,0.0,12.0,15.0,12.0,16.0,4.0,0.0,0.0,0.0,3.0,3.0,6.0,16.0,2.0,0.0,0.0,0.0,0.0,2.0,15.0,12.0,0.0,0.0,0.0,0.0,0.0,3.0,16.0,16.0,12.0,1.0,0.0,0.0,0.0,0.0,1.0,6.0,15.0,10.0,0.0,0.0,0.0,6.0,12.0,8.0,14.0,11.0,0.0,0.0,1.0,16.0,16.0,16.0,11.0,3.0,0.0,3
0.0,0.0,7.0,14.0,16.0,11.0,0.0,0.0,0.0,2.0,16.0,11.0,11.0,16.0,2.0,0.0,0.0,0.0,3.0,3.0,15.0,9.0,0.0,0.0,0.0,0.0,0.0,10.0,16.0,8.0,0.0,0.0,0.0,0.0,0.0,3.0,14.0,15.0,2.0,0.0,0.0,0.0,0.0,0.0,1.0,16.0,6.0,0.0,0.0,0.0,3.0,12.0,13.0,15.0,2.0,0.0,0.0,0.0,6.0,16.0,12.0,5.0,0.0,0.0,3
0.0,0.0,5.0,16.0,16.0,16.0,16.0,11.0,0.0,0.0,6.0,9.0,5.0,5.0,15.0,8.0,0.0,0.0,0.0,0.0,0.0,9.0,11.0,1.0,0.0,0.0,0.0,3.0,6.0,16.0,3.0,0.0,0.0,0.0,5.0,16.0,16.0,16.0,7.0,0.0,0.0,0.0,4.0,8.0,16.0,4.0,1.0,0.0,0.0,0.0,1.0,13.0,10.0,0.0,0.0,0.0,0.0,0.0,3.0,16.0,2.0,0.0,0.0,0.0,7
0.0,2.0,13.0,16.0,16.0,11.0,0.0,0.0,0.0,10.0,11.0,4.0,12.0,12.0,0.0,0.0,0.0,1.0,1.0,4.0,14.0,8.0,0.0,0.0,0.0,0.0,2.0,16.0,16.0,8.0,0.0,0.0,0.0,0.0,0.0,7.0,9.0,16.0,8.0,0.0,0.0,0.0,0.0,0.0,0.0,10.0,12.0,0.0,0.0,0.0,5.0,9.0,10.0,16.0,9.0,0.0,0.0,0.0,15.0,16.0,13.0,7.0,0.0,0.0,3
0.0,1.0,10.0,16.0,16.0,6.0,0.0,0.0,0.0,7.0,14.0,9.0,12.0,12.0,0.0,0.0,0.0,1.0,1.0,5.0,15.0,5.0,0.0,0.0,0.0,0.0,3.0,16.0,14.0,3.0,0.0,0.0,0.0,0.0,1.0,11.0,14.0,16.0,6.0,0.0,0.0,0.0,0.0,0.0,0.0,12.0,11.0,0.0,0.0,0.0,7.0,8.0,13.0,16.0,5.0,0.0,0.0,0.0,15.0,16.0,12.0,5.0,0.0,0.0,3
0.0,0.0,1.0,14.0,8.0,0.0,0.0,0.0,0.0,0.0,8.0,16.0,4.0,0.0,0.0,0.0,0.0,1.0,16.0,9.0,0.0,1.0,5.0,0.0,0.0,8.0,16.0,5.0,1.0,12.0,15.0,0.0,0.0,10.0,16.0,12.0,11.0,16.0,6.0,0.0,0.0,3.0,14.0,16.0,16.0,8.0,0.0,0.0,0.0,0.0,0.0,11.0,16.0,1.0,0.0,0.0,0.0,0.0,0.0,13.0,14.0,0.0,0.0,0.0,4
0.0,0.0,2.0,12.0,8.0,0.0,0.0,0.0,0.0,0.0,12.0,13.0,5.0,0.0,0.0,0.0,0.0,1.0,16.0,1.0,0.0,0.0,0.0,0.0,0.0,2.0,14.0,0.0,0.0,0.0,0.0,0.0,0.0,2.0,16.0,5.0,10.0,10.0,4.0,0.0,0.0,0.0,16.0,14.0,8.0,6.0,13.0,0.0,0.0,0.0,13.0,9.0,2.0,4.0,14.0,0.0,0.0,0.0,3.0,10.0,16.0,16.0,7.0,0.0,6
0.0,0.0,2.0,13.0,13.0,1.0,0.0,0.0,0.0,0.0,9.0,13.0,5.0,0.0,0.0,0.0,0.0,0.0,13.0,5.0,0.0,0.0,0.0,0.0,0.0,0.0,15.0,2.0,0.0,0.0,0.0,0.0,0.0,0.0,15.0,10.0,9.0,9.0,2.0,0.0,0.0,0.0,16.0,11.0,8.0,11.0,12.0,0.0,0.0,1.0,14.0,11.0,1.0,4.0,13.0,0.0,0.0,0.0,3.0,11.0,16.0,15.0,4.0,0.0,6
0.0,0.0,1.0,13.0,4.0,0.0,0.0,0.0,0.0,0.0,5.0,15.0,2.0,0.0,0.0,0.0,0.0,0.0,12.0,7.0,0.0,0.0,0.0,0.0,0.0,0.0,14.0,6.0,0.0,0.0,0.0,0.0,0.0,0.0,16.0,12.0,15.0,15.0,7.0,0.0,0.0,0.0,14.0,14.0,6.0,4.0,14.0,1.0,0.0,0.0,9.0,14.0,3.0,4.0,14.0,2.0,0.0,0.0,1.0,7.0,14.0,16.0,11.0,0.0,6
0.0,0.0,4.0,16.0,6.0,0.0,0.0,0.0,0.0,0.0,12.0,15.0,1.0,0.0,0.0,0.0,0.0,1.0,16.0,11.0,0.0,0.0,0.0,0.0,0.0,8.0,16.0,3.0,0.0,7.0,4.0,0.0,0.0,12.0,16.0,6.0,11.0,16.0,7.0,0.0,0.0,7.0,16.0,16.0,15.0,3.0,0.0,0.0,0.0,0.0,4.0,16.0,10.0,0.0,0.0,0.0,0.0,0.0,4.0,16.0,6.0,0.0,0.0,0.0,4
0.0,0.0,0.0,9.0,15.0,16.0,9.0,0.0,0.0,0.0,10.0,13.0,4.0,12.0,7.0,0.0,0.0,5.0,14.0,1.0,2.0,15.0,3.0,0.0,0.0,4.0,14.0,12.0,16.0,15.0,0.0,0.0,0.0,0.0,1.0,1.0,13.0,7.0,0.0,0.0,0.0,0.0,0.0,4.0,15.0,1.0,0.0,0.0,0.0,0.0,0.0,11.0,8.0,0.0,0.0,0.0,0.0,0.0,0.0,12.0,4.0,0.0,0.0,0.0,9
0.0,0.0,1.0,15.0,11.0,1.0,0.0,0.0,0.0,0.0,2.0,16.0,16.0,7.0,0.0,0.0,0.0,0.0,6.0,16.0,16.0,5.0,0.0,0.0,0.0,0.0,8.0,16.0,16.0,4.0,0.0,0.0,0.0,0.0,9.0,16.0,13.0,0.0,0.0,0.0,0.0,0.0,11.0,16.0,13.0,0.0,0.0,0.0,0.0,0.0,11.0,16.0,11.0,0.0,0.0,0.0,0.0,0.0,1.0,14.0,16.0,3.0,0.0,0.0,1
0.0,0.0,2.0,10.0,16.0,4.0,0.0,0.0,1.0,10.0,16.0,16.0,15.0,4.0,0.0,0.0,0.0,16.0,16.0,10.0,1.0,0.0,0.0,0.0,0.0,15.0,16.0,16.0,7.0,0.0,0.0,0.0,0.0,5.0,11.0,5.0,15.0,2.0,0.0,0.0,0.0,0.0,0.0,0.0,11.0,9.0,0.0,0.0,0.0,0.0,3.0,10.0,16.0,9.0,0.0,0.0,0.0,0.0,2.0,16.0,15.0,2.0,0.0,0.0,5
0.0,0.0,5.0,8.0,11.0,5.0,0.0,0.0,0.0,0.0,13.0,16.0,12.0,12.0,0.0,0.0,0.0,1.0,16.0,9.0,0.0,9.0,3.0,0.0,0.0,3.0,16.0,6.0,0.0,6.0,6.0,0.0,0.0,3.0,11.0,1.0,0.0,5.0,6.0,0.0,0.0,0.0,12.0,0.0,0.0,11.0,6.0,0.0,0.0,0.0,14.0,5.0,12.0,15.0,1.0,0.0,0.0,0.0,6.0,16.0,13.0,2.0,0.0,0.0,0
0.0,0.0,3.0,14.0,16.0,8.0,0.0,0.0,0.0,3.0,15.0,8.0,4.0,15.0,1.0,0.0,0.0,8.0,10.0,0.0,3.0,16.0,8.0,0.0,0.0,3.0,15.0,13.0,16.0,14.0,1.0,0.0,0.0,0.0,2.0,5.0,16.0,4.0,0.0,0.0,0.0,0.0,0.0,8.0,11.0,0.0,0.0,0.0,0.0,0.0,0.0,15.0,2.0,0.0,0.0,0.0,0.0,0.0,2.0,13.0,0.0,0.0,0.0,0.0,9
0.0,0.0,5.0,8.0,12.0,16.0,4.0,0.0,0.0,3.0,16.0,11.0,7.0,1.0,0.0,0.0,0.0,3.0,14.0,6.0,4.0,0.0,0.0,0.0,0.0,5.0,16.0,12.0,14.0,6.0,0.0,0.0,0.0,0.0,2.0,0.0,4.0,12.0,0.0,0.0,0.0,0.0,0.0,0.0,4.0,10.0,0.0,0.0,0.0,0.0,6.0,8.0,14.0,7.0,0.0,0.0,0.0,0.0,7.0,13.0,7.0,0.0,0.0,0.0,5
0.0,0.0,11.0,16.0,15.0,5.0,0.0,0.0,0.0,8.0,16.0,14.0,16.0,8.0,0.0,0.0,0.0,11.0,10.0,0.0,16.0,8.0,0.0,0.0,0.0,3.0,1.0,6.0,16.0,2.0,0.0,0.0,0.0,0.0,1.0,15.0,10.0,0.0,0.0,0.0,0.0,0.0,11.0,15.0,1.0,0.0,0.0,0.0,0.0,0.0,16.0,14.0,12.0,12.0,8.0,0.0,0.0,1.0,15.0,16.0,16.0,14.0,8.0,0.0,2
0.0,0.0,4.0,13.0,15.0,9.0,0.0,0.0,0.0,4.0,14.0,6.0,5.0,16.0,0.0,0.0,0.0,7.0,12.0,2.0,2.0,16.0,0.0,0.0,0.0,4.0,16.0,15.0,14.0,7.0,0.0,0.0,0.0,0.0,9.0,16.0,16.0,5.0,0.0,0.0,0.0,0.0,10.0,6.0,8.0,15.0,2.0,0.0,0.0,0.0,11.0,9.0,4.0,13.0,11.0,0.0,0.0,0.0,2.0,14.0,16.0,15.0,6.0,0.0,8
0.0,2.0,15.0,16.0,15.0,2.0,0.0,0.0,0.0,8.0,14.0,8.0,14.0,8.0,0.0,0.0,0.0,7.0,5.0,2.0,16.0,5.0,0.0,0.0,0.0,0.0,0.0,12.0,13.0,0.0,0.0,0.0,0.0,0.0,8.0,15.0,1.0,0.0,0.0,0.0,0.0,1.0,15.0,7.0,0.0,0.0,0.0,0.0,0.0,4.0,16.0,9.0,8.0,8.0,2.0,0.0,0.0,2.0,15.0,16.0,16.0,16.0,13.0,0.0,2
0.0,0.0,3.0,11.0,16.0,10.0,0.0,0.0,0.0,0.0,10.0,16.0,10.0,14.0,6.0,0.0,0.0,0.0,15.0,7.0,0.0,11.0,8.0,0.0,0.0,3.0,16.0,2.0,0.0,8.0,8.0,0.0,0.0,4.0,12.0,0.0,0.0,9.0,8.0,0.0,0.0,6.0,15.0,1.0,0.0,12.0,8.0,0.0,0.0,3.0,15.0,10.0,8.0,15.0,4.0,0.0,0.0,0.0,5.0,12.0,14.0,9.0,0.0,0.0,0
0.0,0.0,7.0,15.0,9.0,5.0,0.0,0.0,0.0,0.0,14.0,16.0,14.0,15.0,0.0,0.0,0.0,1.0,16.0,8.0,4.0,6.0,4.0,0.0,0.0,4.0,15.0,1.0,0.0,6.0,5.0,0.0,0.0,3.0,11.0,0.0,0.0,7.0,5.0,0.0,0.0,3.0,11.0,0.0,1.0,13.0,2.0,0.0,0.0,1.0,13.0,8.0,13.0,13.0,0.0,0.0,0.0,0.0,6.0,15.0,11.0,1.0,0.0,0.0,0
0.0,0.0,0.0,2.0,13.0,9.0,0.0,0.0,0.0,0.0,0.0,7.0,16.0,15.0,0.0,0.0,0.0,0.0,0.0,11.0,16.0,7.0,0.0,0.0,0.0,0.0,0.0,15.0,16.0,2.0,0.0,0.0,0.0,0.0,7.0,16.0,14.0,0.0,0.0,0.0,0.0,0.0,13.0,16.0,14.0,0.0,0.0,0.0,0.0,0.0,8.0,15.0,16.0,0.0,0.0,0.0,0.0,0.0,0.0,3.0,13.0,8.0,0.0,0.0,1
0.0,0.0,3.0,11.0,16.0,15.0,1.0,0.0,0.0,1.0,16.0,14.0,10.0,16.0,2.0,0.0,0.0,5.0,12.0,0.0,8.0,12.0,0.0,0.0,0.0,0.0,1.0,1.0,13.0,9.0,0.0,0.0,0.0,0.0,11.0,16.0,16.0,13.0,2.0,0.0,0.0,0.0,11.0,14.0,15.0,12.0,5.0,0.0,0.0,0.0,0.0,15.0,9.0,0.0,0.0,0.0,0.0,0.0,0.0,15.0,5.0,0.0,0.0,0.0,7
0.0,0.0,0.0,4.0,15.0,1.0,0.0,0.0,0.0,0.0,0.0,13.0,8.0,1.0,0.0,0.0,0.0,0.0,6.0,12.0,0.0,0.0,0.0,0.0,0.0,0.0,8.0,10.0,0.0,0.0,0.0,0.0,0.0,0.0,13.0,12.0,11.0,10.0,0.0,0.0,0.0,4.0,16.0,15.0,8.0,11.0,10.0,0.0,0.0,1.0,7.0,15.0,4.0,3.0,12.0,0.0,0.0,0.0,0.0,7.0,15.0,16.0,8.0,0.0,6
0.0,0.0,8.0,14.0,15.0,6.0,0.0,0.0,0.0,4.0,16.0,12.0,14.0,11.0,0.0,0.0,0.0,4.0,8.0,1.0,14.0,7.0,0.0,0.0,0.0,0.0,0.0,14.0,16.0,5.0,0.0,0.0,0.0,0.0,0.0,11.0,16.0,16.0,2.0,0.0,0.0,0.0,0.0,0.0,1.0,15.0,7.0,0.0,0.0,0.0,4.0,11.0,8.0,14.0,7.0,0.0,0.0,0.0,11.0,16.0,16.0,10.0,0.0,0.0,3
0.0,0.0,10.0,16.0,16.0,7.0,0.0,0.0,0.0,6.0,15.0,9.0,14.0,12.0,0.0,0.0,0.0,3.0,5.0,0.0,13.0,8.0,0.0,0.0,0.0,0.0,0.0,10.0,13.0,0.0,0.0,0.0,0.0,0.0,2.0,16.0,4.0,0.0,0.0,0.0,0.0,0.0,12.0,8.0,0.0,0.0,0.0,0.0,0.0,0.0,16.0,13.0,11.0,8.0,3.0,0.0,0.0,0.0,12.0,16.0,16.0,16.0,5.0,0.0,2
0.0,0.0,0.0,0.0,10.0,11.0,0.0,0.0,0.0,0.0,0.0,0.0,16.0,13.0,0.0,0.0,0.0,0.0,0.0,7.0,16.0,9.0,0.0,0.0,0.0,0.0,0.0,13.0,16.0,3.0,0.0,0.0,0.0,0.0,10.0,16.0,16.0,0.0,0.0,0.0,0.0,0.0,15.0,16.0,16.0,4.0,0.0,0.0,0.0,3.0,12.0,6.0,16.0,6.0,0.0,0.0,0.0,0.0,0.0,0.0,10.0,13.0,7.0,0.0,1
0.0,0.0,3.0,13.0,16.0,11.0,0.0,0.0,0.0,0.0,14.0,12.0,14.0,16.0,1.0,0.0,0.0,0.0,6.0,0.0,7.0,15.0,0.0,0.0,0.0,0.0,0.0,0.0,12.0,11.0,0.0,0.0,0.0,0.0,8.0,13.0,16.0,14.0,4.0,0.0,0.0,5.0,16.0,16.0,14.0,12.0,4.0,0.0,0.0,0.0,3.0,16.0,3.0,0.0,0.0,0.0,0.0,0.0,8.0,13.0,0.0,0.0,0.0,0.0,7
0.0,0.0,2.0,13.0,13.0,0.0,0.0,0.0,0.0,0.0,9.0,16.0,6.0,0.0,0.0,0.0,0.0,0.0,14.0,16.0,2.0,0.0,4.0,0.0,0.0,5.0,16.0,10.0,1.0,13.0,15.0,0.0,0.0,7.0,16.0,16.0,16.0,16.0,4.0,0.0,0.0,0.0,8.0,15.0,16.0,8.0,0.0,0.0,0.0,0.0,0.0,14.0,10.0,0.0,0.0,0.0,0.0,0.0,1.0,16.0,11.0,0.0,0.0,0.0,4
0.0,0.0,3.0,11.0,0.0,0.0,0.0,0.0,0.0,0.0,12.0,11.0,0.0,0.0,0.0,0.0,0.0,1.0,14.0,1.0,0.0,0.0,0.0,0.0,0.0,2.0,15.0,0.0,0.0,0.0,0.0,0.0,0.0,4.0,15.0,15.0,16.0,15.0,2.0,0.0,0.0,1.0,16.0,8.0,4.0,8.0,11.0,0.0,0.0,1.0,16.0,11.0,7.0,10.0,12.0,0.0,0.0,0.0,5.0,10.0,12.0,15.0,7.0,0.0,6
0.0,0.0,12.0,16.0,16.0,13.0,1.0,0.0,0.0,4.0,15.0,9.0,12.0,16.0,2.0,0.0,0.0,0.0,2.0,0.0,11.0,15.0,0.0,0.0,0.0,0.0,0.0,12.0,16.0,4.0,0.0,0.0,0.0,0.0,0.0,8.0,16.0,13.0,1.0,0.0,0.0,0.0,0.0,0.0,6.0,16.0,6.0,0.0,0.0,0.0,4.0,6.0,6.0,16.0,6.0,0.0,0.0,0.0,12.0,16.0,16.0,9.0,0.0,0.0,3
0.0,0.0,0.0,12.0,15.0,2.0,0.0,0.0,0.0,0.0,0.0,13.0,16.0,8.0,0.0,0.0,0.0,0.0,0.0,14.0,16.0,9.0,0.0,0.0,0.0,0.0,0.0,13.0,16.0,6.0,0.0,0.0,0.0,0.0,7.0,16.0,16.0,3.0,0.0,0.0,0.0,1.0,16.0,16.0,16.0,1.0,0.0,0.0,0.0,0.0,8.0,16.0,16.0,2.0,0.0,0.0,0.0,0.0,0.0,9.0,16.0,7.0,0.0,0.0,1
0.0,2.0,10.0,14.0,11.0,1.0,0.0,0.0,0.0,7.0,15.0,8.0,16.0,4.0,0.0,0.0,0.0,1.0,1.0,6.0,15.0,1.0,0.0,0.0,0.0,0.0,0.0,15.0,9.0,0.0,0.0,0.0,0.0,0.0,1.0,16.0,15.0,9.0,1.0,0.0,0.0,0.0,0.0,1.0,6.0,15.0,8.0,0.0,0.0,2.0,8.0,4.0,6.0,15.0,7.0,0.0,0.0,2.0,13.0,16.0,15.0,9.0,0.0,0.0,3
0.0,0.0,2.0,10.0,16.0,13.0,0.0,0.0,0.0,3.0,16.0,8.0,2.0,16.0,1.0,0.0,0.0,8.0,13.0,0.0,2.0,16.0,6.0,0.0,0.0,6.0,16.0,12.0,16.0,16.0,7.0,0.0,0.0,0.0,2.0,4.0,8.0,12.0,1.0,0.0,0.0,0.0,0.0,1.0,15.0,3.0,0.0,0.0,0.0,0.0,0.0,9.0,10.0,0.0,0.0,0.0,0.0,0.0,1.0,16.0,3.0,0.0,0.0,0.0,9
0.0,0.0,1.0,14.0,7.0,0.0,0.0,0.0,0.0,0.0,6.0,16.0,16.0,1.0,0.0,0.0,0.0,0.0,7.0,16.0,15.0,0.0,0.0,0.0,0.0,0.0,6.0,16.0,15.0,0.0,0.0,0.0,0.0,0.0,6.0,16.0,15.0,0.0,0.0,0.0,0.0,0.0,4.0,16.0,16.0,1.0,0.0,0.0,0.0,0.0,4.0,16.0,16.0,6.0,0.0,0.0,0.0,0.0,1.0,15.0,16.0,8.0,0.0,0.0,1
0.0,0.0,6.0,15.0,16.0,3.0,0.0,0.0,0.0,3.0,16.0,12.0,15.0,8.0,0.0,0.0,0.0,0.0,4.0,0.0,14.0,6.0,0.0,0.0,0.0,0.0,0.0,2.0,16.0,6.0,2.0,0.0,0.0,0.0,4.0,14.0,16.0,16.0,8.0,0.0,0.0,0.0,15.0,16.0,7.0,0.0,0.0,0.0,0.0,0.0,6.0,16.0,0.0,0.0,0.0,0.0,0.0,0.0,7.0,9.0,0.0,0.0,0.0,0.0,7
0.0,0.0,0.0,11.0,16.0,2.0,0.0,0.0,0.0,0.0,7.0,16.0,8.0,2.0,0.0,0.0,0.0,0.0,15.0,7.0,0.0,0.0,0.0,0.0,0.0,0.0,16.0,4.0,3.0,1.0,0.0,0.0,0.0,1.0,16.0,16.0,16.0,16.0,4.0,0.0,0.0,0.0,14.0,12.0,4.0,6.0,12.0,0.0,0.0,0.0,10.0,16.0,5.0,10.0,15.0,0.0,0.0,0.0,2.0,11.0,16.0,12.0,8.0,0.0,6
0.0,0.0,3.0,10.0,12.0,12.0,2.0,0.0,0.0,1.0,13.0,12.0,6.0,13.0,8.0,0.0,0.0,8.0,16.0,8.0,8.0,14.0,1.0,0.0,0.0,5.0,14.0,16.0,16.0,3.0,0.0,0.0,0.0,0.0,12.0,16.0,15.0,2.0,0.0,0.0,0.0,3.0,16.0,2.0,15.0,10.0,0.0,0.0,0.0,4.0,16.0,8.0,12.0,12.0,0.0,0.0,0.0,0.0,9.0,16.0,15.0,3.0,0.0,0.0,8
0.0,0.0,0.0,9.0,11.0,0.0,0.0,0.0,0.0,0.0,2.0,15.0,8.0,0.0,0.0,0.0,0.0,0.0,11.0,15.0,1.0,3.0,8.0,0.0,0.0,6.0,16.0,4.0,0.0,14.0,12.0,0.0,0.0,12.0,16.0,4.0,11.0,16.0,5.0,0.0,0.0,9.0,16.0,16.0,16.0,11.0,0.0,0.0,0.0,0.0,6.0,11.0,16.0,7.0,0.0,0.0,0.0,0.0,0.0,10.0,16.0,4.0,0.0,0.0,4
0.0,1.0,12.0,16.0,10.0,0.0,0.0,0.0,0.0,7.0,11.0,7.0,14.0,1.0,0.0,0.0,0.0,2.0,2.0,3.0,14.0,0.0,0.0,0.0,0.0,0.0,3.0,14.0,6.0,0.0,0.0,0.0,0.0,0.0,12.0,16.0,16.0,6.0,0.0,0.0,0.0,0.0,2.0,0.0,5.0,15.0,6.0,0.0,0.0,1.0,11.0,4.0,4.0,13.0,8.0,0.0,0.0,2.0,14.0,16.0,16.0,13.0,1.0,0.0,3
0.0,0.0,3.0,16.0,11.0,0.0,0.0,0.0,0.0,0.0,0.0,16.0,16.0,6.0,0.0,0.0,0.0,0.0,0.0,13.0,16.0,7.0,0.0,0.0,0.0,0.0,0.0,11.0,16.0,10.0,0.0,0.0,0.0,0.0,0.0,12.0,16.0,6.0,0.0,0.0,0.0,0.0,3.0,16.0,16.0,2.0,0.0,0.0,0.0,0.0,5.0,16.0,15.0,0.0,0.0,0.0,0.0,0.0,3.0,13.0,15.0,0.0,0.0,0.0,1
0.0,0.0,2.0,15.0,12.0,0.0,0.0,0.0,0.0,0.0,9.0,16.0,5.0,0.0,2.0,0.0,0.0,2.0,15.0,10.0,0.0,11.0,16.0,1.0,0.0,10.0,16.0,4.0,6.0,16.0,10.0,0.0,0.0,6.0,16.0,16.0,16.0,15.0,1.0,0.0,0.0,0.0,6.0,13.0,16.0,4.0,0.0,0.0,0.0,0.0,0.0,15.0,13.0,0.0,0.0,0.0,0.0,0.0,6.0,16.0,5.0,0.0,0.0,0.0,4
0.0,0.0,3.0,14.0,7.0,0.0,0.0,0.0,0.0,0.0,14.0,16.0,14.0,9.0,0.0,0.0,0.0,4.0,16.0,16.0,11.0,15.0,3.0,0.0,0.0,5.0,15.0,6.0,0.0,4.0,8.0,0.0,0.0,8.0,8.0,0.0,0.0,4.0,8.0,0.0,0.0,5.0,11.0,0.0,0.0,6.0,6.0,0.0,0.0,0.0,13.0,10.0,5.0,15.0,5.0,0.0,0.0,0.0,2.0,12.0,14.0,8.0,0.0,0.0,0
0.0,0.0,5.0,11.0,16.0,12.0,0.0,0.0,0.0,0.0,16.0,12.0,4.0,3.0,0.0,0.0,0.0,4.0,16.0,6.0,3.0,0.0,0.0,0.0,0.0,4.0,15.0,16.0,16.0,9.0,0.0,0.0,0.0,0.0,0.0,0.0,3.0,16.0,6.0,0.0,0.0,0.0,0.0,0.0,0.0,11.0,6.0,0.0,0.0,0.0,0.0,1.0,8.0,15.0,1.0,0.0,0.0,0.0,6.0,16.0,13.0,1.0,0.0,0.0,5
0.0,0.0,6.0,13.0,16.0,10.0,0.0,0.0,0.0,4.0,13.0,5.0,4.0,16.0,0.0,0.0,0.0,0.0,0.0,1.0,10.0,8.0,0.0,0.0,0.0,0.0,0.0,12.0,16.0,3.0,0.0,0.0,0.0,0.0,0.0,3.0,7.0,15.0,1.0,0.0,0.0,0.0,0.0,0.0,0.0,9.0,8.0,0.0,0.0,0.0,8.0,6.0,3.0,11.0,7.0,0.0,0.0,0.0,4.0,14.0,16.0,11.0,1.0,0.0,3
0.0,0.0,1.0,13.0,7.0,0.0,0.0,0.0,0.0,0.0,7.0,14.0,2.0,0.0,0.0,0.0,0.0,0.0,13.0,5.0,0.0,0.0,0.0,0.0,0.0,0.0,16.0,3.0,0.0,0.0,0.0,0.0,0.0,3.0,16.0,10.0,12.0,12.0,3.0,0.0,0.0,3.0,16.0,11.0,5.0,9.0,12.0,0.0,0.0,1.0,13.0,11.0,4.0,13.0,11.0,0.0,0.0,0.0,1.0,12.0,16.0,11.0,2.0,0.0,6
0.0,0.0,3.0,11.0,15.0,13.0,2.0,0.0,0.0,2.0,15.0,11.0,8.0,14.0,7.0,0.0,0.0,8.0,14.0,0.0,2.0,13.0,2.0,0.0,0.0,3.0,13.0,16.0,16.0,15.0,1.0,0.0,0.0,0.0,0.0,0.0,14.0,5.0,0.0,0.0,0.0,0.0,0.0,7.0,14.0,0.0,0.0,0.0,0.0,0.0,1.0,15.0,4.0,0.0,0.0,0.0,0.0,0.0,2.0,16.0,1.0,0.0,0.0,0.0,9
0.0,0.0,1.0,10.0,14.0,0.0,0.0,0.0,0.0,0.0,8.0,14.0,11.0,3.0,0.0,0.0,0.0,0.0,16.0,2.0,2.0,0.0,0.0,0.0,0.0,3.0,13.0,0.0,0.0,0.0,0.0,0.0,0.0,4.0,13.0,0.0,6.0,10.0,3.0,0.0,0.0,3.0,15.0,13.0,12.0,10.0,12.0,0.0,0.0,0.0,10.0,16.0,4.0,5.0,14.0,0.0,0.0,0.0,0.0,9.0,15.0,14.0,9.0,0.0,6
0.0,0.0,8.0,16.0,15.0,8.0,0.0,0.0,0.0,1.0,16.0,16.0,16.0,2.0,0.0,0.0,0.0,2.0,16.0,16.0,10.0,0.0,0.0,0.0,0.0,2.0,16.0,16.0,12.0,0.0,0.0,0.0,0.0,6.0,16.0,16.0,13.0,0.0,0.0,0.0,0.0,1.0,16.0,16.0,11.0,0.0,0.0,0.0,0.0,0.0,16.0,16.0,10.0,0.0,0.0,0.0,0.0,0.0,7.0,15.0,15.0,0.0,0.0,0.0,1
0.0,0.0,8.0,16.0,16.0,1.0,0.0,0.0,0.0,1.0,12.0,10.0,16.0,5.0,0.0,0.0,0.0,0.0,0.0,3.0,16.0,6.0,0.0,0.0,0.0,0.0,0.0,6.0,16.0,2.0,0.0,0.0,0.0,4.0,12.0,14.0,16.0,12.0,5.0,0.0,0.0,12.0,16.0,16.0,14.0,12.0,5.0,0.0,0.0,0.0,6.0,13.0,0.0,0.0,0.0,0.0,0.0,0.0,11.0,8.0,0.0,0.0,0.0,0.0,7
0.0,2.0,12.0,13.0,16.0,15.0,1.0,0.0,0.0,8.0,16.0,14.0,11.0,7.0,0.0,0.0,0.0,8.0,16.0,7.0,0.0,0.0,0.0,0.0,0.0,7.0,16.0,16.0,11.0,1.0,0.0,0.0,0.0,0.0,2.0,6.0,15.0,9.0,0.0,0.0,0.0,0.0,0.0,0.0,9.0,15.0,0.0,0.0,0.0,0.0,1.0,7.0,16.0,11.0,0.0,0.0,0.0,1.0,16.0,16.0,13.0,1.0,0.0,0.0,5
0.0,0.0,0.0,10.0,14.0,0.0,0.0,0.0,0.0,0.0,1.0,16.0,10.0,0.0,0.0,0.0,0.0,0.0,10.0,16.0,1.0,0.0,0.0,0.0,0.0,4.0,16.0,8.0,0.0,3.0,5.0,0.0,0.0,10.0,15.0,0.0,2.0,15.0,10.0,0.0,0.0,12.0,16.0,14.0,16.0,13.0,1.0,0.0,0.0,2.0,11.0,14.0,16.0,3.0,0.0,0.0,0.0,0.0,0.0,8.0,16.0,2.0,0.0,0.0,4
0.0,0.0,0.0,7.0,12.0,0.0,0.0,0.0,0.0,0.0,3.0,14.0,6.0,0.0,0.0,0.0,0.0,0.0,11.0,8.0,0.0,0.0,1.0,0.0,0.0,4.0,16.0,3.0,1.0,10.0,10.0,0.0,0.0,8.0,16.0,12.0,14.0,13.0,3.0,0.0,0.0,2.0,12.0,10.0,16.0,5.0,0.0,0.0,0.0,0.0,0.0,6.0,16.0,0.0,0.0,0.0,0.0,0.0,0.0,6.0,13.0,0.0,0.0,0.0,4
0.0,0.0,2.0,13.0,16.0,13.0,0.0,0.0,0.0,0.0,14.0,15.0,14.0,16.0,0.0,0.0,0.0,0.0,5.0,0.0,10.0,15.0,0.0,0.0,0.0,0.0,0.0,0.0,13.0,13.0,0.0,0.0,0.0,0.0,7.0,14.0,16.0,16.0,7.0,0.0,0.0,0.0,14.0,16.0,14.0,10.0,3.0,0.0,0.0,0.0,3.0,15.0,5.0,0.0,0.0,0.0,0.0,0.0,4.0,15.0,0.0,0.0,0.0,0.0,7
0.0,0.0,7.0,12.0,12.0,2.0,0.0,0.0,0.0,5.0,15.0,6.0,10.0,9.0,0.0,0.0,0.0,11.0,4.0,0.0,11.0,6.0,0.0,0.0,0.0,3.0,0.0,2.0,15.0,2.0,0.0,0.0,0.0,0.0,1.0,13.0,6.0,0.0,0.0,0.0,0.0,0.0,11.0,11.0,1.0,0.0,0.0,0.0,0.0,1.0,16.0,7.0,4.0,4.0,2.0,0.0,0.0,0.0,11.0,12.0,13.0,14.0,11.0,0.0,2
0.0,0.0,7.0,13.0,16.0,11.0,0.0,0.0,0.0,3.0,16.0,5.0,4.0,14.0,2.0,0.0,0.0,8.0,11.0,1.0,4.0,15.0,2.0,0.0,0.0,3.0,12.0,14.0,16.0,8.0,0.0,0.0,0.0,0.0,8.0,16.0,15.0,1.0,0.0,0.0,0.0,1.0,15.0,5.0,11.0,12.0,0.0,0.0,0.0,3.0,16.0,5.0,7.0,16.0,1.0,0.0,0.0,0.0,5.0,14.0,16.0,15.0,2.0,0.0,8
0.0,3.0,15.0,16.0,13.0,1.0,0.0,0.0,0.0,10.0,13.0,9.0,16.0,4.0,0.0,0.0,0.0,1.0,1.0,0.0,16.0,6.0,0.0,0.0,0.0,0.0,0.0,10.0,15.0,1.0,0.0,0.0,0.0,0.0,10.0,16.0,3.0,0.0,0.0,0.0,0.0,3.0,16.0,7.0,0.0,0.0,0.0,0.0,0.0,5.0,16.0,13.0,12.0,7.0,2.0,0.0,0.0,2.0,13.0,13.0,13.0,16.0,15.0,0.0,2
0.0,3.0,13.0,16.0,9.0,0.0,0.0,0.0,0.0,10.0,15.0,13.0,15.0,2.0,0.0,0.0,0.0,15.0,4.0,4.0,16.0,1.0,0.0,0.0,0.0,0.0,0.0,5.0,16.0,2.0,0.0,0.0,0.0,0.0,1.0,14.0,13.0,0.0,0.0,0.0,0.0,0.0,10.0,16.0,5.0,0.0,0.0,0.0,0.0,4.0,16.0,13.0,8.0,10.0,9.0,1.0,0.0,2.0,16.0,16.0,14.0,12.0,9.0,1.0,2
0.0,0.0,7.0,11.0,12.0,14.0,2.0,0.0,0.0,8.0,16.0,9.0,4.0,3.0,0.0,0.0,0.0,10.0,15.0,5.0,0.0,0.0,0.0,0.0,0.0,3.0,12.0,16.0,14.0,4.0,0.0,0.0,0.0,0.0,0.0,2.0,13.0,16.0,2.0,0.0,0.0,0.0,0.0,0.0,0.0,15.0,9.0,0.0,0.0,0.0,2.0,4.0,8.0,15.0,9.0,0.0,0.0,0.0,10.0,16.0,13.0,8.0,0.0,0.0,5
0.0,0.0,1.0,9.0,16.0,16.0,3.0,0.0,0.0,0.0,14.0,11.0,8.0,16.0,8.0,0.0,0.0,0.0,4.0,0.0,0.0,15.0,6.0,0.0,0.0,0.0,0.0,0.0,7.0,16.0,3.0,0.0,0.0,0.0,6.0,12.0,16.0,16.0,9.0,0.0,0.0,1.0,16.0,14.0,16.0,5.0,0.0,0.0,0.0,0.0,2.0,8.0,16.0,0.0,0.0,0.0,0.0,0.0,0.0,12.0,7.0,0.0,0.0,0.0,7
0.0,0.0,0.0,5.0,13.0,16.0,8.0,0.0,0.0,0.0,8.0,15.0,6.0,7.0,14.0,0.0,0.0,2.0,16.0,1.0,1.0,11.0,10.0,0.0,0.0,4.0,16.0,15.0,16.0,16.0,6.0,0.0,0.0,0.0,4.0,4.0,5.0,15.0,1.0,0.0,0.0,0.0,0.0,0.0,9.0,8.0,0.0,0.0,0.0,0.0,0.0,2.0,15.0,1.0,0.0,0.0,0.0,0.0,0.0,6.0,10.0,0.0,0.0,0.0,9
0.0,4.0,10.0,15.0,16.0,16.0,14.0,0.0,0.0,11.0,16.0,14.0,8.0,5.0,2.0,0.0,0.0,6.0,16.0,8.0,0.0,0.0,0.0,0.0,0.0,0.0,10.0,15.0,1.0,0.0,0.0,0.0,0.0,0.0,2.0,16.0,5.0,0.0,0.0,0.0,0.0,0.0,0.0,13.0,10.0,0.0,0.0,0.0,0.0,5.0,10.0,14.0,10.0,0.0,0.0,0.0,0.0,3.0,16.0,15.0,3.0,0.0,0.0,0.0,5
0.0,0.0,1.0,15.0,7.0,0.0,0.0,0.0,0.0,0.0,6.0,16.0,3.0,0.0,0.0,0.0,0.0,1.0,16.0,10.0,0.0,1.0,3.0,0.0,0.0,5.0,16.0,3.0,1.0,12.0,15.0,0.0,0.0,11.0,16.0,8.0,14.0,15.0,3.0,0.0,0.0,6.0,16.0,16.0,16.0,5.0,0.0,0.0,0.0,0.0,1.0,14.0,11.0,0.0,0.0,0.0,0.0,0.0,2.0,16.0,12.0,0.0,0.0,0.0,4
0.0,0.0,4.0,11.0,14.0,4.0,0.0,0.0,0.0,5.0,13.0,4.0,9.0,7.0,0.0,0.0,0.0,7.0,10.0,10.0,13.0,2.0,0.0,0.0,0.0,1.0,9.0,16.0,15.0,2.0,0.0,0.0,0.0,0.0,8.0,7.0,9.0,12.0,0.0,0.0,0.0,0.0,12.0,0.0,1.0,14.0,5.0,0.0,0.0,0.0,11.0,6.0,0.0,7.0,8.0,0.0,0.0,0.0,2.0,15.0,16.0,15.0,4.0,0.0,8
0.0,0.0,3.0,12.0,15.0,14.0,3.0,0.0,0.0,1.0,16.0,5.0,0.0,8.0,12.0,0.0,0.0,6.0,16.0,11.0,2.0,13.0,7.0,0.0,0.0,2.0,9.0,15.0,16.0,4.0,0.0,0.0,0.0,0.0,3.0,14.0,16.0,7.0,0.0,0.0,0.0,0.0,9.0,5.0,6.0,15.0,0.0,0.0,0.0,0.0,11.0,10.0,7.0,16.0,2.0,0.0,0.0,0.0,3.0,12.0,16.0,13.0,0.0,0.0,8
0.0,0.0,0.0,6.0,16.0,2.0,0.0,0.0,0.0,0.0,2.0,15.0,15.0,0.0,0.0,0.0,0.0,0.0,15.0,16.0,3.0,2.0,3.0,0.0,0.0,7.0,16.0,7.0,3.0,15.0,11.0,0.0,0.0,7.0,16.0,14.0,14.0,16.0,5.0,0.0,0.0,1.0,7.0,12.0,16.0,10.0,0.0,0.0,0.0,0.0,0.0,7.0,16.0,4.0,0.0,0.0,0.0,0.0,0.0,10.0,15.0,0.0,0.0,0.0,4
0.0,0.0,0.0,2.0,9.0,16.0,10.0,0.0,0.0,0.0,7.0,15.0,8.0,7.0,12.0,0.0,0.0,1.0,15.0,3.0,0.0,11.0,12.0,0.0,0.0,8.0,14.0,9.0,13.0,16.0,8.0,0.0,0.0,1.0,7.0,7.0,3.0,13.0,4.0,0.0,0.0,0.0,0.0,0.0,5.0,13.0,0.0,0.0,0.0,0.0,0.0,0.0,10.0,9.0,0.0,0.0,0.0,0.0,0.0,0.0,14.0,4.0,0.0,0.0,9
0.0,0.0,5.0,11.0,4.0,1.0,0.0,0.0,0.0,0.0,15.0,16.0,16.0,11.0,0.0,0.0,0.0,2.0,16.0,9.0,2.0,12.0,4.0,0.0,0.0,6.0,13.0,0.0,0.0,6.0,6.0,0.0,0.0,3.0,13.0,0.0,0.0,5.0,9.0,0.0,0.0,3.0,16.0,0.0,0.0,6.0,8.0,0.0,0.0,0.0,13.0,12.0,8.0,16.0,7.0,0.0,0.0,0.0,4.0,13.0,12.0,10.0,0.0,0.0,0
0.0,0.0,1.0,13.0,16.0,14.0,4.0,0.0,0.0,2.0,11.0,8.0,4.0,11.0,7.0,0.0,0.0,6.0,16.0,3.0,3.0,13.0,2.0,0.0,0.0,0.0,9.0,14.0,14.0,4.0,0.0,0.0,0.0,0.0,7.0,16.0,10.0,0.0,0.0,0.0,0.0,0.0,12.0,10.0,16.0,1.0,0.0,0.0,0.0,0.0,11.0,10.0,15.0,4.0,0.0,0.0,0.0,0.0,1.0,14.0,15.0,1.0,0.0,0.0,8
0.0,0.0,0.0,9.0,15.0,12.0,1.0,0.0,0.0,1.0,11.0,12.0,5.0,15.0,4.0,0.0,0.0,6.0,14.0,0.0,0.0,13.0,7.0,0.0,0.0,5.0,16.0,12.0,12.0,16.0,4.0,0.0,0.0,0.0,3.0,8.0,14.0,8.0,0.0,0.0,0.0,0.0,0.0,2.0,15.0,1.0,0.0,0.0,0.0,0.0,0.0,9.0,10.0,0.0,0.0,0.0,0.0,0.0,0.0,10.0,9.0,0.0,0.0,0.0,9
0.0,1.0,9.0,15.0,16.0,9.0,0.0,0.0,0.0,6.0,12.0,1.0,2.0,16.0,0.0,0.0,0.0,0.0,1.0,0.0,8.0,14.0,0.0,0.0,0.0,0.0,0.0,10.0,15.0,3.0,0.0,0.0,0.0,0.0,0.0,7.0,15.0,5.0,0.0,0.0,0.0,0.0,0.0,0.0,4.0,13.0,2.0,0.0,0.0,2.0,7.0,4.0,4.0,14.0,3.0,0.0,0.0,0.0,9.0,16.0,16.0,10.0,0.0,0.0,3
0.0,0.0,9.0,15.0,5.0,0.0,0.0,0.0,0.0,3.0,15.0,15.0,16.0,4.0,0.0,0.0,0.0,10.0,14.0,0.0,9.0,14.0,0.0,0.0,0.0,8.0,12.0,0.0,0.0,12.0,5.0,0.0,0.0,8.0,8.0,0.0,0.0,10.0,8.0,0.0,0.0,5.0,14.0,0.0,0.0,12.0,8.0,0.0,0.0,0.0,16.0,7.0,12.0,16.0,4.0,0.0,0.0,0.0,9.0,16.0,15.0,7.0,0.0,0.0,0
0.0,0.0,0.0,0.0,13.0,16.0,6.0,0.0,0.0,0.0,3.0,11.0,16.0,16.0,5.0,0.0,0.0,5.0,16.0,16.0,16.0,16.0,4.0,0.0,0.0,4.0,10.0,9.0,16.0,16.0,4.0,0.0,0.0,0.0,0.0,0.0,13.0,16.0,4.0,0.0,0.0,0.0,0.0,0.0,12.0,16.0,4.0,0.0,0.0,0.0,0.0,2.0,16.0,16.0,7.0,0.0,0.0,0.0,0.0,1.0,12.0,14.0,5.0,0.0,1
0.0,0.0,7.0,14.0,5.0,0.0,0.0,0.0,0.0,5.0,16.0,16.0,11.0,0.0,0.0,0.0,0.0,2.0,14.0,2.0,14.0,0.0,0.0,0.0,0.0,0.0,0.0,5.0,16.0,0.0,0.0,0.0,0.0,0.0,0.0,8.0,16.0,0.0,0.0,0.0,0.0,0.0,0.0,11.0,12.0,0.0,0.0,0.0,0.0,0.0,11.0,16.0,14.0,8.0,10.0,0.0,0.0,0.0,7.0,12.0,12.0,12.0,15.0,2.0,2
0.0,0.0,8.0,12.0,12.0,14.0,3.0,0.0,0.0,0.0,11.0,11.0,10.0,16.0,2.0,0.0,0.0,0.0,0.0,0.0,9.0,13.0,0.0,0.0,0.0,0.0,0.0,14.0,16.0,13.0,0.0,0.0,0.0,0.0,0.0,8.0,8.0,16.0,4.0,0.0,0.0,0.0,3.0,0.0,0.0,16.0,4.0,0.0,0.0,1.0,16.0,9.0,9.0,15.0,2.0,0.0,0.0,1.0,11.0,14.0,15.0,3.0,0.0,0.0,3
0.0,0.0,0.0,2.0,13.0,1.0,0.0,0.0,0.0,0.0,0.0,9.0,15.0,2.0,0.0,0.0,0.0,0.0,4.0,16.0,16.0,8.0,0.0,0.0,0.0,0.0,12.0,9.0,14.0,6.0,0.0,0.0,0.0,5.0,14.0,0.0,13.0,7.0,1.0,0.0,0.0,9.0,15.0,12.0,16.0,16.0,4.0,0.0,0.0,2.0,8.0,9.0,16.0,10.0,1.0,0.0,0.0,0.0,0.0,1.0,13.0,2.0,0.0,0.0,4
0.0,0.0,12.0,13.0,12.0,12.0,12.0,0.0,0.0,0.0,16.0,13.0,12.0,11.0,11.0,0.0,0.0,0.0,16.0,13.0,11.0,2.0,0.0,0.0,0.0,3.0,16.0,14.0,16.0,7.0,0.0,0.0,0.0,0.0,0.0,0.0,11.0,11.0,0.0,0.0,0.0,0.0,0.0,0.0,8.0,11.0,0.0,0.0,0.0,1.0,14.0,11.0,15.0,9.0,0.0,0.0,0.0,0.0,10.0,14.0,12.0,0.0,0.0,0.0,5
0.0,0.0,1.0,11.0,14.0,0.0,0.0,0.0,0.0,0.0,9.0,16.0,12.0,0.0,0.0,0.0,0.0,1.0,16.0,7.0,0.0,0.0,0.0,0.0,0.0,7.0,16.0,5.0,5.0,4.0,0.0,0.0,0.0,7.0,16.0,16.0,16.0,16.0,5.0,0.0,0.0,0.0,16.0,13.0,4.0,13.0,7.0,0.0,0.0,0.0,9.0,16.0,14.0,16.0,4.0,0.0,0.0,0.0,1.0,11.0,14.0,9.0,0.0,0.0,6
0.0,0.0,2.0,12.0,8.0,7.0,6.0,2.0,0.0,0.0,9.0,16.0,15.0,16.0,16.0,5.0,0.0,0.0,13.0,11.0,0.0,10.0,14.0,0.0,0.0,0.0,11.0,3.0,2.0,15.0,4.0,0.0,0.0,0.0,0.0,0.0,11.0,9.0,0.0,0.0,0.0,0.0,0.0,8.0,16.0,4.0,0.0,0.0,0.0,0.0,0.0,15.0,12.0,0.0,0.0,0.0,0.0,0.0,4.0,16.0,2.0,0.0,0.0,0.0,7
0.0,0.0,1.0,6.0,8.0,9.0,3.0,0.0,0.0,0.0,13.0,15.0,12.0,11.0,7.0,0.0,0.0,0.0,13.0,11.0,0.0,9.0,7.0,0.0,0.0,0.0,5.0,15.0,15.0,15.0,0.0,0.0,0.0,0.0,1.0,14.0,16.0,16.0,0.0,0.0,0.0,0.0,11.0,9.0,0.0,16.0,1.0,0.0,0.0,0.0,9.0,10.0,10.0,13.0,0.0,0.0,0.0,0.0,3.0,11.0,9.0,2.0,0.0,0.0,8
0.0,0.0,7.0,14.0,13.0,8.0,0.0,0.0,0.0,1.0,15.0,13.0,14.0,14.0,0.0,0.0,0.0,0.0,13.0,13.0,13.0,16.0,3.0,0.0,0.0,0.0,4.0,14.0,13.0,16.0,4.0,0.0,0.0,0.0,0.0,0.0,0.0,12.0,4.0,0.0,0.0,0.0,0.0,0.0,0.0,14.0,4.0,0.0,0.0,7.0,16.0,9.0,10.0,15.0,2.0,0.0,0.0,1.0,8.0,13.0,15.0,8.0,0.0,0.0,9
0.0,0.0,4.0,13.0,12.0,1.0,0.0,0.0,0.0,2.0,15.0,14.0,16.0,13.0,0.0,0.0,0.0,6.0,16.0,4.0,6.0,16.0,5.0,0.0,0.0,8.0,15.0,1.0,0.0,12.0,8.0,0.0,0.0,8.0,12.0,0.0,0.0,12.0,8.0,0.0,0.0,5.0,13.0,0.0,1.0,13.0,8.0,0.0,0.0,1.0,15.0,10.0,12.0,16.0,3.0,0.0,0.0,0.0,6.0,16.0,13.0,4.0,0.0,0.0,0
0.0,0.0,1.0,8.0,16.0,7.0,0.0,0.0,0.0,0.0,3.0,16.0,16.0,12.0,0.0,0.0,0.0,1.0,15.0,16.0,16.0,12.0,0.0,0.0,0.0,3.0,12.0,15.0,16.0,12.0,0.0,0.0,0.0,0.0,0.0,8.0,16.0,10.0,0.0,0.0,0.0,0.0,0.0,11.0,16.0,14.0,0.0,0.0,0.0,0.0,0.0,11.0,16.0,16.0,1.0,0.0,0.0,0.0,0.0,5.0,13.0,7.0,0.0,0.0,1
0.0,0.0,7.0,13.0,3.0,0.0,0.0,0.0,0.0,0.0,15.0,16.0,11.0,0.0,0.0,0.0,0.0,0.0,14.0,5.0,15.0,3.0,0.0,0.0,0.0,0.0,6.0,2.0,14.0,5.0,0.0,0.0,0.0,0.0,0.0,0.0,12.0,8.0,0.0,0.0,0.0,0.0,0.0,6.0,16.0,4.0,4.0,0.0,0.0,0.0,7.0,16.0,16.0,16.0,16.0,3.0,0.0,0.0,6.0,15.0,6.0,9.0,9.0,1.0,2
0.0,0.0,10.0,16.0,10.0,0.0,0.0,0.0,0.0,8.0,16.0,14.0,16.0,2.0,0.0,0.0,0.0,3.0,15.0,8.0,16.0,3.0,0.0,0.0,0.0,0.0,0.0,11.0,16.0,7.0,0.0,0.0,0.0,0.0,0.0,3.0,10.0,15.0,2.0,0.0,0.0,0.0,10.0,0.0,0.0,14.0,8.0,0.0,0.0,1.0,16.0,6.0,8.0,13.0,8.0,0.0,0.0,1.0,15.0,16.0,13.0,10.0,1.0,0.0,3
0.0,0.0,0.0,11.0,4.0,0.0,0.0,0.0,0.0,0.0,1.0,16.0,4.0,3.0,0.0,0.0,0.0,0.0,10.0,9.0,16.0,4.0,0.0,0.0,0.0,2.0,14.0,5.0,16.0,2.0,0.0,0.0,0.0,8.0,13.0,7.0,16.0,11.0,2.0,0.0,0.0,10.0,16.0,16.0,16.0,14.0,1.0,0.0,0.0,0.0,0.0,11.0,13.0,0.0,0.0,0.0,0.0,0.0,0.0,11.0,7.0,0.0,0.0,0.0,4
0.0,1.0,8.0,8.0,9.0,13.0,8.0,0.0,0.0,2.0,16.0,16.0,16.0,14.0,9.0,0.0,0.0,3.0,16.0,2.0,0.0,0.0,0.0,0.0,0.0,5.0,16.0,16.0,15.0,1.0,0.0,0.0,0.0,5.0,10.0,8.0,15.0,5.0,0.0,0.0,0.0,0.0,0.0,0.0,13.0,7.0,0.0,0.0,0.0,0.0,15.0,12.0,16.0,2.0,0.0,0.0,0.0,0.0,11.0,16.0,9.0,0.0,0.0,0.0,5
0.0,0.0,2.0,11.0,13.0,4.0,0.0,0.0,0.0,0.0,12.0,16.0,13.0,15.0,0.0,0.0,0.0,0.0,16.0,9.0,1.0,3.0,0.0,0.0,0.0,4.0,16.0,6.0,14.0,9.0,1.0,0.0,0.0,7.0,16.0,16.0,16.0,16.0,6.0,0.0,0.0,1.0,16.0,14.0,4.0,16.0,8.0,0.0,0.0,0.0,12.0,16.0,13.0,16.0,2.0,0.0,0.0,0.0,2.0,10.0,16.0,7.0,0.0,0.0,6
0.0,0.0,1.0,8.0,8.0,9.0,12.0,7.0,0.0,0.0,8.0,16.0,12.0,13.0,16.0,5.0,0.0,0.0,11.0,6.0,0.0,8.0,11.0,0.0,0.0,0.0,15.0,3.0,1.0,15.0,3.0,0.0,0.0,0.0,1.0,0.0,10.0,9.0,0.0,0.0,0.0,0.0,0.0,3.0,13.0,1.0,0.0,0.0,0.0,0.0,0.0,13.0,7.0,0.0,0.0,0.0,0.0,0.0,1.0,11.0,1.0,0.0,0.0,0.0,7
0.0,0.0,5.0,11.0,8.0,7.0,0.0,0.0,0.0,3.0,16.0,11.0,9.0,16.0,4.0,0.0,0.0,0.0,14.0,3.0,7.0,15.0,0.0,0.0,0.0,0.0,5.0,15.0,15.0,3.0,0.0,0.0,0.0,0.0,10.0,15.0,14.0,1.0,0.0,0.0,0.0,4.0,13.0,0.0,9.0,7.0,0.0,0.0,0.0,3.0,11.0,5.0,13.0,7.0,0.0,0.0,0.0,0.0,6.0,10.0,6.0,0.0,0.0,0.0,8
0.0,0.0,5.0,16.0,11.0,0.0,0.0,0.0,0.0,0.0,12.0,13.0,13.0,11.0,0.0,0.0,0.0,0.0,13.0,8.0,6.0,16.0,0.0,0.0,0.0,0.0,7.0,14.0,16.0,16.0,4.0,0.0,0.0,0.0,0.0,7.0,8.0,14.0,7.0,0.0,0.0,0.0,4.0,0.0,0.0,8.0,12.0,0.0,0.0,1.0,15.0,11.0,8.0,13.0,11.0,0.0,0.0,0.0,5.0,11.0,12.0,14.0,3.0,0.0,9
0.0,0.0,3.0,12.0,11.0,1.0,0.0,0.0,0.0,1.0,14.0,14.0,15.0,8.0,0.0,0.0,0.0,3.0,16.0,2.0,5.0,16.0,1.0,0.0,0.0,4.0,16.0,0.0,0.0,14.0,6.0,0.0,0.0,4.0,16.0,0.0,0.0,11.0,8.0,0.0,0.0,3.0,16.0,2.0,0.0,10.0,8.0,0.0,0.0,0.0,10.0,15.0,13.0,16.0,3.0,0.0,0.0,0.0,1.0,15.0,14.0,6.0,0.0,0.0,0
0.0,0.0,0.0,5.0,15.0,13.0,1.0,0.0,0.0,0.0,2.0,14.0,16.0,16.0,4.0,0.0,0.0,0.0,8.0,16.0,16.0,16.0,4.0,0.0,0.0,6.0,15.0,16.0,16.0,16.0,1.0,0.0,0.0,3.0,7.0,10.0,16.0,16.0,4.0,0.0,0.0,0.0,0.0,11.0,16.0,16.0,1.0,0.0,0.0,0.0,0.0,12.0,16.0,16.0,1.0,0.0,0.0,0.0,0.0,6.0,14.0,12.0,1.0,0.0,1
0.0,0.0,9.0,11.0,2.0,0.0,0.0,0.0,0.0,8.0,16.0,14.0,12.0,0.0,0.0,0.0,0.0,9.0,10.0,5.0,15.0,0.0,0.0,0.0,0.0,5.0,10.0,4.0,16.0,1.0,0.0,0.0,0.0,0.0,0.0,5.0,15.0,0.0,0.0,0.0,0.0,0.0,2.0,13.0,9.0,2.0,1.0,0.0,0.0,0.0,10.0,16.0,15.0,14.0,15.0,0.0,0.0,0.0,7.0,9.0,9.0,12.0,4.0,0.0,2
0.0,0.0,3.0,13.0,13.0,1.0,0.0,0.0,0.0,0.0,10.0,15.0,16.0,7.0,0.0,0.0,0.0,0.0,5.0,3.0,15.0,10.0,0.0,0.0,0.0,0.0,0.0,0.0,16.0,15.0,1.0,0.0,0.0,2.0,7.0,0.0,4.0,16.0,8.0,0.0,0.0,5.0,13.0,0.0,0.0,14.0,9.0,0.0,0.0,0.0,14.0,11.0,9.0,16.0,8.0,0.0,0.0,0.0,3.0,12.0,13.0,8.0,0.0,0.0,3
0.0,0.0,0.0,4.0,12.0,0.0,0.0,0.0,0.0,0.0,0.0,12.0,16.0,8.0,0.0,0.0,0.0,0.0,4.0,16.0,15.0,8.0,0.0,0.0,0.0,1.0,15.0,8.0,14.0,7.0,0.0,0.0,0.0,6.0,16.0,8.0,14.0,14.0,4.0,0.0,0.0,10.0,16.0,16.0,16.0,13.0,1.0,0.0,0.0,0.0,0.0,2.0,16.0,4.0,0.0,0.0,0.0,0.0,0.0,4.0,13.0,2.0,0.0,0.0,4
0.0,0.0,6.0,8.0,11.0,14.0,14.0,0.0,0.0,1.0,16.0,16.0,13.0,12.0,7.0,0.0,0.0,0.0,16.0,7.0,1.0,0.0,0.0,0.0,0.0,4.0,16.0,16.0,15.0,1.0,0.0,0.0,0.0,1.0,5.0,6.0,13.0,9.0,0.0,0.0,0.0,0.0,6.0,0.0,12.0,9.0,0.0,0.0,0.0,0.0,12.0,10.0,16.0,4.0,0.0,0.0,0.0,0.0,10.0,14.0,8.0,0.0,0.0,0.0,5
0.0,0.0,1.0,11.0,14.0,6.0,0.0,0.0,0.0,0.0,4.0,16.0,14.0,4.0,0.0,0.0,0.0,0.0,12.0,16.0,2.0,0.0,0.0,0.0,0.0,2.0,16.0,16.0,12.0,5.0,0.0,0.0,0.0,7.0,16.0,16.0,16.0,16.0,3.0,0.0,0.0,3.0,15.0,5.0,0.0,15.0,13.0,0.0,0.0,0.0,11.0,16.0,14.0,16.0,10.0,0.0,0.0,0.0,0.0,12.0,13.0,9.0,1.0,0.0,6
0.0,0.0,2.0,10.0,10.0,12.0,15.0,10.0,0.0,0.0,9.0,16.0,12.0,8.0,15.0,6.0,0.0,0.0,13.0,9.0,0.0,4.0,12.0,1.0,0.0,1.0,16.0,3.0,1.0,13.0,2.0,0.0,0.0,0.0,5.0,0.0,9.0,7.0,0.0,0.0,0.0,0.0,0.0,3.0,13.0,1.0,0.0,0.0,0.0,0.0,0.0,12.0,7.0,0.0,0.0,0.0,0.0,0.0,0.0,14.0,2.0,0.0,0.0,0.0,7
0.0,0.0,1.0,11.0,14.0,5.0,0.0,0.0,0.0,1.0,16.0,14.0,6.0,13.0,1.0,0.0,0.0,9.0,14.0,2.0,0.0,16.0,4.0,0.0,0.0,5.0,13.0,0.0,6.0,16.0,1.0,0.0,0.0,1.0,15.0,16.0,16.0,12.0,0.0,0.0,0.0,0.0,5.0,14.0,3.0,13.0,4.0,0.0,0.0,0.0,3.0,15.0,7.0,16.0,1.0,0.0,0.0,0.0,0.0,11.0,16.0,8.0,0.0,0.0,8
0.0,0.0,3.0,14.0,10.0,3.0,0.0,0.0,0.0,0.0,10.0,14.0,13.0,15.0,1.0,0.0,0.0,0.0,12.0,4.0,4.0,16.0,4.0,0.0,0.0,0.0,6.0,15.0,15.0,16.0,8.0,0.0,0.0,0.0,1.0,8.0,8.0,14.0,8.0,0.0,0.0,0.0,2.0,0.0,0.0,9.0,11.0,0.0,0.0,0.0,16.0,10.0,8.0,12.0,12.0,0.0,0.0,0.0,7.0,12.0,14.0,14.0,6.0,0.0,9
0.0,0.0,4.0,14.0,9.0,0.0,0.0,0.0,0.0,0.0,13.0,16.0,16.0,10.0,0.0,0.0,0.0,4.0,16.0,4.0,5.0,16.0,6.0,0.0,0.0,8.0,14.0,0.0,1.0,15.0,5.0,0.0,0.0,6.0,16.0,0.0,0.0,13.0,4.0,0.0,0.0,4.0,15.0,1.0,7.0,16.0,1.0,0.0,0.0,2.0,15.0,14.0,16.0,7.0,0.0,0.0,0.0,0.0,4.0,13.0,9.0,0.0,0.0,0.0,0
0.0,0.0,5.0,14.0,11.0,1.0,0.0,0.0,0.0,0.0,16.0,10.0,14.0,13.0,0.0,0.0,0.0,0.0,14.0,2.0,8.0,16.0,6.0,0.0,0.0,0.0,12.0,7.0,10.0,16.0,8.0,0.0,0.0,0.0,5.0,16.0,16.0,15.0,8.0,0.0,0.0,1.0,3.0,1.0,2.0,11.0,9.0,0.0,0.0,1.0,15.0,6.0,4.0,12.0,11.0,0.0,0.0,0.0,6.0,16.0,14.0,12.0,3.0,0.0,9
0.0,1.0,14.0,13.0,12.0,8.0,5.0,0.0,0.0,4.0,16.0,11.0,12.0,15.0,7.0,0.0,0.0,8.0,16.0,16.0,13.0,1.0,0.0,0.0,0.0,3.0,9.0,7.0,15.0,7.0,0.0,0.0,0.0,0.0,0.0,0.0,8.0,9.0,0.0,0.0,0.0,0.0,2.0,0.0,6.0,12.0,0.0,0.0,0.0,0.0,16.0,8.0,12.0,11.0,0.0,0.0,0.0,0.0,12.0,14.0,12.0,4.0,0.0,0.0,5
0.0,1.0,8.0,12.0,16.0,16.0,7.0,0.0,0.0,7.0,16.0,12.0,12.0,12.0,5.0,0.0,0.0,4.0,13.0,3.0,0.0,0.0,0.0,0.0,0.0,4.0,16.0,16.0,13.0,0.0,0.0,0.0,0.0,2.0,8.0,6.0,15.0,6.0,0.0,0.0,0.0,0.0,7.0,0.0,9.0,12.0,0.0,0.0,0.0,0.0,16.0,11.0,13.0,12.0,0.0,0.0,0.0,0.0,5.0,13.0,12.0,5.0,0.0,0.0,5
0.0,0.0,1.0,9.0,14.0,11.0,1.0,0.0,0.0,0.0,10.0,15.0,9.0,13.0,5.0,0.0,0.0,3.0,16.0,7.0,0.0,0.0,0.0,0.0,0.0,5.0,16.0,16.0,16.0,10.0,0.0,0.0,0.0,7.0,16.0,11.0,10.0,16.0,5.0,0.0,0.0,2.0,16.0,5.0,0.0,12.0,8.0,0.0,0.0,0.0,10.0,15.0,13.0,16.0,5.0,0.0,0.0,0.0,0.0,9.0,12.0,7.0,0.0,0.0,6
0.0,0.0,11.0,10.0,12.0,14.0,11.0,0.0,0.0,0.0,16.0,16.0,16.0,16.0,7.0,0.0,0.0,1.0,16.0,16.0,16.0,12.0,0.0,0.0,0.0,1.0,5.0,2.0,11.0,15.0,0.0,0.0,0.0,0.0,1.0,0.0,2.0,16.0,0.0,0.0,0.0,3.0,12.0,0.0,3.0,15.0,0.0,0.0,0.0,6.0,15.0,8.0,13.0,11.0,0.0,0.0,0.0,0.0,9.0,14.0,9.0,2.0,0.0,0.0,5
0.0,0.0,10.0,15.0,6.0,0.0,0.0,0.0,0.0,2.0,16.0,14.0,16.0,7.0,0.0,0.0,0.0,4.0,16.0,8.0,5.0,16.0,1.0,0.0,0.0,5.0,12.0,0.0,0.0,12.0,8.0,0.0,0.0,8.0,9.0,0.0,0.0,12.0,8.0,0.0,0.0,5.0,12.0,0.0,1.0,15.0,3.0,0.0,0.0,4.0,13.0,4.0,12.0,13.0,0.0,0.0,0.0,0.0,9.0,16.0,13.0,4.0,0.0,0.0,0
0.0,0.0,9.0,16.0,11.0,1.0,0.0,0.0,0.0,5.0,16.0,10.0,16.0,9.0,0.0,0.0,0.0,6.0,14.0,1.0,9.0,15.0,0.0,0.0,0.0,1.0,15.0,6.0,11.0,16.0,2.0,0.0,0.0,0.0,7.0,16.0,15.0,16.0,7.0,0.0,0.0,0.0,0.0,3.0,1.0,11.0,9.0,0.0,0.0,3.0,14.0,9.0,9.0,14.0,12.0,0.0,0.0,0.0,12.0,16.0,16.0,13.0,3.0,0.0,9
0.0,0.0,4.0,15.0,13.0,3.0,0.0,0.0,0.0,1.0,16.0,13.0,16.0,15.0,1.0,0.0,0.0,6.0,15.0,0.0,4.0,16.0,4.0,0.0,0.0,3.0,15.0,14.0,16.0,14.0,0.0,0.0,0.0,0.0,4.0,16.0,16.0,11.0,0.0,0.0,0.0,0.0,11.0,12.0,8.0,16.0,5.0,0.0,0.0,0.0,16.0,10.0,12.0,16.0,3.0,0.0,0.0,0.0,7.0,16.0,13.0,7.0,0.0,0.0,8
0.0,1.0,7.0,12.0,13.0,3.0,0.0,0.0,0.0,7.0,13.0,6.0,15.0,14.0,0.0,0.0,0.0,6.0,10.0,0.0,13.0,16.0,0.0,0.0,0.0,1.0,13.0,13.0,15.0,16.0,1.0,0.0,0.0,0.0,0.0,4.0,1.0,12.0,8.0,0.0,0.0,0.0,0.0,0.0,0.0,12.0,8.0,0.0,0.0,0.0,12.0,13.0,5.0,14.0,8.0,0.0,0.0,0.0,5.0,12.0,16.0,11.0,1.0,0.0,9
0.0,0.0,5.0,12.0,9.0,1.0,0.0,0.0,0.0,0.0,16.0,9.0,15.0,9.0,0.0,0.0,0.0,2.0,14.0,1.0,10.0,12.0,0.0,0.0,0.0,0.0,9.0,14.0,16.0,11.0,0.0,0.0,0.0,0.0,3.0,15.0,16.0,9.0,0.0,0.0,0.0,0.0,12.0,10.0,3.0,13.0,1.0,0.0,0.0,0.0,11.0,8.0,5.0,16.0,3.0,0.0,0.0,0.0,4.0,10.0,8.0,3.0,0.0,0.0,8
0.0,0.0,0.0,5.0,14.0,0.0,0.0,0.0,0.0,0.0,0.0,13.0,14.0,12.0,0.0,0.0,0.0,0.0,7.0,13.0,6.0,13.0,0.0,0.0,0.0,2.0,16.0,3.0,10.0,11.0,0.0,0.0,0.0,6.0,16.0,13.0,16.0,16.0,5.0,0.0,0.0,2.0,8.0,9.0,16.0,11.0,2.0,0.0,0.0,0.0,0.0,3.0,16.0,0.0,0.0,0.0,0.0,0.0,0.0,7.0,12.0,0.0,0.0,0.0,4
0.0,0.0,0.0,1.0,12.0,7.0,0.0,0.0,0.0,0.0,0.0,9.0,16.0,16.0,1.0,0.0,0.0,1.0,7.0,15.0,16.0,14.0,0.0,0.0,0.0,4.0,16.0,16.0,16.0,16.0,0.0,0.0,0.0,0.0,0.0,3.0,16.0,16.0,0.0,0.0,0.0,0.0,0.0,2.0,16.0,16.0,3.0,0.0,0.0,0.0,0.0,6.0,16.0,16.0,0.0,0.0,0.0,0.0,0.0,3.0,15.0,13.0,0.0,0.0,1
0.0,0.0,1.0,8.0,11.0,13.0,15.0,3.0,0.0,0.0,7.0,16.0,10.0,10.0,16.0,5.0,0.0,1.0,13.0,3.0,0.0,9.0,14.0,0.0,0.0,3.0,15.0,0.0,2.0,15.0,4.0,0.0,0.0,5.0,8.0,0.0,10.0,11.0,0.0,0.0,0.0,0.0,0.0,2.0,15.0,4.0,0.0,0.0,0.0,0.0,0.0,8.0,14.0,0.0,0.0,0.0,0.0,0.0,0.0,13.0,7.0,0.0,0.0,0.0,7
0.0,0.0,6.0,12.0,12.0,15.0,16.0,6.0,0.0,2.0,15.0,16.0,14.0,16.0,15.0,3.0,0.0,3.0,16.0,6.0,6.0,16.0,6.0,0.0,0.0,7.0,15.0,4.0,14.0,11.0,0.0,0.0,0.0,1.0,2.0,8.0,15.0,3.0,0.0,0.0,0.0,0.0,1.0,16.0,9.0,0.0,0.0,0.0,0.0,0.0,6.0,16.0,4.0,0.0,0.0,0.0,0.0,0.0,8.0,16.0,3.0,0.0,0.0,0.0,7
0.0,0.0,6.0,15.0,14.0,2.0,0.0,0.0,0.0,5.0,16.0,11.0,14.0,12.0,0.0,0.0,0.0,5.0,11.0,3.0,16.0,5.0,0.0,0.0,0.0,0.0,0.0,14.0,16.0,7.0,0.0,0.0,0.0,0.0,0.0,8.0,10.0,16.0,3.0,0.0,0.0,1.0,4.0,0.0,0.0,12.0,7.0,0.0,0.0,7.0,16.0,5.0,6.0,16.0,5.0,0.0,0.0,1.0,8.0,15.0,16.0,12.0,1.0,0.0,3
0.0,0.0,3.0,8.0,9.0,11.0,14.0,1.0,0.0,0.0,9.0,16.0,16.0,16.0,13.0,0.0,0.0,0.0,16.0,5.0,8.0,0.0,0.0,0.0,0.0,4.0,16.0,16.0,16.0,6.0,0.0,0.0,0.0,2.0,9.0,2.0,9.0,10.0,0.0,0.0,0.0,0.0,0.0,0.0,8.0,8.0,0.0,0.0,0.0,0.0,8.0,12.0,13.0,5.0,0.0,0.0,0.0,0.0,5.0,13.0,10.0,1.0,0.0,0.0,5
0.0,0.0,0.0,5.0,16.0,8.0,0.0,0.0,0.0,0.0,4.0,16.0,16.0,8.0,0.0,0.0,0.0,2.0,15.0,16.0,16.0,8.0,0.0,0.0,0.0,4.0,8.0,12.0,16.0,5.0,0.0,0.0,0.0,0.0,0.0,6.0,16.0,11.0,0.0,0.0,0.0,0.0,0.0,6.0,16.0,12.0,0.0,0.0,0.0,0.0,0.0,6.0,16.0,15.0,1.0,0.0,0.0,0.0,0.0,4.0,15.0,11.0,2.0,0.0,1
0.0,0.0,2.0,15.0,10.0,1.0,0.0,0.0,0.0,2.0,13.0,12.0,14.0,9.0,0.0,0.0,0.0,6.0,16.0,1.0,1.0,14.0,2.0,0.0,0.0,8.0,16.0,0.0,0.0,10.0,5.0,0.0,0.0,8.0,14.0,2.0,0.0,8.0,8.0,0.0,0.0,6.0,14.0,0.0,0.0,8.0,8.0,0.0,0.0,1.0,14.0,12.0,8.0,15.0,6.0,0.0,0.0,0.0,3.0,13.0,16.0,8.0,1.0,0.0,0
0.0,0.0,2.0,15.0,8.0,0.0,0.0,0.0,0.0,0.0,7.0,14.0,15.0,8.0,0.0,0.0,0.0,7.0,15.0,3.0,3.0,15.0,0.0,0.0,0.0,6.0,16.0,1.0,0.0,9.0,8.0,0.0,0.0,4.0,12.0,0.0,0.0,8.0,8.0,0.0,0.0,0.0,12.0,3.0,0.0,12.0,7.0,0.0,0.0,0.0,9.0,13.0,13.0,15.0,1.0,0.0,0.0,0.0,1.0,9.0,12.0,5.0,0.0,0.0,0
0.0,0.0,11.0,15.0,4.0,0.0,0.0,0.0,0.0,5.0,16.0,15.0,15.0,0.0,0.0,0.0,0.0,0.0,14.0,11.0,16.0,2.0,0.0,0.0,0.0,0.0,0.0,4.0,16.0,5.0,0.0,0.0,0.0,0.0,0.0,4.0,16.0,6.0,0.0,0.0,0.0,0.0,0.0,7.0,16.0,10.0,3.0,0.0,0.0,0.0,11.0,16.0,16.0,16.0,16.0,6.0,0.0,0.0,11.0,16.0,10.0,5.0,13.0,6.0,2
0.0,0.0,12.0,15.0,3.0,0.0,0.0,0.0,0.0,6.0,15.0,12.0,14.0,0.0,0.0,0.0,0.0,7.0,5.0,1.0,16.0,2.0,0.0,0.0,0.0,0.0,0.0,0.0,11.0,7.0,0.0,0.0,0.0,0.0,0.0,2.0,15.0,3.0,0.0,0.0,0.0,0.0,0.0,8.0,14.0,1.0,0.0,0.0,0.0,0.0,12.0,16.0,12.0,8.0,5.0,0.0,0.0,0.0,9.0,8.0,13.0,15.0,7.0,0.0,2
0.0,0.0,2.0,12.0,12.0,12.0,9.0,2.0,0.0,0.0,9.0,15.0,12.0,13.0,16.0,5.0,0.0,0.0,12.0,8.0,0.0,8.0,10.0,0.0,0.0,1.0,16.0,3.0,3.0,15.0,2.0,0.0,0.0,1.0,3.0,0.0,12.0,7.0,0.0,0.0,0.0,0.0,0.0,4.0,13.0,0.0,0.0,0.0,0.0,0.0,0.0,13.0,9.0,0.0,0.0,0.0,0.0,0.0,3.0,15.0,3.0,0.0,0.0,0.0,7
0.0,0.0,3.0,9.0,14.0,7.0,0.0,0.0,0.0,3.0,15.0,11.0,8.0,15.0,2.0,0.0,0.0,4.0,16.0,5.0,2.0,16.0,7.0,0.0,0.0,0.0,4.0,15.0,13.0,16.0,7.0,0.0,0.0,0.0,0.0,6.0,16.0,16.0,1.0,0.0,0.0,0.0,2.0,15.0,8.0,16.0,7.0,0.0,0.0,0.0,4.0,16.0,4.0,15.0,7.0,0.0,0.0,0.0,0.0,10.0,15.0,10.0,0.0,0.0,8
0.0,0.0,7.0,13.0,2.0,0.0,0.0,0.0,0.0,11.0,15.0,12.0,13.0,0.0,0.0,0.0,0.0,12.0,7.0,0.0,16.0,4.0,0.0,0.0,0.0,4.0,4.0,0.0,14.0,8.0,0.0,0.0,0.0,0.0,0.0,0.0,14.0,7.0,0.0,0.0,0.0,0.0,0.0,4.0,16.0,3.0,0.0,0.0,0.0,0.0,12.0,16.0,16.0,12.0,9.0,0.0,0.0,0.0,9.0,12.0,8.0,10.0,14.0,0.0,2
0.0,0.0,4.0,15.0,12.0,2.0,0.0,0.0,0.0,2.0,15.0,7.0,11.0,10.0,0.0,0.0,0.0,4.0,16.0,0.0,0.0,15.0,1.0,0.0,0.0,6.0,10.0,0.0,0.0,10.0,8.0,0.0,0.0,8.0,8.0,0.0,0.0,6.0,8.0,0.0,0.0,5.0,12.0,0.0,0.0,11.0,8.0,0.0,0.0,2.0,16.0,7.0,8.0,16.0,2.0,0.0,0.0,0.0,6.0,15.0,16.0,8.0,0.0,0.0,0
0.0,0.0,7.0,10.0,0.0,0.0,0.0,0.0,0.0,0.0,9.0,16.0,0.0,0.0,0.0,0.0,0.0,0.0,6.0,16.0,5.0,0.0,0.0,0.0,0.0,0.0,9.0,16.0,9.0,0.0,0.0,0.0,0.0,0.0,0.0,6.0,14.0,1.0,0.0,0.0,0.0,0.0,0.0,2.0,16.0,4.0,0.0,0.0,0.0,0.0,1.0,4.0,14.0,12.0,4.0,1.0,0.0,0.0,7.0,16.0,16.0,16.0,16.0,5.0,1
0.0,0.0,7.0,15.0,6.0,0.0,0.0,0.0,0.0,4.0,16.0,9.0,14.0,3.0,0.0,0.0,0.0,2.0,14.0,0.0,13.0,6.0,0.0,0.0,0.0,0.0,2.0,0.0,11.0,10.0,0.0,0.0,0.0,0.0,0.0,0.0,13.0,6.0,0.0,0.0,0.0,0.0,0.0,5.0,15.0,7.0,0.0,0.0,0.0,0.0,9.0,16.0,16.0,16.0,15.0,0.0,0.0,0.0,6.0,15.0,7.0,4.0,6.0,1.0,2
0.0,0.0,0.0,11.0,12.0,1.0,0.0,0.0,0.0,0.0,8.0,16.0,9.0,4.0,0.0,0.0,0.0,0.0,3.0,4.0,0.0,0.0,0.0,0.0,0.0,1.0,0.0,2.0,8.0,2.0,0.0,0.0,0.0,5.0,16.0,16.0,16.0,14.0,2.0,0.0,0.0,2.0,16.0,9.0,3.0,13.0,7.0,0.0,0.0,0.0,11.0,14.0,7.0,16.0,9.0,0.0,0.0,0.0,1.0,10.0,14.0,10.0,2.0,0.0,6
0.0,0.0,3.0,10.0,13.0,7.0,0.0,0.0,0.0,1.0,14.0,13.0,15.0,14.0,0.0,0.0,0.0,0.0,15.0,5.0,14.0,9.0,0.0,0.0,0.0,0.0,0.0,10.0,16.0,5.0,0.0,0.0,0.0,0.0,0.0,7.0,14.0,16.0,3.0,0.0,0.0,4.0,5.0,0.0,2.0,16.0,4.0,0.0,0.0,10.0,16.0,10.0,8.0,16.0,3.0,0.0,0.0,0.0,5.0,12.0,14.0,8.0,0.0,0.0,3
0.0,0.0,3.0,14.0,13.0,0.0,0.0,0.0,0.0,2.0,16.0,9.0,16.0,2.0,0.0,0.0,0.0,4.0,12.0,3.0,16.0,0.0,0.0,0.0,0.0,2.0,9.0,15.0,16.0,10.0,1.0,0.0,0.0,0.0,0.0,11.0,8.0,16.0,6.0,0.0,0.0,0.0,6.0,0.0,0.0,12.0,8.0,0.0,0.0,0.0,14.0,10.0,5.0,16.0,7.0,0.0,0.0,0.0,3.0,13.0,16.0,11.0,1.0,0.0,3
0.0,0.0,0.0,10.0,12.0,15.0,16.0,13.0,0.0,0.0,6.0,15.0,6.0,4.0,14.0,9.0,0.0,0.0,10.0,6.0,0.0,3.0,14.0,2.0,0.0,1.0,14.0,1.0,0.0,12.0,6.0,0.0,0.0,0.0,3.0,0.0,5.0,13.0,0.0,0.0,0.0,0.0,0.0,1.0,13.0,3.0,0.0,0.0,0.0,0.0,0.0,6.0,13.0,0.0,0.0,0.0,0.0,0.0,0.0,14.0,6.0,0.0,0.0,0.0,7
0.0,0.0,4.0,13.0,14.0,2.0,0.0,0.0,0.0,0.0,15.0,10.0,11.0,10.0,0.0,0.0,0.0,3.0,15.0,2.0,12.0,6.0,0.0,0.0,0.0,0.0,3.0,8.0,16.0,7.0,0.0,0.0,0.0,0.0,0.0,4.0,9.0,16.0,2.0,0.0,0.0,0.0,10.0,3.0,0.0,13.0,6.0,0.0,0.0,0.0,16.0,5.0,7.0,16.0,3.0,0.0,0.0,0.0,7.0,13.0,13.0,8.0,0.0,0.0,3
0.0,0.0,5.0,14.0,9.0,0.0,0.0,0.0,0.0,1.0,16.0,13.0,16.0,0.0,0.0,0.0,0.0,2.0,13.0,10.0,14.0,0.0,0.0,0.0,0.0,0.0,4.0,16.0,16.0,7.0,0.0,0.0,0.0,0.0,2.0,4.0,5.0,16.0,4.0,0.0,0.0,0.0,0.0,0.0,0.0,14.0,7.0,0.0,0.0,0.0,11.0,8.0,8.0,16.0,4.0,0.0,0.0,0.0,8.0,13.0,15.0,10.0,0.0,0.0,3
0.0,0.0,0.0,5.0,8.0,0.0,0.0,0.0,0.0,0.0,1.0,15.0,10.0,5.0,0.0,0.0,0.0,0.0,9.0,11.0,10.0,10.0,0.0,0.0,0.0,2.0,15.0,2.0,14.0,6.0,0.0,0.0,0.0,8.0,13.0,5.0,14.0,13.0,4.0,0.0,0.0,11.0,16.0,16.0,16.0,14.0,3.0,0.0,0.0,0.0,0.0,3.0,16.0,0.0,0.0,0.0,0.0,0.0,0.0,7.0,10.0,0.0,0.0,0.0,4
0.0,0.0,0.0,12.0,15.0,1.0,0.0,0.0,0.0,0.0,4.0,16.0,13.0,1.0,0.0,0.0,0.0,1.0,14.0,15.0,2.0,0.0,0.0,0.0,0.0,4.0,16.0,15.0,10.0,7.0,0.0,0.0,0.0,7.0,16.0,16.0,12.0,16.0,6.0,0.0,0.0,3.0,16.0,13.0,0.0,16.0,12.0,0.0,0.0,0.0,11.0,16.0,13.0,16.0,12.0,0.0,0.0,0.0,1.0,9.0,13.0,12.0,4.0,0.0,6
0.0,0.0,2.0,15.0,13.0,3.0,0.0,0.0,0.0,0.0,12.0,16.0,9.0,4.0,0.0,0.0,0.0,3.0,16.0,9.0,0.0,0.0,0.0,0.0,0.0,3.0,16.0,14.0,12.0,5.0,0.0,0.0,0.0,8.0,16.0,16.0,16.0,16.0,0.0,0.0,0.0,5.0,16.0,15.0,6.0,16.0,9.0,0.0,0.0,1.0,13.0,14.0,13.0,16.0,3.0,0.0,0.0,0.0,3.0,12.0,14.0,10.0,0.0,0.0,6
0.0,0.0,2.0,12.0,16.0,6.0,0.0,0.0,0.0,0.0,5.0,16.0,12.0,4.0,0.0,0.0,0.0,0.0,15.0,14.0,0.0,0.0,0.0,0.0,0.0,2.0,16.0,14.0,8.0,8.0,0.0,0.0,0.0,4.0,16.0,16.0,13.0,15.0,8.0,0.0,0.0,4.0,16.0,11.0,1.0,12.0,12.0,0.0,0.0,0.0,11.0,16.0,12.0,14.0,15.0,0.0,0.0,0.0,1.0,8.0,12.0,12.0,6.0,0.0,6
0.0,0.0,0.0,4.0,9.0,0.0,0.0,0.0,0.0,0.0,0.0,12.0,11.0,0.0,0.0,0.0,0.0,0.0,4.0,13.0,16.0,4.0,0.0,0.0,0.0,0.0,12.0,6.0,14.0,4.0,0.0,0.0,0.0,4.0,16.0,9.0,15.0,13.0,3.0,0.0,0.0,4.0,12.0,12.0,16.0,14.0,6.0,0.0,0.0,0.0,0.0,0.0,16.0,4.0,0.0,0.0,0.0,0.0,0.0,2.0,16.0,3.0,0.0,0.0,4
0.0,0.0,10.0,16.0,13.0,5.0,0.0,0.0,0.0,7.0,13.0,5.0,14.0,12.0,0.0,0.0,0.0,9.0,10.0,0.0,13.0,14.0,0.0,0.0,0.0,4.0,15.0,13.0,16.0,15.0,3.0,0.0,0.0,0.0,2.0,6.0,3.0,12.0,8.0,0.0,0.0,0.0,0.0,0.0,0.0,12.0,8.0,0.0,0.0,0.0,12.0,6.0,5.0,15.0,4.0,0.0,0.0,0.0,9.0,13.0,16.0,8.0,0.0,0.0,9
0.0,0.0,0.0,2.0,16.0,15.0,3.0,0.0,0.0,0.0,0.0,8.0,16.0,16.0,4.0,0.0,0.0,0.0,9.0,16.0,16.0,14.0,0.0,0.0,0.0,7.0,16.0,16.0,16.0,12.0,0.0,0.0,0.0,0.0,0.0,8.0,16.0,12.0,0.0,0.0,0.0,0.0,0.0,7.0,16.0,12.0,0.0,0.0,0.0,0.0,0.0,4.0,16.0,16.0,7.0,0.0,0.0,0.0,0.0,0.0,13.0,16.0,7.0,0.0,1
0.0,0.0,4.0,12.0,16.0,16.0,11.0,2.0,0.0,0.0,15.0,13.0,8.0,11.0,8.0,1.0,0.0,2.0,15.0,13.0,16.0,8.0,0.0,0.0,0.0,6.0,16.0,13.0,13.0,16.0,2.0,0.0,0.0,7.0,11.0,2.0,2.0,16.0,6.0,0.0,0.0,0.0,0.0,0.0,5.0,15.0,2.0,0.0,0.0,0.0,9.0,6.0,13.0,10.0,0.0,0.0,0.0,0.0,7.0,14.0,13.0,1.0,0.0,0.0,5
0.0,0.0,3.0,14.0,10.0,1.0,0.0,0.0,0.0,2.0,14.0,12.0,15.0,14.0,1.0,0.0,0.0,6.0,13.0,0.0,3.0,14.0,8.0,0.0,0.0,5.0,12.0,0.0,0.0,11.0,8.0,0.0,0.0,4.0,14.0,0.0,0.0,12.0,7.0,0.0,0.0,1.0,14.0,4.0,3.0,16.0,3.0,0.0,0.0,0.0,8.0,12.0,12.0,12.0,0.0,0.0,0.0,0.0,2.0,15.0,10.0,3.0,0.0,0.0,0
0.0,0.0,7.0,14.0,10.0,7.0,0.0,0.0,0.0,5.0,16.0,14.0,16.0,14.0,0.0,0.0,0.0,7.0,11.0,0.0,9.0,14.0,1.0,0.0,0.0,4.0,14.0,7.0,11.0,16.0,5.0,0.0,0.0,0.0,9.0,15.0,15.0,12.0,8.0,0.0,0.0,0.0,0.0,1.0,1.0,8.0,9.0,0.0,0.0,0.0,14.0,11.0,10.0,15.0,9.0,0.0,0.0,0.0,9.0,13.0,13.0,9.0,0.0,0.0,9
0.0,0.0,9.0,13.0,14.0,15.0,13.0,0.0,0.0,0.0,16.0,13.0,12.0,12.0,5.0,0.0,0.0,4.0,16.0,0.0,0.0,0.0,0.0,0.0,0.0,8.0,16.0,16.0,11.0,1.0,0.0,0.0,0.0,1.0,7.0,8.0,16.0,12.0,0.0,0.0,0.0,0.0,0.0,0.0,9.0,13.0,0.0,0.0,0.0,0.0,12.0,8.0,12.0,10.0,0.0,0.0,0.0,0.0,10.0,16.0,13.0,3.0,0.0,0.0,5
0.0,0.0,10.0,13.0,2.0,0.0,0.0,0.0,0.0,0.0,12.0,16.0,10.0,0.0,0.0,0.0,0.0,0.0,7.0,14.0,16.0,0.0,0.0,0.0,0.0,0.0,0.0,2.0,16.0,1.0,0.0,0.0,0.0,0.0,0.0,2.0,16.0,1.0,0.0,0.0,0.0,0.0,4.0,8.0,15.0,0.0,0.0,0.0,0.0,0.0,16.0,16.0,16.0,13.0,11.0,0.0,0.0,0.0,8.0,14.0,8.0,11.0,14.0,1.0,2
0.0,0.0,1.0,7.0,6.0,11.0,1.0,0.0,0.0,0.0,13.0,11.0,15.0,16.0,7.0,0.0,0.0,0.0,13.0,6.0,11.0,16.0,4.0,0.0,0.0,0.0,3.0,15.0,16.0,7.0,0.0,0.0,0.0,0.0,4.0,15.0,14.0,7.0,0.0,0.0,0.0,1.0,14.0,3.0,1.0,13.0,0.0,0.0,0.0,2.0,12.0,2.0,3.0,12.0,0.0,0.0,0.0,0.0,1.0,10.0,8.0,1.0,0.0,0.0,8
0.0,0.0,13.0,14.0,3.0,0.0,0.0,0.0,0.0,4.0,16.0,15.0,11.0,0.0,0.0,0.0,0.0,7.0,12.0,4.0,16.0,0.0,0.0,0.0,0.0,3.0,6.0,4.0,16.0,0.0,0.0,0.0,0.0,0.0,0.0,9.0,12.0,0.0,0.0,0.0,0.0,0.0,1.0,14.0,7.0,0.0,0.0,0.0,0.0,1.0,14.0,16.0,10.0,10.0,2.0,0.0,0.0,0.0,11.0,12.0,14.0,14.0,6.0,0.0,2
0.0,0.0,4.0,15.0,12.0,1.0,0.0,0.0,0.0,0.0,12.0,11.0,13.0,13.0,1.0,0.0,0.0,3.0,12.0,0.0,0.0,14.0,6.0,0.0,0.0,8.0,12.0,0.0,0.0,11.0,8.0,0.0,0.0,8.0,12.0,0.0,0.0,8.0,8.0,0.0,0.0,6.0,13.0,0.0,0.0,11.0,7.0,0.0,0.0,4.0,16.0,7.0,10.0,15.0,2.0,0.0,0.0,0.0,7.0,13.0,12.0,2.0,0.0,0.0,0
0.0,0.0,3.0,16.0,9.0,0.0,0.0,0.0,0.0,4.0,15.0,15.0,16.0,7.0,0.0,0.0,0.0,8.0,16.0,3.0,7.0,12.0,0.0,0.0,0.0,6.0,16.0,3.0,0.0,13.0,3.0,0.0,0.0,8.0,10.0,0.0,0.0,12.0,8.0,0.0,0.0,1.0,15.0,2.0,0.0,9.0,11.0,0.0,0.0,0.0,13.0,14.0,10.0,15.0,12.0,0.0,0.0,0.0,3.0,10.0,16.0,14.0,3.0,0.0,0
0.0,0.0,0.0,5.0,16.0,9.0,0.0,0.0,0.0,0.0,1.0,13.0,16.0,6.0,0.0,0.0,0.0,0.0,13.0,16.0,16.0,4.0,0.0,0.0,0.0,5.0,15.0,16.0,16.0,5.0,0.0,0.0,0.0,0.0,0.0,10.0,16.0,7.0,0.0,0.0,0.0,0.0,0.0,9.0,16.0,8.0,0.0,0.0,0.0,0.0,0.0,9.0,16.0,13.0,0.0,0.0,0.0,0.0,0.0,5.0,14.0,9.0,0.0,0.0,1
0.0,0.0,1.0,11.0,12.0,13.0,14.0,5.0,0.0,0.0,7.0,15.0,11.0,10.0,16.0,6.0,0.0,0.0,10.0,7.0,0.0,2.0,16.0,2.0,0.0,1.0,16.0,1.0,0.0,12.0,8.0,0.0,0.0,2.0,11.0,0.0,4.0,14.0,1.0,0.0,0.0,0.0,0.0,1.0,14.0,4.0,0.0,0.0,0.0,0.0,0.0,8.0,14.0,0.0,0.0,0.0,0.0,0.0,0.0,15.0,7.0,0.0,0.0,0.0,7
0.0,0.0,0.0,9.0,14.0,4.0,0.0,0.0,0.0,0.0,6.0,16.0,12.0,4.0,0.0,0.0,0.0,1.0,16.0,11.0,0.0,0.0,0.0,0.0,0.0,2.0,16.0,7.0,3.0,0.0,0.0,0.0,0.0,4.0,16.0,14.0,16.0,10.0,0.0,0.0,0.0,3.0,16.0,15.0,10.0,16.0,6.0,0.0,0.0,0.0,12.0,16.0,7.0,13.0,9.0,0.0,0.0,0.0,1.0,11.0,16.0,16.0,9.0,0.0,6
0.0,0.0,7.0,13.0,11.0,0.0,0.0,0.0,0.0,6.0,16.0,11.0,16.0,0.0,0.0,0.0,0.0,3.0,8.0,5.0,16.0,0.0,0.0,0.0,0.0,0.0,3.0,15.0,16.0,6.0,0.0,0.0,0.0,0.0,0.0,7.0,8.0,16.0,5.0,0.0,0.0,6.0,8.0,0.0,0.0,11.0,9.0,0.0,0.0,0.0,16.0,6.0,6.0,14.0,6.0,0.0,0.0,0.0,6.0,15.0,16.0,10.0,0.0,0.0,3
0.0,0.0,11.0,11.0,2.0,0.0,0.0,0.0,0.0,3.0,16.0,16.0,8.0,0.0,0.0,0.0,0.0,6.0,12.0,8.0,8.0,0.0,0.0,0.0,0.0,0.0,5.0,6.0,12.0,0.0,0.0,0.0,0.0,0.0,0.0,11.0,9.0,0.0,0.0,0.0,0.0,0.0,0.0,15.0,6.0,3.0,5.0,0.0,0.0,0.0,13.0,16.0,13.0,15.0,9.0,0.0,0.0,1.0,12.0,12.0,12.0,12.0,1.0,0.0,2
0.0,0.0,0.0,6.0,16.0,6.0,0.0,0.0,0.0,0.0,0.0,13.0,16.0,10.0,0.0,0.0,0.0,0.0,9.0,16.0,16.0,6.0,0.0,0.0,0.0,3.0,16.0,16.0,16.0,4.0,0.0,0.0,0.0,5.0,16.0,16.0,16.0,6.0,0.0,0.0,0.0,0.0,0.0,9.0,16.0,10.0,0.0,0.0,0.0,0.0,0.0,8.0,16.0,15.0,0.0,0.0,0.0,0.0,0.0,4.0,13.0,11.0,2.0,0.0,1
0.0,0.0,6.0,15.0,8.0,10.0,12.0,2.0,0.0,0.0,10.0,14.0,10.0,12.0,16.0,1.0,0.0,0.0,9.0,10.0,1.0,13.0,7.0,0.0,0.0,0.0,4.0,4.0,8.0,12.0,1.0,0.0,0.0,0.0,0.0,2.0,15.0,5.0,0.0,0.0,0.0,0.0,0.0,11.0,8.0,0.0,0.0,0.0,0.0,0.0,3.0,16.0,0.0,0.0,0.0,0.0,0.0,0.0,7.0,14.0,0.0,0.0,0.0,0.0,7
0.0,0.0,0.0,0.0,7.0,6.0,0.0,0.0,0.0,0.0,0.0,6.0,15.0,6.0,0.0,0.0,0.0,0.0,1.0,15.0,5.0,14.0,3.0,0.0,0.0,0.0,12.0,8.0,4.0,16.0,0.0,0.0,0.0,5.0,16.0,9.0,10.0,16.0,4.0,0.0,0.0,1.0,11.0,12.0,14.0,14.0,4.0,0.0,0.0,0.0,0.0,0.0,8.0,8.0,0.0,0.0,0.0,0.0,0.0,0.0,11.0,7.0,0.0,0.0,4
0.0,0.0,0.0,9.0,14.0,2.0,0.0,0.0,0.0,0.0,2.0,16.0,12.0,0.0,0.0,0.0,0.0,0.0,10.0,16.0,7.0,0.0,0.0,0.0,0.0,0.0,16.0,16.0,16.0,8.0,0.0,0.0,0.0,4.0,16.0,14.0,8.0,15.0,3.0,0.0,0.0,1.0,15.0,6.0,0.0,11.0,11.0,0.0,0.0,0.0,10.0,15.0,7.0,12.0,16.0,0.0,0.0,0.0,1.0,9.0,15.0,15.0,10.0,0.0,6
0.0,0.0,6.0,15.0,11.0,0.0,0.0,0.0,0.0,6.0,16.0,13.0,16.0,0.0,0.0,0.0,0.0,2.0,7.0,13.0,9.0,0.0,0.0,0.0,0.0,0.0,3.0,16.0,15.0,5.0,0.0,0.0,0.0,0.0,0.0,3.0,11.0,16.0,2.0,0.0,0.0,0.0,0.0,0.0,0.0,16.0,7.0,0.0,0.0,0.0,16.0,11.0,10.0,16.0,7.0,0.0,0.0,0.0,5.0,16.0,15.0,9.0,0.0,0.0,3
0.0,0.0,0.0,0.0,12.0,8.0,0.0,0.0,0.0,0.0,0.0,3.0,16.0,16.0,0.0,0.0,0.0,0.0,1.0,13.0,16.0,11.0,0.0,0.0,0.0,3.0,15.0,16.0,16.0,8.0,0.0,0.0,0.0,0.0,3.0,7.0,16.0,8.0,0.0,0.0,0.0,0.0,0.0,4.0,16.0,8.0,0.0,0.0,0.0,0.0,0.0,4.0,16.0,14.0,0.0,0.0,0.0,0.0,0.0,0.0,14.0,15.0,5.0,0.0,1
0.0,0.0,9.0,10.0,2.0,0.0,0.0,0.0,0.0,8.0,16.0,16.0,10.0,0.0,0.0,0.0,0.0,7.0,7.0,4.0,16.0,2.0,0.0,0.0,0.0,0.0,0.0,8.0,16.0,5.0,0.0,0.0,0.0,0.0,0.0,10.0,16.0,14.0,2.0,0.0,0.0,0.0,0.0,0.0,2.0,14.0,7.0,0.0,0.0,0.0,11.0,10.0,4.0,11.0,12.0,0.0,0.0,0.0,8.0,14.0,16.0,15.0,6.0,0.0,3
0.0,0.0,4.0,10.0,13.0,3.0,0.0,0.0,0.0,4.0,16.0,13.0,16.0,8.0,0.0,0.0,0.0,5.0,15.0,0.0,14.0,11.0,0.0,0.0,0.0,3.0,15.0,15.0,16.0,16.0,1.0,0.0,0.0,0.0,5.0,9.0,8.0,14.0,8.0,0.0,0.0,0.0,0.0,0.0,0.0,12.0,8.0,0.0,0.0,0.0,9.0,15.0,10.0,14.0,7.0,0.0,0.0,0.0,4.0,12.0,14.0,11.0,2.0,0.0,9
0.0,0.0,0.0,7.0,16.0,16.0,7.0,0.0,0.0,0.0,0.0,14.0,16.0,16.0,4.0,0.0,0.0,2.0,13.0,16.0,16.0,12.0,0.0,0.0,0.0,7.0,16.0,16.0,16.0,12.0,0.0,0.0,0.0,0.0,0.0,10.0,16.0,8.0,0.0,0.0,0.0,0.0,0.0,11.0,16.0,13.0,0.0,0.0,0.0,0.0,0.0,10.0,16.0,16.0,2.0,0.0,0.0,0.0,0.0,9.0,16.0,12.0,2.0,0.0,1
0.0,0.0,4.0,6.0,11.0,14.0,6.0,0.0,0.0,4.0,16.0,16.0,12.0,16.0,7.0,0.0,0.0,6.0,16.0,2.0,1.0,16.0,3.0,0.0,0.0,5.0,16.0,0.0,5.0,14.0,0.0,0.0,0.0,0.0,2.0,0.0,11.0,10.0,0.0,0.0,0.0,0.0,0.0,2.0,15.0,4.0,0.0,0.0,0.0,0.0,0.0,8.0,16.0,0.0,0.0,0.0,0.0,0.0,0.0,7.0,12.0,0.0,0.0,0.0,7
0.0,0.0,0.0,6.0,14.0,8.0,0.0,0.0,0.0,0.0,8.0,16.0,12.0,8.0,0.0,0.0,0.0,3.0,16.0,14.0,3.0,0.0,0.0,0.0,0.0,6.0,16.0,16.0,16.0,11.0,1.0,0.0,0.0,8.0,16.0,13.0,4.0,14.0,5.0,0.0,0.0,2.0,16.0,9.0,0.0,8.0,12.0,0.0,0.0,0.0,10.0,15.0,6.0,13.0,9.0,0.0,0.0,0.0,0.0,8.0,14.0,16.0,9.0,0.0,6
0.0,0.0,4.0,6.0,11.0,5.0,0.0,0.0,0.0,2.0,14.0,7.0,2.0,15.0,0.0,0.0,0.0,4.0,8.0,0.0,0.0,10.0,2.0,0.0,0.0,0.0,14.0,8.0,8.0,13.0,1.0,0.0,0.0,0.0,15.0,10.0,16.0,7.0,0.0,0.0,0.0,1.0,10.0,0.0,1.0,10.0,4.0,0.0,0.0,0.0,12.0,2.0,0.0,6.0,8.0,0.0,0.0,0.0,6.0,10.0,11.0,7.0,1.0,0.0,8
0.0,0.0,0.0,5.0,9.0,0.0,0.0,0.0,0.0,0.0,2.0,14.0,14.0,2.0,0.0,0.0,0.0,0.0,6.0,14.0,11.0,12.0,0.0,0.0,0.0,3.0,15.0,3.0,11.0,10.0,0.0,0.0,0.0,8.0,11.0,0.0,13.0,10.0,2.0,0.0,0.0,10.0,16.0,16.0,16.0,15.0,3.0,0.0,0.0,0.0,4.0,10.0,15.0,0.0,0.0,0.0,0.0,0.0,0.0,8.0,9.0,0.0,0.0,0.0,4
0.0,2.0,13.0,16.0,4.0,0.0,0.0,0.0,0.0,12.0,12.0,12.0,15.0,0.0,0.0,0.0,0.0,5.0,2.0,7.0,14.0,0.0,0.0,0.0,0.0,0.0,3.0,15.0,15.0,7.0,0.0,0.0,0.0,0.0,4.0,12.0,12.0,16.0,3.0,0.0,0.0,0.0,0.0,0.0,0.0,15.0,7.0,0.0,0.0,3.0,16.0,8.0,9.0,16.0,6.0,0.0,0.0,1.0,11.0,12.0,14.0,9.0,0.0,0.0,3
0.0,0.0,0.0,7.0,16.0,12.0,0.0,0.0,0.0,0.0,7.0,16.0,16.0,12.0,0.0,0.0,0.0,3.0,16.0,16.0,16.0,8.0,0.0,0.0,0.0,7.0,16.0,16.0,16.0,8.0,0.0,0.0,0.0,0.0,0.0,11.0,16.0,12.0,0.0,0.0,0.0,0.0,0.0,7.0,16.0,15.0,0.0,0.0,0.0,0.0,0.0,6.0,16.0,16.0,5.0,0.0,0.0,0.0,0.0,6.0,15.0,15.0,2.0,0.0,1
0.0,0.0,0.0,7.0,6.0,0.0,0.0,0.0,0.0,0.0,1.0,15.0,16.0,7.0,0.0,0.0,0.0,0.0,8.0,13.0,15.0,6.0,0.0,0.0,0.0,3.0,16.0,3.0,12.0,7.0,1.0,0.0,0.0,4.0,14.0,9.0,15.0,16.0,8.0,0.0,0.0,4.0,12.0,12.0,16.0,10.0,2.0,0.0,0.0,0.0,0.0,5.0,16.0,0.0,0.0,0.0,0.0,0.0,0.0,4.0,14.0,0.0,0.0,0.0,4
0.0,0.0,3.0,11.0,6.0,0.0,0.0,0.0,0.0,0.0,10.0,14.0,16.0,2.0,0.0,0.0,0.0,3.0,15.0,1.0,11.0,11.0,0.0,0.0,0.0,4.0,12.0,0.0,2.0,16.0,2.0,0.0,0.0,7.0,12.0,0.0,0.0,12.0,8.0,0.0,0.0,4.0,14.0,0.0,1.0,15.0,8.0,0.0,0.0,2.0,15.0,14.0,15.0,15.0,1.0,0.0,0.0,0.0,5.0,13.0,14.0,5.0,0.0,0.0,0
0.0,2.0,16.0,12.0,12.0,14.0,7.0,0.0,0.0,3.0,16.0,9.0,8.0,8.0,4.0,0.0,0.0,2.0,16.0,10.0,4.0,0.0,0.0,0.0,0.0,4.0,16.0,13.0,16.0,4.0,0.0,0.0,0.0,0.0,3.0,0.0,12.0,10.0,0.0,0.0,0.0,6.0,3.0,0.0,9.0,11.0,0.0,0.0,0.0,11.0,11.0,9.0,16.0,3.0,0.0,0.0,0.0,3.0,12.0,15.0,7.0,0.0,0.0,0.0,5
0.0,0.0,6.0,14.0,10.0,0.0,0.0,0.0,0.0,6.0,16.0,14.0,16.0,0.0,0.0,0.0,0.0,5.0,10.0,11.0,16.0,0.0,0.0,0.0,0.0,0.0,0.0,9.0,16.0,12.0,0.0,0.0,0.0,0.0,0.0,0.0,3.0,16.0,7.0,0.0,0.0,4.0,6.0,0.0,3.0,16.0,8.0,0.0,0.0,5.0,15.0,9.0,16.0,13.0,1.0,0.0,0.0,0.0,9.0,15.0,8.0,0.0,0.0,0.0,3
0.0,0.0,0.0,6.0,14.0,1.0,0.0,0.0,0.0,0.0,1.0,16.0,10.0,0.0,0.0,0.0,0.0,0.0,13.0,14.0,1.0,0.0,0.0,0.0,0.0,2.0,16.0,12.0,10.0,3.0,0.0,0.0,0.0,5.0,16.0,15.0,14.0,16.0,1.0,0.0,0.0,3.0,16.0,12.0,0.0,15.0,8.0,0.0,0.0,0.0,11.0,16.0,9.0,16.0,8.0,0.0,0.0,0.0,0.0,11.0,15.0,11.0,1.0,0.0,6
0.0,0.0,6.0,12.0,11.0,0.0,0.0,0.0,0.0,2.0,16.0,14.0,14.0,11.0,0.0,0.0,0.0,8.0,15.0,1.0,8.0,16.0,0.0,0.0,0.0,3.0,15.0,5.0,11.0,16.0,5.0,0.0,0.0,0.0,11.0,16.0,15.0,14.0,8.0,0.0,0.0,0.0,4.0,2.0,3.0,6.0,12.0,0.0,0.0,2.0,16.0,13.0,10.0,14.0,12.0,0.0,0.0,0.0,8.0,12.0,13.0,13.0,5.0,0.0,9
0.0,0.0,0.0,11.0,16.0,12.0,1.0,0.0,0.0,0.0,5.0,16.0,10.0,16.0,4.0,0.0,0.0,2.0,15.0,10.0,0.0,8.0,1.0,0.0,0.0,5.0,16.0,9.0,1.0,0.0,0.0,0.0,0.0,8.0,16.0,16.0,9.0,0.0,0.0,0.0,0.0,2.0,16.0,10.0,16.0,6.0,0.0,0.0,0.0,0.0,11.0,16.0,16.0,7.0,0.0,0.0,0.0,0.0,1.0,8.0,13.0,0.0,0.0,0.0,6
0.0,0.0,0.0,4.0,14.0,14.0,4.0,0.0,0.0,0.0,1.0,15.0,16.0,16.0,2.0,0.0,0.0,2.0,13.0,16.0,16.0,16.0,0.0,0.0,0.0,8.0,16.0,16.0,16.0,16.0,0.0,0.0,0.0,2.0,7.0,8.0,16.0,16.0,1.0,0.0,0.0,0.0,0.0,4.0,16.0,16.0,0.0,0.0,0.0,0.0,0.0,4.0,16.0,16.0,2.0,0.0,0.0,0.0,0.0,4.0,16.0,15.0,4.0,0.0,1
0.0,0.0,2.0,13.0,16.0,16.0,16.0,12.0,0.0,0.0,9.0,15.0,8.0,9.0,16.0,7.0,0.0,0.0,10.0,10.0,0.0,6.0,14.0,1.0,0.0,1.0,16.0,5.0,1.0,16.0,4.0,0.0,0.0,0.0,4.0,0.0,9.0,13.0,0.0,0.0,0.0,0.0,0.0,4.0,15.0,1.0,0.0,0.0,0.0,0.0,0.0,14.0,10.0,0.0,0.0,0.0,0.0,0.0,3.0,15.0,4.0,0.0,0.0,0.0,7
0.0,1.0,8.0,8.0,11.0,15.0,10.0,0.0,0.0,4.0,16.0,16.0,11.0,12.0,6.0,0.0,0.0,4.0,16.0,4.0,0.0,0.0,0.0,0.0,0.0,1.0,16.0,15.0,8.0,0.0,0.0,0.0,0.0,0.0,4.0,10.0,16.0,6.0,0.0,0.0,0.0,0.0,0.0,0.0,12.0,12.0,0.0,0.0,0.0,6.0,15.0,9.0,13.0,10.0,0.0,0.0,0.0,1.0,13.0,16.0,13.0,4.0,0.0,0.0,5
0.0,0.0,0.0,2.0,16.0,4.0,0.0,0.0,0.0,0.0,0.0,10.0,16.0,6.0,0.0,0.0,0.0,0.0,4.0,16.0,12.0,15.0,0.0,0.0,0.0,2.0,13.0,8.0,9.0,14.0,0.0,0.0,0.0,9.0,16.0,16.0,16.0,16.0,6.0,0.0,0.0,2.0,4.0,5.0,14.0,15.0,0.0,0.0,0.0,0.0,0.0,0.0,15.0,11.0,0.0,0.0,0.0,0.0,0.0,0.0,13.0,8.0,0.0,0.0,4
0.0,0.0,0.0,2.0,14.0,0.0,0.0,0.0,0.0,0.0,0.0,10.0,9.0,0.0,0.0,0.0,0.0,0.0,1.0,15.0,8.0,11.0,0.0,0.0,0.0,0.0,12.0,7.0,12.0,8.0,0.0,0.0,0.0,5.0,16.0,12.0,15.0,14.0,5.0,0.0,0.0,8.0,13.0,9.0,16.0,13.0,3.0,0.0,0.0,0.0,0.0,0.0,16.0,4.0,0.0,0.0,0.0,0.0,0.0,0.0,16.0,6.0,0.0,0.0,4
0.0,0.0,2.0,5.0,5.0,11.0,15.0,5.0,0.0,0.0,12.0,16.0,14.0,13.0,16.0,3.0,0.0,1.0,14.0,9.0,0.0,6.0,11.0,0.0,0.0,0.0,16.0,5.0,1.0,13.0,4.0,0.0,0.0,0.0,1.0,0.0,7.0,11.0,0.0,0.0,0.0,0.0,0.0,2.0,12.0,2.0,0.0,0.0,0.0,0.0,0.0,10.0,10.0,0.0,0.0,0.0,0.0,0.0,0.0,15.0,5.0,0.0,0.0,0.0,7
0.0,1.0,11.0,13.0,2.0,0.0,0.0,0.0,0.0,8.0,15.0,15.0,6.0,0.0,0.0,0.0,0.0,10.0,9.0,6.0,14.0,0.0,0.0,0.0,0.0,3.0,10.0,4.0,10.0,0.0,0.0,0.0,0.0,0.0,0.0,11.0,7.0,0.0,0.0,0.0,0.0,0.0,2.0,15.0,3.0,0.0,0.0,0.0,0.0,2.0,13.0,16.0,13.0,11.0,2.0,0.0,0.0,1.0,12.0,12.0,12.0,15.0,11.0,0.0,2
0.0,0.0,3.0,10.0,14.0,3.0,0.0,0.0,0.0,8.0,16.0,11.0,10.0,13.0,0.0,0.0,0.0,7.0,14.0,0.0,1.0,15.0,2.0,0.0,0.0,2.0,16.0,9.0,16.0,16.0,1.0,0.0,0.0,0.0,12.0,16.0,15.0,15.0,2.0,0.0,0.0,0.0,12.0,10.0,0.0,8.0,8.0,0.0,0.0,0.0,9.0,12.0,4.0,7.0,12.0,0.0,0.0,0.0,2.0,11.0,16.0,16.0,9.0,0.0,8
0.0,1.0,11.0,12.0,1.0,0.0,0.0,0.0,0.0,8.0,16.0,12.0,9.0,0.0,0.0,0.0,0.0,7.0,8.0,7.0,12.0,0.0,0.0,0.0,0.0,1.0,1.0,4.0,14.0,0.0,0.0,0.0,0.0,0.0,0.0,5.0,11.0,0.0,0.0,0.0,0.0,0.0,0.0,11.0,9.0,0.0,0.0,0.0,0.0,1.0,14.0,16.0,16.0,15.0,10.0,0.0,0.0,0.0,13.0,11.0,8.0,12.0,8.0,0.0,2
0.0,0.0,0.0,3.0,15.0,13.0,1.0,0.0,0.0,0.0,2.0,15.0,16.0,16.0,2.0,0.0,0.0,0.0,13.0,10.0,5.0,15.0,0.0,0.0,0.0,0.0,6.0,2.0,11.0,8.0,0.0,0.0,0.0,0.0,0.0,6.0,14.0,2.0,0.0,0.0,0.0,3.0,8.0,16.0,8.0,0.0,0.0,0.0,3.0,16.0,16.0,16.0,16.0,8.0,0.0,0.0,1.0,4.0,4.0,5.0,13.0,6.0,0.0,0.0,2
0.0,0.0,11.0,15.0,15.0,16.0,9.0,0.0,0.0,4.0,16.0,14.0,8.0,9.0,3.0,0.0,0.0,4.0,12.0,0.0,0.0,0.0,0.0,0.0,0.0,6.0,16.0,15.0,3.0,0.0,0.0,0.0,0.0,3.0,11.0,11.0,12.0,0.0,0.0,0.0,0.0,0.0,0.0,2.0,16.0,0.0,0.0,0.0,0.0,2.0,12.0,9.0,16.0,0.0,0.0,0.0,0.0,0.0,11.0,16.0,8.0,0.0,0.0,0.0,5
0.0,0.0,2.0,8.0,8.0,8.0,12.0,2.0,0.0,0.0,12.0,16.0,14.0,14.0,15.0,1.0,0.0,0.0,14.0,9.0,0.0,12.0,6.0,0.0,0.0,0.0,10.0,2.0,8.0,11.0,0.0,0.0,0.0,0.0,0.0,2.0,14.0,3.0,0.0,0.0,0.0,0.0,0.0,9.0,8.0,0.0,0.0,0.0,0.0,0.0,0.0,14.0,4.0,0.0,0.0,0.0,0.0,0.0,3.0,15.0,0.0,0.0,0.0,0.0,7
0.0,0.0,3.0,10.0,14.0,3.0,0.0,0.0,0.0,4.0,16.0,13.0,15.0,11.0,0.0,0.0,0.0,8.0,13.0,1.0,13.0,16.0,2.0,0.0,0.0,6.0,16.0,14.0,14.0,14.0,6.0,0.0,0.0,0.0,5.0,7.0,1.0,11.0,8.0,0.0,0.0,1.0,8.0,1.0,0.0,8.0,8.0,0.0,0.0,2.0,16.0,11.0,8.0,14.0,7.0,0.0,0.0,0.0,5.0,12.0,14.0,9.0,1.0,0.0,9
0.0,0.0,3.0,8.0,11.0,13.0,14.0,0.0,0.0,2.0,13.0,16.0,13.0,13.0,13.0,0.0,0.0,1.0,16.0,0.0,0.0,0.0,0.0,0.0,0.0,3.0,16.0,11.0,10.0,1.0,0.0,0.0,0.0,3.0,16.0,14.0,14.0,10.0,0.0,0.0,0.0,0.0,8.0,3.0,9.0,11.0,0.0,0.0,0.0,0.0,7.0,15.0,14.0,11.0,0.0,0.0,0.0,0.0,2.0,12.0,13.0,2.0,0.0,0.0,5
0.0,0.0,0.0,0.0,13.0,3.0,0.0,0.0,0.0,0.0,0.0,11.0,13.0,4.0,0.0,0.0,0.0,0.0,6.0,14.0,4.0,16.0,1.0,0.0,0.0,2.0,14.0,3.0,6.0,14.0,0.0,0.0,0.0,6.0,16.0,11.0,12.0,12.0,0.0,0.0,0.0,2.0,7.0,14.0,16.0,14.0,0.0,0.0,0.0,0.0,0.0,0.0,12.0,8.0,0.0,0.0,0.0,0.0,0.0,0.0,15.0,3.0,0.0,0.0,4
0.0,0.0,6.0,10.0,9.0,4.0,0.0,0.0,0.0,0.0,14.0,10.0,16.0,16.0,1.0,0.0,0.0,4.0,15.0,1.0,9.0,16.0,0.0,0.0,0.0,3.0,16.0,16.0,16.0,8.0,0.0,0.0,0.0,0.0,12.0,14.0,16.0,5.0,0.0,0.0,0.0,0.0,12.0,1.0,9.0,12.0,0.0,0.0,0.0,0.0,16.0,6.0,14.0,9.0,0.0,0.0,0.0,0.0,8.0,12.0,6.0,1.0,0.0,0.0,8
0.0,0.0,5.0,15.0,15.0,7.0,0.0,0.0,0.0,2.0,16.0,11.0,16.0,16.0,8.0,0.0,0.0,2.0,16.0,5.0,4.0,16.0,8.0,0.0,0.0,1.0,12.0,16.0,16.0,10.0,0.0,0.0,0.0,0.0,7.0,16.0,16.0,5.0,0.0,0.0,0.0,0.0,15.0,9.0,14.0,10.0,0.0,0.0,0.0,0.0,14.0,12.0,16.0,8.0,0.0,0.0,0.0,0.0,5.0,14.0,12.0,1.0,0.0,0.0,8
0.0,0.0,0.0,5.0,11.0,0.0,0.0,0.0,0.0,0.0,0.0,10.0,13.0,0.0,0.0,0.0,0.0,0.0,0.0,16.0,16.0,6.0,0.0,0.0,0.0,0.0,9.0,12.0,16.0,5.0,0.0,0.0,0.0,2.0,16.0,4.0,16.0,7.0,0.0,0.0,0.0,9.0,16.0,14.0,16.0,16.0,3.0,0.0,0.0,3.0,8.0,11.0,16.0,8.0,1.0,0.0,0.0,0.0,0.0,5.0,13.0,0.0,0.0,0.0,4
0.0,0.0,2.0,10.0,16.0,10.0,0.0,0.0,0.0,0.0,14.0,9.0,6.0,16.0,16.0,0.0,0.0,0.0,16.0,6.0,5.0,14.0,11.0,0.0,0.0,0.0,5.0,14.0,14.0,16.0,6.0,0.0,0.0,0.0,0.0,0.0,1.0,16.0,3.0,0.0,0.0,0.0,3.0,1.0,4.0,16.0,3.0,0.0,0.0,2.0,15.0,13.0,11.0,13.0,1.0,0.0,0.0,0.0,3.0,12.0,13.0,4.0,0.0,0.0,9
0.0,0.0,2.0,12.0,14.0,4.0,0.0,0.0,0.0,0.0,15.0,12.0,11.0,13.0,0.0,0.0,0.0,4.0,16.0,4.0,1.0,14.0,6.0,0.0,0.0,4.0,12.0,0.0,0.0,8.0,8.0,0.0,0.0,6.0,9.0,0.0,0.0,5.0,8.0,0.0,0.0,3.0,12.0,1.0,0.0,12.0,8.0,0.0,0.0,0.0,8.0,12.0,9.0,16.0,3.0,0.0,0.0,0.0,0.0,10.0,13.0,3.0,0.0,0.0,0
0.0,0.0,5.0,13.0,13.0,8.0,0.0,0.0,0.0,0.0,16.0,11.0,13.0,16.0,6.0,0.0,0.0,1.0,16.0,5.0,2.0,14.0,9.0,0.0,0.0,0.0,9.0,16.0,16.0,15.0,0.0,0.0,0.0,0.0,10.0,16.0,14.0,14.0,0.0,0.0,0.0,5.0,15.0,4.0,0.0,16.0,6.0,0.0,0.0,6.0,14.0,7.0,6.0,16.0,4.0,0.0,0.0,0.0,7.0,15.0,16.0,10.0,0.0,0.0,8
0.0,0.0,5.0,13.0,15.0,6.0,0.0,0.0,0.0,2.0,16.0,9.0,16.0,13.0,0.0,0.0,0.0,4.0,14.0,0.0,10.0,16.0,2.0,0.0,0.0,4.0,15.0,11.0,15.0,16.0,1.0,0.0,0.0,0.0,7.0,10.0,3.0,13.0,8.0,0.0,0.0,0.0,3.0,0.0,0.0,12.0,5.0,0.0,0.0,0.0,13.0,11.0,4.0,16.0,4.0,0.0,0.0,0.0,7.0,14.0,16.0,11.0,1.0,0.0,9
0.0,0.0,8.0,11.0,8.0,10.0,0.0,0.0,0.0,3.0,15.0,8.0,12.0,16.0,4.0,0.0,0.0,3.0,12.0,0.0,3.0,16.0,2.0,0.0,0.0,0.0,11.0,10.0,15.0,10.0,0.0,0.0,0.0,0.0,4.0,16.0,16.0,6.0,0.0,0.0,0.0,0.0,7.0,9.0,4.0,16.0,0.0,0.0,0.0,0.0,12.0,11.0,5.0,16.0,0.0,0.0,0.0,0.0,3.0,10.0,9.0,3.0,0.0,0.0,8
0.0,0.0,6.0,15.0,13.0,2.0,0.0,0.0,0.0,1.0,15.0,10.0,11.0,14.0,0.0,0.0,0.0,2.0,16.0,3.0,1.0,16.0,4.0,0.0,0.0,4.0,12.0,0.0,1.0,14.0,4.0,0.0,0.0,4.0,10.0,0.0,0.0,15.0,3.0,0.0,0.0,4.0,12.0,0.0,0.0,15.0,3.0,0.0,0.0,1.0,13.0,9.0,11.0,16.0,2.0,0.0,0.0,0.0,4.0,12.0,14.0,5.0,0.0,0.0,0
0.0,0.0,7.0,14.0,2.0,0.0,0.0,0.0,0.0,0.0,2.0,16.0,6.0,0.0,0.0,0.0,0.0,0.0,2.0,15.0,9.0,0.0,0.0,0.0,0.0,0.0,2.0,16.0,12.0,0.0,0.0,0.0,0.0,0.0,2.0,16.0,16.0,5.0,0.0,0.0,0.0,0.0,0.0,3.0,13.0,13.0,0.0,0.0,0.0,0.0,6.0,12.0,14.0,16.0,12.0,5.0,0.0,0.0,5.0,16.0,16.0,16.0,16.0,15.0,1
0.0,0.0,2.0,13.0,11.0,0.0,0.0,0.0,0.0,0.0,11.0,14.0,11.0,9.0,0.0,0.0,0.0,0.0,15.0,7.0,6.0,12.0,0.0,0.0,0.0,0.0,8.0,5.0,9.0,12.0,0.0,0.0,0.0,0.0,0.0,1.0,14.0,7.0,0.0,0.0,0.0,0.0,0.0,7.0,16.0,0.0,0.0,0.0,0.0,0.0,1.0,12.0,12.0,4.0,4.0,1.0,0.0,0.0,1.0,15.0,16.0,16.0,16.0,7.0,2
0.0,0.0,1.0,9.0,15.0,5.0,0.0,0.0,0.0,0.0,14.0,11.0,5.0,11.0,0.0,0.0,0.0,4.0,15.0,1.0,4.0,14.0,0.0,0.0,0.0,0.0,6.0,1.0,13.0,9.0,0.0,0.0,0.0,0.0,0.0,0.0,10.0,13.0,1.0,0.0,0.0,0.0,0.0,0.0,0.0,8.0,10.0,0.0,0.0,0.0,12.0,9.0,4.0,4.0,15.0,0.0,0.0,0.0,1.0,10.0,16.0,15.0,11.0,1.0,3
0.0,0.0,1.0,14.0,3.0,0.0,0.0,0.0,0.0,0.0,8.0,14.0,0.0,3.0,0.0,0.0,0.0,1.0,16.0,4.0,10.0,12.0,0.0,0.0,0.0,7.0,14.0,2.0,15.0,5.0,0.0,0.0,0.0,13.0,14.0,11.0,16.0,16.0,9.0,0.0,0.0,8.0,16.0,16.0,14.0,4.0,0.0,0.0,0.0,0.0,0.0,15.0,9.0,0.0,0.0,0.0,0.0,0.0,2.0,16.0,5.0,0.0,0.0,0.0,4
0.0,0.0,9.0,14.0,16.0,13.0,2.0,0.0,0.0,0.0,13.0,8.0,2.0,6.0,4.0,0.0,0.0,0.0,16.0,2.0,9.0,8.0,0.0,0.0,0.0,3.0,15.0,15.0,11.0,14.0,4.0,0.0,0.0,5.0,16.0,6.0,0.0,12.0,2.0,0.0,0.0,5.0,7.0,0.0,3.0,13.0,0.0,0.0,0.0,0.0,5.0,7.0,13.0,6.0,0.0,0.0,0.0,0.0,10.0,16.0,9.0,0.0,0.0,0.0,5
0.0,0.0,1.0,14.0,15.0,4.0,0.0,0.0,0.0,0.0,9.0,16.0,10.0,5.0,0.0,0.0,0.0,1.0,16.0,10.0,0.0,0.0,0.0,0.0,0.0,3.0,16.0,12.0,5.0,0.0,0.0,0.0,0.0,4.0,16.0,16.0,16.0,8.0,0.0,0.0,0.0,1.0,15.0,7.0,4.0,16.0,4.0,0.0,0.0,0.0,11.0,13.0,4.0,16.0,9.0,0.0,0.0,0.0,1.0,12.0,16.0,16.0,9.0,0.0,6
0.0,0.0,9.0,15.0,16.0,2.0,0.0,0.0,0.0,0.0,13.0,9.0,16.0,4.0,0.0,0.0,0.0,0.0,2.0,6.0,16.0,16.0,12.0,0.0,0.0,0.0,14.0,16.0,14.0,8.0,7.0,0.0,0.0,0.0,3.0,14.0,9.0,0.0,0.0,0.0,0.0,0.0,3.0,16.0,3.0,0.0,0.0,0.0,0.0,0.0,10.0,16.0,0.0,0.0,0.0,0.0,0.0,0.0,12.0,11.0,0.0,0.0,0.0,0.0,7
0.0,0.0,0.0,5.0,15.0,13.0,2.0,0.0,0.0,0.0,0.0,12.0,7.0,11.0,6.0,0.0,0.0,0.0,0.0,9.0,12.0,15.0,1.0,0.0,0.0,0.0,1.0,8.0,16.0,4.0,0.0,0.0,0.0,3.0,15.0,8.0,13.0,0.0,0.0,0.0,0.0,7.0,12.0,0.0,10.0,7.0,0.0,0.0,0.0,0.0,12.0,11.0,10.0,8.0,0.0,0.0,0.0,0.0,0.0,6.0,13.0,10.0,0.0,0.0,8
0.0,0.0,3.0,11.0,15.0,8.0,0.0,0.0,0.0,3.0,14.0,10.0,5.0,15.0,2.0,0.0,0.0,8.0,10.0,0.0,3.0,16.0,4.0,0.0,0.0,8.0,9.0,1.0,10.0,16.0,7.0,0.0,0.0,1.0,15.0,16.0,9.0,9.0,7.0,0.0,0.0,0.0,0.0,0.0,0.0,5.0,8.0,0.0,0.0,0.0,4.0,6.0,5.0,13.0,7.0,0.0,0.0,0.0,3.0,16.0,15.0,8.0,1.0,0.0,9
0.0,0.0,0.0,9.0,14.0,6.0,0.0,0.0,0.0,0.0,10.0,13.0,4.0,13.0,2.0,0.0,0.0,2.0,14.0,0.0,0.0,10.0,6.0,0.0,0.0,4.0,9.0,0.0,0.0,6.0,8.0,0.0,0.0,5.0,8.0,0.0,0.0,8.0,7.0,0.0,0.0,2.0,11.0,1.0,0.0,9.0,5.0,0.0,0.0,0.0,6.0,11.0,4.0,13.0,3.0,0.0,0.0,0.0,1.0,11.0,16.0,12.0,0.0,0.0,0
0.0,0.0,6.0,13.0,0.0,0.0,0.0,0.0,0.0,0.0,8.0,16.0,2.0,0.0,0.0,0.0,0.0,0.0,6.0,16.0,3.0,0.0,0.0,0.0,0.0,0.0,3.0,15.0,6.0,0.0,0.0,0.0,0.0,0.0,0.0,10.0,10.0,0.0,0.0,0.0,0.0,0.0,0.0,3.0,15.0,0.0,0.0,0.0,0.0,0.0,7.0,10.0,14.0,12.0,5.0,1.0,0.0,0.0,6.0,16.0,16.0,16.0,16.0,12.0,1
0.0,0.0,5.0,16.0,14.0,2.0,0.0,0.0,0.0,1.0,13.0,14.0,16.0,8.0,0.0,0.0,0.0,9.0,15.0,3.0,16.0,5.0,0.0,0.0,0.0,10.0,13.0,3.0,16.0,3.0,0.0,0.0,0.0,3.0,3.0,11.0,13.0,0.0,0.0,0.0,0.0,0.0,0.0,13.0,10.0,0.0,0.0,0.0,0.0,0.0,2.0,16.0,16.0,16.0,10.0,0.0,0.0,0.0,6.0,16.0,14.0,12.0,9.0,0.0,2
0.0,0.0,3.0,10.0,15.0,6.0,0.0,0.0,0.0,4.0,16.0,9.0,4.0,16.0,2.0,0.0,0.0,8.0,14.0,0.0,9.0,10.0,0.0,0.0,0.0,1.0,4.0,7.0,16.0,2.0,0.0,0.0,0.0,0.0,0.0,2.0,15.0,7.0,0.0,0.0,0.0,0.0,0.0,0.0,1.0,14.0,1.0,0.0,0.0,0.0,12.0,8.0,1.0,11.0,7.0,0.0,0.0,0.0,6.0,8.0,16.0,15.0,5.0,0.0,3
0.0,0.0,3.0,16.0,4.0,0.0,0.0,0.0,0.0,0.0,12.0,13.0,2.0,5.0,0.0,0.0,0.0,2.0,16.0,6.0,10.0,15.0,1.0,0.0,0.0,9.0,15.0,3.0,16.0,11.0,7.0,0.0,0.0,12.0,16.0,16.0,15.0,11.0,5.0,0.0,0.0,3.0,9.0,16.0,3.0,0.0,0.0,0.0,0.0,0.0,2.0,16.0,3.0,0.0,0.0,0.0,0.0,0.0,6.0,14.0,0.0,0.0,0.0,0.0,4
0.0,0.0,13.0,13.0,13.0,12.0,4.0,0.0,0.0,1.0,16.0,5.0,5.0,9.0,4.0,0.0,0.0,4.0,13.0,0.0,2.0,1.0,0.0,0.0,0.0,5.0,14.0,11.0,16.0,13.0,2.0,0.0,0.0,5.0,15.0,6.0,0.0,9.0,8.0,0.0,0.0,0.0,3.0,0.0,0.0,10.0,8.0,0.0,0.0,3.0,14.0,5.0,7.0,15.0,1.0,0.0,0.0,1.0,9.0,14.0,15.0,4.0,0.0,0.0,5
0.0,0.0,0.0,11.0,16.0,6.0,0.0,0.0,0.0,0.0,10.0,16.0,10.0,0.0,0.0,0.0,0.0,0.0,16.0,3.0,0.0,0.0,0.0,0.0,0.0,5.0,14.0,0.0,3.0,0.0,0.0,0.0,0.0,2.0,16.0,16.0,13.0,12.0,1.0,0.0,0.0,2.0,15.0,3.0,0.0,8.0,7.0,0.0,0.0,0.0,8.0,8.0,0.0,10.0,7.0,0.0,0.0,0.0,1.0,11.0,12.0,15.0,4.0,0.0,6
0.0,0.0,5.0,11.0,16.0,16.0,5.0,0.0,0.0,3.0,15.0,11.0,10.0,16.0,4.0,0.0,0.0,0.0,4.0,0.0,10.0,14.0,0.0,0.0,0.0,0.0,7.0,15.0,16.0,16.0,12.0,0.0,0.0,0.0,9.0,16.0,14.0,4.0,1.0,0.0,0.0,0.0,1.0,14.0,7.0,0.0,0.0,0.0,0.0,0.0,4.0,16.0,4.0,0.0,0.0,0.0,0.0,0.0,8.0,16.0,0.0,0.0,0.0,0.0,7
0.0,0.0,0.0,9.0,16.0,6.0,0.0,0.0,0.0,0.0,4.0,15.0,6.0,15.0,0.0,0.0,0.0,0.0,8.0,11.0,9.0,11.0,0.0,0.0,0.0,0.0,8.0,16.0,14.0,2.0,0.0,0.0,0.0,0.0,11.0,16.0,13.0,0.0,0.0,0.0,0.0,6.0,14.0,2.0,12.0,9.0,0.0,0.0,0.0,5.0,16.0,11.0,5.0,13.0,4.0,0.0,0.0,0.0,3.0,8.0,13.0,16.0,9.0,0.0,8
0.0,0.0,1.0,12.0,16.0,14.0,2.0,0.0,0.0,0.0,13.0,11.0,3.0,16.0,5.0,0.0,0.0,4.0,14.0,0.0,0.0,15.0,6.0,0.0,0.0,6.0,12.0,8.0,13.0,16.0,5.0,0.0,0.0,0.0,9.0,12.0,4.0,10.0,8.0,0.0,0.0,0.0,3.0,0.0,0.0,11.0,5.0,0.0,0.0,0.0,16.0,14.0,5.0,15.0,4.0,0.0,0.0,0.0,3.0,12.0,16.0,11.0,1.0,0.0,9
0.0,0.0,5.0,15.0,12.0,4.0,0.0,0.0,0.0,2.0,15.0,8.0,11.0,16.0,4.0,0.0,0.0,8.0,9.0,0.0,6.0,16.0,4.0,0.0,0.0,8.0,8.0,0.0,2.0,10.0,8.0,0.0,0.0,8.0,7.0,0.0,0.0,13.0,5.0,0.0,0.0,2.0,14.0,0.0,0.0,16.0,2.0,0.0,0.0,0.0,14.0,8.0,11.0,10.0,0.0,0.0,0.0,0.0,4.0,13.0,14.0,0.0,0.0,0.0,0
0.0,0.0,8.0,14.0,1.0,0.0,0.0,0.0,0.0,0.0,7.0,16.0,3.0,0.0,0.0,0.0,0.0,0.0,6.0,16.0,6.0,0.0,0.0,0.0,0.0,0.0,6.0,16.0,9.0,0.0,0.0,0.0,0.0,0.0,2.0,16.0,14.0,0.0,0.0,0.0,0.0,0.0,0.0,8.0,16.0,3.0,0.0,0.0,0.0,0.0,12.0,12.0,16.0,16.0,12.0,4.0,0.0,0.0,7.0,16.0,16.0,16.0,12.0,5.0,1
0.0,0.0,3.0,13.0,15.0,1.0,0.0,0.0,0.0,4.0,15.0,14.0,15.0,10.0,0.0,0.0,0.0,13.0,13.0,2.0,13.0,9.0,0.0,0.0,0.0,14.0,10.0,0.0,15.0,9.0,0.0,0.0,0.0,1.0,1.0,2.0,16.0,4.0,0.0,0.0,0.0,0.0,0.0,9.0,15.0,1.0,0.0,0.0,0.0,0.0,2.0,15.0,16.0,16.0,16.0,6.0,0.0,0.0,2.0,15.0,16.0,10.0,12.0,4.0,2
0.0,0.0,2.0,11.0,12.0,1.0,0.0,0.0,0.0,2.0,14.0,9.0,9.0,8.0,0.0,0.0,0.0,10.0,12.0,0.0,13.0,6.0,0.0,0.0,0.0,6.0,5.0,2.0,13.0,2.0,0.0,0.0,0.0,0.0,0.0,10.0,9.0,0.0,0.0,0.0,0.0,0.0,0.0,1.0,10.0,9.0,1.0,0.0,0.0,0.0,6.0,7.0,0.0,12.0,6.0,0.0,0.0,0.0,1.0,12.0,16.0,16.0,5.0,0.0,3
0.0,0.0,0.0,11.0,8.0,0.0,0.0,0.0,0.0,0.0,2.0,16.0,5.0,0.0,0.0,0.0,0.0,0.0,12.0,10.0,4.0,10.0,0.0,0.0,0.0,6.0,15.0,2.0,15.0,8.0,0.0,0.0,0.0,10.0,12.0,4.0,16.0,7.0,6.0,0.0,0.0,10.0,16.0,15.0,16.0,14.0,6.0,0.0,0.0,3.0,8.0,16.0,9.0,0.0,0.0,0.0,0.0,0.0,0.0,14.0,11.0,0.0,0.0,0.0,4
0.0,1.0,13.0,14.0,16.0,15.0,7.0,0.0,0.0,4.0,15.0,3.0,3.0,4.0,1.0,0.0,0.0,4.0,13.0,5.0,8.0,5.0,0.0,0.0,0.0,6.0,16.0,12.0,8.0,14.0,2.0,0.0,0.0,0.0,4.0,0.0,0.0,12.0,4.0,0.0,0.0,0.0,0.0,0.0,1.0,14.0,2.0,0.0,0.0,2.0,12.0,3.0,11.0,9.0,0.0,0.0,0.0,1.0,11.0,16.0,13.0,1.0,0.0,0.0,5
0.0,0.0,2.0,15.0,15.0,3.0,0.0,0.0,0.0,0.0,13.0,15.0,8.0,3.0,0.0,0.0,0.0,5.0,16.0,6.0,0.0,0.0,0.0,0.0,0.0,8.0,15.0,5.0,4.0,2.0,0.0,0.0,0.0,8.0,16.0,16.0,16.0,14.0,2.0,0.0,0.0,4.0,16.0,7.0,1.0,13.0,8.0,0.0,0.0,0.0,11.0,12.0,1.0,11.0,13.0,0.0,0.0,0.0,1.0,12.0,16.0,16.0,10.0,0.0,6
0.0,0.0,4.0,16.0,16.0,16.0,12.0,0.0,0.0,0.0,4.0,12.0,11.0,14.0,13.0,0.0,0.0,0.0,0.0,0.0,0.0,15.0,9.0,0.0,0.0,0.0,2.0,8.0,10.0,16.0,9.0,0.0,0.0,0.0,7.0,13.0,16.0,14.0,5.0,0.0,0.0,0.0,0.0,3.0,16.0,5.0,0.0,0.0,0.0,0.0,0.0,10.0,15.0,0.0,0.0,0.0,0.0,0.0,3.0,16.0,9.0,0.0,0.0,0.0,7
0.0,0.0,2.0,13.0,14.0,6.0,0.0,0.0,0.0,0.0,10.0,13.0,5.0,16.0,0.0,0.0,0.0,0.0,9.0,9.0,4.0,14.0,0.0,0.0,0.0,0.0,4.0,15.0,15.0,5.0,0.0,0.0,0.0,0.0,5.0,16.0,14.0,1.0,0.0,0.0,0.0,0.0,14.0,6.0,8.0,9.0,0.0,0.0,0.0,0.0,13.0,7.0,1.0,11.0,5.0,0.0,0.0,0.0,3.0,11.0,15.0,16.0,12.0,0.0,8
0.0,0.0,8.0,12.0,13.0,1.0,0.0,0.0,0.0,5.0,12.0,2.0,6.0,13.0,0.0,0.0,0.0,11.0,5.0,0.0,6.0,12.0,0.0,0.0,0.0,7.0,10.0,4.0,13.0,15.0,0.0,0.0,0.0,1.0,11.0,12.0,7.0,12.0,4.0,0.0,0.0,0.0,0.0,0.0,0.0,4.0,9.0,0.0,0.0,0.0,10.0,5.0,0.0,3.0,13.0,0.0,0.0,0.0,6.0,12.0,16.0,13.0,10.0,0.0,9
0.0,0.0,4.0,15.0,14.0,4.0,0.0,0.0,0.0,1.0,14.0,8.0,10.0,13.0,1.0,0.0,0.0,5.0,13.0,0.0,0.0,16.0,3.0,0.0,0.0,6.0,12.0,0.0,0.0,13.0,3.0,0.0,0.0,7.0,12.0,0.0,0.0,14.0,3.0,0.0,0.0,1.0,16.0,0.0,0.0,14.0,3.0,0.0,0.0,0.0,10.0,11.0,12.0,14.0,0.0,0.0,0.0,0.0,1.0,11.0,12.0,3.0,0.0,0.0,0
0.0,0.0,2.0,10.0,16.0,11.0,1.0,0.0,0.0,0.0,13.0,13.0,10.0,16.0,8.0,0.0,0.0,4.0,14.0,1.0,8.0,14.0,1.0,0.0,0.0,4.0,15.0,12.0,15.0,8.0,0.0,0.0,0.0,0.0,6.0,7.0,14.0,5.0,0.0,0.0,0.0,1.0,2.0,0.0,12.0,5.0,0.0,0.0,0.0,8.0,15.0,6.0,13.0,4.0,0.0,0.0,0.0,0.0,5.0,11.0,16.0,3.0,0.0,0.0,9
0.0,0.0,13.0,16.0,16.0,16.0,13.0,0.0,0.0,4.0,16.0,9.0,8.0,5.0,4.0,0.0,0.0,9.0,15.0,7.0,8.0,2.0,0.0,0.0,0.0,11.0,16.0,16.0,14.0,15.0,1.0,0.0,0.0,1.0,3.0,0.0,4.0,16.0,4.0,0.0,0.0,0.0,0.0,0.0,8.0,14.0,0.0,0.0,0.0,0.0,11.0,8.0,16.0,6.0,0.0,0.0,0.0,1.0,15.0,16.0,10.0,0.0,0.0,0.0,5
0.0,0.0,9.0,8.0,12.0,13.0,1.0,0.0,0.0,3.0,15.0,8.0,5.0,4.0,0.0,0.0,0.0,6.0,9.0,2.0,6.0,2.0,0.0,0.0,0.0,6.0,16.0,14.0,9.0,13.0,4.0,0.0,0.0,2.0,7.0,0.0,0.0,7.0,8.0,0.0,0.0,0.0,0.0,0.0,0.0,7.0,10.0,0.0,0.0,0.0,8.0,5.0,6.0,14.0,3.0,0.0,0.0,0.0,10.0,14.0,15.0,5.0,0.0,0.0,5
0.0,0.0,2.0,13.0,16.0,8.0,0.0,0.0,0.0,0.0,11.0,16.0,6.0,2.0,0.0,0.0,0.0,2.0,16.0,8.0,0.0,0.0,0.0,0.0,0.0,5.0,16.0,9.0,1.0,0.0,0.0,0.0,0.0,5.0,16.0,16.0,13.0,2.0,0.0,0.0,0.0,1.0,16.0,6.0,8.0,14.0,0.0,0.0,0.0,0.0,11.0,10.0,1.0,16.0,5.0,0.0,0.0,0.0,3.0,15.0,16.0,16.0,3.0,0.0,6
0.0,0.0,8.0,12.0,16.0,16.0,4.0,0.0,0.0,0.0,15.0,6.0,10.0,5.0,0.0,0.0,0.0,4.0,12.0,2.0,8.0,6.0,0.0,0.0,0.0,8.0,14.0,14.0,8.0,13.0,5.0,0.0,0.0,3.0,7.0,0.0,0.0,8.0,8.0,0.0,0.0,0.0,0.0,0.0,0.0,12.0,2.0,0.0,0.0,0.0,5.0,2.0,5.0,12.0,0.0,0.0,0.0,0.0,7.0,15.0,15.0,2.0,0.0,0.0,5
0.0,0.0,2.0,11.0,13.0,5.0,0.0,0.0,0.0,1.0,14.0,9.0,8.0,14.0,0.0,0.0,0.0,6.0,13.0,1.0,2.0,16.0,2.0,0.0,0.0,7.0,7.0,0.0,0.0,12.0,5.0,0.0,0.0,7.0,9.0,0.0,0.0,3.0,9.0,0.0,0.0,2.0,12.0,0.0,0.0,4.0,11.0,0.0,0.0,0.0,12.0,6.0,4.0,14.0,7.0,0.0,0.0,0.0,3.0,13.0,16.0,9.0,0.0,0.0,0
0.0,0.0,3.0,10.0,15.0,14.0,4.0,0.0,0.0,2.0,14.0,7.0,9.0,16.0,8.0,0.0,0.0,7.0,12.0,3.0,14.0,16.0,0.0,0.0,0.0,2.0,14.0,16.0,13.0,16.0,0.0,0.0,0.0,0.0,0.0,0.0,0.0,16.0,0.0,0.0,0.0,1.0,3.0,0.0,0.0,14.0,0.0,0.0,0.0,5.0,15.0,8.0,2.0,16.0,0.0,0.0,0.0,0.0,4.0,11.0,16.0,15.0,0.0,0.0,9
0.0,0.0,0.0,6.0,15.0,11.0,2.0,0.0,0.0,0.0,6.0,13.0,4.0,13.0,5.0,0.0,0.0,0.0,7.0,11.0,0.0,13.0,3.0,0.0,0.0,0.0,2.0,15.0,13.0,7.0,0.0,0.0,0.0,3.0,13.0,12.0,16.0,2.0,0.0,0.0,0.0,8.0,15.0,1.0,9.0,8.0,0.0,0.0,0.0,0.0,7.0,14.0,8.0,16.0,1.0,0.0,0.0,0.0,0.0,5.0,12.0,16.0,2.0,0.0,8
0.0,0.0,2.0,10.0,14.0,10.0,0.0,0.0,0.0,1.0,15.0,9.0,9.0,16.0,1.0,0.0,0.0,7.0,9.0,0.0,9.0,12.0,0.0,0.0,0.0,7.0,7.0,3.0,15.0,15.0,0.0,0.0,0.0,2.0,15.0,15.0,7.0,16.0,1.0,0.0,0.0,0.0,1.0,2.0,0.0,9.0,4.0,0.0,0.0,0.0,5.0,13.0,4.0,8.0,9.0,0.0,0.0,0.0,1.0,10.0,15.0,16.0,6.0,0.0,9
0.0,0.0,0.0,9.0,16.0,9.0,0.0,0.0,0.0,0.0,3.0,15.0,5.0,16.0,0.0,0.0,0.0,0.0,7.0,12.0,7.0,12.0,0.0,0.0,0.0,0.0,1.0,16.0,16.0,5.0,0.0,0.0,0.0,0.0,2.0,16.0,14.0,1.0,0.0,0.0,0.0,3.0,16.0,8.0,9.0,11.0,0.0,0.0,0.0,0.0,12.0,13.0,4.0,12.0,8.0,0.0,0.0,0.0,0.0,8.0,14.0,16.0,14.0,0.0,8
0.0,0.0,0.0,9.0,11.0,0.0,0.0,0.0,0.0,0.0,5.0,14.0,3.0,2.0,0.0,0.0,0.0,0.0,15.0,2.0,1.0,14.0,3.0,0.0,0.0,5.0,13.0,0.0,13.0,8.0,1.0,0.0,0.0,8.0,13.0,3.0,16.0,14.0,6.0,0.0,0.0,6.0,15.0,16.0,13.0,3.0,0.0,0.0,0.0,0.0,0.0,9.0,11.0,0.0,0.0,0.0,0.0,0.0,0.0,11.0,7.0,0.0,0.0,0.0,4
0.0,0.0,5.0,14.0,1.0,0.0,0.0,0.0,0.0,0.0,9.0,16.0,4.0,0.0,0.0,0.0,0.0,0.0,12.0,16.0,4.0,0.0,0.0,0.0,0.0,0.0,12.0,16.0,8.0,0.0,0.0,0.0,0.0,0.0,9.0,16.0,11.0,0.0,0.0,0.0,0.0,0.0,0.0,8.0,16.0,2.0,0.0,0.0,0.0,0.0,3.0,8.0,15.0,13.0,11.0,8.0,0.0,0.0,5.0,16.0,16.0,16.0,16.0,10.0,1
0.0,0.0,4.0,10.0,15.0,16.0,4.0,0.0,0.0,0.0,13.0,14.0,9.0,16.0,3.0,0.0,0.0,0.0,2.0,1.0,5.0,15.0,0.0,0.0,0.0,0.0,3.0,4.0,13.0,14.0,2.0,0.0,0.0,5.0,16.0,16.0,16.0,16.0,8.0,0.0,0.0,4.0,9.0,12.0,14.0,1.0,0.0,0.0,0.0,0.0,5.0,15.0,10.0,0.0,0.0,0.0,0.0,0.0,6.0,16.0,4.0,0.0,0.0,0.0,7
0.0,0.0,3.0,15.0,16.0,16.0,6.0,0.0,0.0,0.0,3.0,14.0,7.0,15.0,3.0,0.0,0.0,0.0,0.0,0.0,4.0,14.0,0.0,0.0,0.0,0.0,2.0,9.0,15.0,16.0,14.0,0.0,0.0,0.0,7.0,16.0,14.0,6.0,2.0,0.0,0.0,0.0,0.0,8.0,8.0,0.0,0.0,0.0,0.0,0.0,2.0,16.0,2.0,0.0,0.0,0.0,0.0,0.0,5.0,12.0,0.0,0.0,0.0,0.0,7
0.0,0.0,1.0,10.0,15.0,10.0,0.0,0.0,0.0,1.0,13.0,11.0,8.0,12.0,0.0,0.0,0.0,2.0,9.0,0.0,13.0,6.0,0.0,0.0,0.0,0.0,0.0,0.0,16.0,1.0,0.0,0.0,0.0,0.0,0.0,0.0,14.0,10.0,1.0,0.0,0.0,0.0,0.0,0.0,1.0,9.0,10.0,0.0,0.0,0.0,13.0,7.0,0.0,2.0,16.0,0.0,0.0,0.0,2.0,11.0,15.0,16.0,12.0,0.0,3
0.0,0.0,11.0,13.0,12.0,12.0,3.0,0.0,0.0,5.0,14.0,4.0,4.0,7.0,2.0,0.0,0.0,7.0,10.0,1.0,4.0,1.0,0.0,0.0,0.0,8.0,15.0,14.0,12.0,15.0,2.0,0.0,0.0,2.0,7.0,0.0,0.0,12.0,4.0,0.0,0.0,0.0,0.0,0.0,1.0,16.0,3.0,0.0,0.0,1.0,8.0,3.0,10.0,12.0,0.0,0.0,0.0,1.0,12.0,16.0,12.0,2.0,0.0,0.0,5
0.0,0.0,2.0,16.0,5.0,0.0,0.0,0.0,0.0,0.0,4.0,16.0,10.0,0.0,0.0,0.0,0.0,0.0,5.0,16.0,7.0,0.0,0.0,0.0,0.0,0.0,8.0,16.0,9.0,0.0,0.0,0.0,0.0,0.0,15.0,16.0,14.0,2.0,0.0,0.0,0.0,0.0,7.0,8.0,14.0,10.0,0.0,0.0,0.0,0.0,12.0,15.0,14.0,16.0,14.0,9.0,0.0,0.0,2.0,10.0,13.0,16.0,10.0,3.0,1
0.0,0.0,1.0,15.0,11.0,1.0,0.0,0.0,0.0,0.0,9.0,12.0,8.0,12.0,0.0,0.0,0.0,1.0,15.0,1.0,6.0,16.0,2.0,0.0,0.0,2.0,12.0,0.0,1.0,11.0,6.0,0.0,0.0,5.0,10.0,0.0,0.0,11.0,4.0,0.0,0.0,2.0,13.0,0.0,0.0,10.0,3.0,0.0,0.0,0.0,13.0,2.0,3.0,13.0,3.0,0.0,0.0,0.0,1.0,13.0,16.0,15.0,1.0,0.0,0
0.0,0.0,5.0,16.0,15.0,4.0,0.0,0.0,0.0,3.0,15.0,13.0,13.0,12.0,0.0,0.0,0.0,7.0,14.0,1.0,0.0,16.0,5.0,0.0,0.0,12.0,9.0,0.0,1.0,11.0,10.0,0.0,0.0,10.0,10.0,0.0,0.0,7.0,13.0,0.0,0.0,6.0,15.0,0.0,0.0,8.0,12.0,0.0,0.0,1.0,14.0,7.0,6.0,15.0,11.0,0.0,0.0,0.0,5.0,15.0,16.0,14.0,3.0,0.0,0
0.0,0.0,3.0,11.0,13.0,1.0,0.0,0.0,0.0,6.0,16.0,11.0,13.0,6.0,0.0,0.0,1.0,16.0,8.0,0.0,11.0,4.0,0.0,0.0,0.0,4.0,4.0,0.0,16.0,0.0,0.0,0.0,0.0,0.0,0.0,5.0,11.0,0.0,0.0,0.0,0.0,0.0,0.0,8.0,9.0,0.0,0.0,0.0,0.0,0.0,0.0,12.0,9.0,4.0,5.0,0.0,0.0,0.0,1.0,14.0,13.0,12.0,15.0,5.0,2
0.0,0.0,2.0,14.0,8.0,0.0,0.0,0.0,0.0,3.0,14.0,10.0,16.0,1.0,0.0,0.0,0.0,11.0,8.0,2.0,15.0,0.0,0.0,0.0,0.0,9.0,8.0,1.0,13.0,0.0,0.0,0.0,0.0,1.0,3.0,6.0,10.0,0.0,0.0,0.0,0.0,0.0,0.0,9.0,7.0,0.0,0.0,0.0,0.0,0.0,0.0,14.0,9.0,4.0,7.0,3.0,0.0,0.0,1.0,14.0,16.0,16.0,13.0,8.0,2
0.0,0.0,9.0,14.0,16.0,10.0,0.0,0.0,0.0,0.0,10.0,6.0,12.0,13.0,0.0,0.0,0.0,0.0,0.0,0.0,13.0,13.0,5.0,0.0,0.0,2.0,12.0,15.0,16.0,15.0,14.0,0.0,0.0,2.0,12.0,16.0,7.0,0.0,1.0,0.0,0.0,0.0,3.0,15.0,0.0,0.0,0.0,0.0,0.0,0.0,8.0,14.0,0.0,0.0,0.0,0.0,0.0,0.0,9.0,11.0,0.0,0.0,0.0,0.0,7
0.0,0.0,0.0,6.0,14.0,4.0,0.0,0.0,0.0,0.0,4.0,13.0,2.0,12.0,0.0,0.0,0.0,0.0,8.0,6.0,0.0,12.0,0.0,0.0,0.0,0.0,2.0,12.0,6.0,14.0,0.0,0.0,0.0,0.0,1.0,12.0,16.0,9.0,0.0,0.0,0.0,0.0,13.0,11.0,6.0,11.0,0.0,0.0,0.0,0.0,9.0,11.0,2.0,7.0,8.0,0.0,0.0,0.0,0.0,5.0,10.0,15.0,13.0,0.0,8
0.0,0.0,7.0,13.0,14.0,1.0,0.0,0.0,0.0,7.0,15.0,9.0,13.0,7.0,0.0,0.0,0.0,5.0,15.0,3.0,8.0,8.0,0.0,0.0,0.0,0.0,1.0,0.0,12.0,5.0,0.0,0.0,0.0,0.0,0.0,1.0,14.0,0.0,0.0,0.0,0.0,0.0,0.0,10.0,6.0,0.0,0.0,0.0,0.0,0.0,2.0,15.0,5.0,4.0,4.0,0.0,0.0,0.0,6.0,16.0,16.0,13.0,16.0,6.0,2
0.0,0.0,0.0,7.0,13.0,9.0,1.0,0.0,0.0,0.0,7.0,15.0,8.0,15.0,5.0,0.0,0.0,1.0,15.0,2.0,0.0,10.0,8.0,0.0,0.0,4.0,12.0,0.0,0.0,12.0,7.0,0.0,0.0,5.0,9.0,0.0,0.0,14.0,3.0,0.0,0.0,4.0,14.0,0.0,0.0,11.0,0.0,0.0,0.0,1.0,16.0,8.0,8.0,11.0,0.0,0.0,0.0,0.0,2.0,11.0,14.0,5.0,0.0,0.0,0
0.0,0.0,10.0,12.0,0.0,0.0,0.0,0.0,0.0,0.0,8.0,16.0,1.0,0.0,0.0,0.0,0.0,0.0,9.0,16.0,1.0,0.0,0.0,0.0,0.0,0.0,12.0,16.0,5.0,0.0,0.0,0.0,0.0,0.0,13.0,16.0,10.0,0.0,0.0,0.0,0.0,0.0,1.0,10.0,15.0,0.0,0.0,0.0,0.0,0.0,7.0,12.0,16.0,12.0,12.0,4.0,0.0,0.0,7.0,16.0,16.0,16.0,16.0,11.0,1
0.0,0.0,3.0,13.0,7.0,0.0,0.0,0.0,0.0,3.0,15.0,8.0,14.0,0.0,0.0,0.0,0.0,10.0,8.0,1.0,14.0,0.0,0.0,0.0,0.0,8.0,11.0,5.0,13.0,0.0,0.0,0.0,0.0,0.0,0.0,5.0,12.0,0.0,0.0,0.0,0.0,0.0,0.0,8.0,8.0,0.0,0.0,0.0,0.0,0.0,1.0,12.0,10.0,7.0,5.0,2.0,0.0,0.0,2.0,14.0,14.0,12.0,14.0,7.0,2
0.0,0.0,3.0,12.0,16.0,6.0,0.0,0.0,0.0,0.0,13.0,16.0,12.0,4.0,0.0,0.0,0.0,3.0,16.0,9.0,0.0,0.0,0.0,0.0,0.0,6.0,13.0,5.0,4.0,0.0,0.0,0.0,0.0,8.0,14.0,3.0,16.0,2.0,0.0,0.0,0.0,4.0,16.0,4.0,13.0,7.0,0.0,0.0,0.0,0.0,11.0,11.0,11.0,14.0,0.0,0.0,0.0,0.0,3.0,12.0,16.0,15.0,0.0,0.0,6
0.0,0.0,1.0,9.0,16.0,6.0,0.0,0.0,0.0,4.0,14.0,10.0,11.0,10.0,0.0,0.0,0.0,12.0,10.0,0.0,13.0,6.0,0.0,0.0,0.0,6.0,7.0,4.0,16.0,5.0,0.0,0.0,0.0,0.0,0.0,0.0,7.0,12.0,1.0,0.0,0.0,0.0,0.0,0.0,0.0,8.0,10.0,0.0,0.0,0.0,8.0,13.0,3.0,0.0,14.0,3.0,0.0,0.0,0.0,8.0,16.0,16.0,13.0,3.0,3
0.0,0.0,4.0,12.0,16.0,14.0,7.0,0.0,0.0,2.0,16.0,6.0,0.0,7.0,12.0,0.0,0.0,0.0,7.0,0.0,3.0,13.0,3.0,0.0,0.0,0.0,0.0,1.0,16.0,6.0,0.0,0.0,0.0,0.0,0.0,0.0,9.0,12.0,0.0,0.0,0.0,0.0,2.0,0.0,0.0,13.0,5.0,0.0,0.0,3.0,16.0,7.0,1.0,12.0,4.0,0.0,0.0,0.0,3.0,12.0,16.0,15.0,2.0,0.0,3
0.0,0.0,3.0,8.0,12.0,15.0,16.0,2.0,0.0,0.0,12.0,14.0,10.0,13.0,15.0,0.0,0.0,0.0,1.0,1.0,2.0,14.0,6.0,0.0,0.0,0.0,2.0,8.0,13.0,16.0,8.0,0.0,0.0,0.0,9.0,16.0,16.0,10.0,5.0,0.0,0.0,0.0,1.0,8.0,12.0,1.0,0.0,0.0,0.0,0.0,0.0,14.0,8.0,0.0,0.0,0.0,0.0,0.0,2.0,16.0,5.0,0.0,0.0,0.0,7
0.0,0.0,0.0,6.0,15.0,12.0,1.0,0.0,0.0,4.0,12.0,16.0,12.0,16.0,3.0,0.0,0.0,15.0,16.0,6.0,4.0,16.0,3.0,0.0,0.0,4.0,5.0,1.0,15.0,12.0,0.0,0.0,0.0,0.0,0.0,7.0,16.0,10.0,1.0,0.0,0.0,0.0,3.0,2.0,4.0,15.0,7.0,0.0,0.0,0.0,12.0,15.0,8.0,11.0,14.0,0.0,0.0,0.0,1.0,8.0,15.0,16.0,11.0,0.0,3
0.0,0.0,0.0,7.0,13.0,10.0,0.0,0.0,0.0,0.0,10.0,13.0,5.0,13.0,0.0,0.0,0.0,7.0,12.0,0.0,8.0,8.0,0.0,0.0,0.0,6.0,6.0,3.0,15.0,1.0,0.0,0.0,0.0,0.0,0.0,2.0,13.0,9.0,0.0,0.0,0.0,0.0,0.0,0.0,0.0,11.0,7.0,0.0,0.0,0.0,5.0,9.0,1.0,2.0,12.0,0.0,0.0,0.0,0.0,9.0,15.0,16.0,9.0,0.0,3
0.0,0.0,0.0,12.0,10.0,0.0,0.0,0.0,0.0,0.0,4.0,16.0,5.0,0.0,0.0,0.0,0.0,0.0,15.0,7.0,2.0,14.0,1.0,0.0,0.0,6.0,16.0,2.0,9.0,16.0,11.0,0.0,0.0,9.0,14.0,9.0,16.0,15.0,6.0,0.0,0.0,5.0,16.0,16.0,16.0,1.0,0.0,0.0,0.0,0.0,2.0,11.0,13.0,0.0,0.0,0.0,0.0,0.0,0.0,12.0,13.0,0.0,0.0,0.0,4
0.0,0.0,0.0,10.0,16.0,6.0,0.0,0.0,0.0,0.0,11.0,14.0,5.0,0.0,0.0,0.0,0.0,3.0,16.0,2.0,0.0,0.0,0.0,0.0,0.0,8.0,10.0,0.0,0.0,0.0,0.0,0.0,0.0,6.0,16.0,14.0,11.0,3.0,0.0,0.0,0.0,2.0,14.0,0.0,7.0,13.0,0.0,0.0,0.0,0.0,10.0,9.0,1.0,15.0,2.0,0.0,0.0,0.0,0.0,8.0,16.0,15.0,1.0,0.0,6
0.0,0.0,0.0,9.0,16.0,6.0,0.0,0.0,0.0,0.0,8.0,16.0,12.0,5.0,0.0,0.0,0.0,2.0,16.0,9.0,0.0,0.0,0.0,0.0,0.0,6.0,16.0,6.0,2.0,0.0,0.0,0.0,0.0,8.0,16.0,16.0,16.0,7.0,0.0,0.0,0.0,2.0,16.0,7.0,7.0,16.0,4.0,0.0,0.0,0.0,9.0,13.0,3.0,14.0,9.0,0.0,0.0,0.0,0.0,8.0,16.0,16.0,7.0,0.0,6
0.0,0.0,0.0,8.0,15.0,10.0,0.0,0.0,0.0,0.0,8.0,13.0,6.0,1.0,0.0,0.0,0.0,1.0,16.0,2.0,0.0,0.0,0.0,0.0,0.0,4.0,11.0,0.0,0.0,0.0,0.0,0.0,0.0,4.0,16.0,12.0,12.0,9.0,2.0,0.0,0.0,1.0,15.0,1.0,0.0,9.0,10.0,0.0,0.0,0.0,10.0,9.0,4.0,13.0,3.0,0.0,0.0,0.0,0.0,11.0,15.0,5.0,0.0,0.0,6
0.0,0.0,3.0,15.0,6.0,0.0,0.0,0.0,0.0,1.0,14.0,13.0,4.0,0.0,0.0,0.0,0.0,4.0,16.0,5.0,16.0,7.0,0.0,0.0,0.0,8.0,16.0,8.0,16.0,9.0,5.0,0.0,0.0,10.0,16.0,14.0,16.0,16.0,9.0,0.0,0.0,3.0,11.0,16.0,11.0,2.0,0.0,0.0,0.0,0.0,4.0,16.0,8.0,0.0,0.0,0.0,0.0,0.0,5.0,15.0,4.0,0.0,0.0,0.0,4
0.0,0.0,1.0,8.0,14.0,15.0,5.0,0.0,0.0,1.0,14.0,8.0,1.0,14.0,8.0,0.0,0.0,7.0,12.0,0.0,7.0,16.0,8.0,0.0,0.0,4.0,14.0,12.0,12.0,9.0,8.0,0.0,0.0,0.0,1.0,3.0,0.0,9.0,8.0,0.0,0.0,0.0,0.0,0.0,0.0,13.0,6.0,0.0,0.0,0.0,12.0,10.0,4.0,16.0,0.0,0.0,0.0,0.0,2.0,8.0,16.0,7.0,0.0,0.0,9
0.0,0.0,3.0,15.0,5.0,0.0,0.0,0.0,0.0,0.0,5.0,16.0,10.0,0.0,0.0,0.0,0.0,0.0,6.0,16.0,7.0,0.0,0.0,0.0,0.0,2.0,12.0,16.0,9.0,0.0,0.0,0.0,0.0,8.0,16.0,15.0,14.0,0.0,0.0,0.0,0.0,0.0,6.0,3.0,16.0,6.0,0.0,0.0,0.0,0.0,6.0,8.0,12.0,15.0,12.0,10.0,0.0,0.0,2.0,13.0,16.0,16.0,15.0,11.0,1
0.0,1.0,9.0,12.0,13.0,11.0,0.0,0.0,0.0,3.0,15.0,4.0,3.0,3.0,0.0,0.0,0.0,5.0,12.0,7.0,6.0,0.0,0.0,0.0,0.0,5.0,16.0,14.0,13.0,7.0,0.0,0.0,0.0,1.0,8.0,0.0,2.0,12.0,0.0,0.0,0.0,0.0,0.0,0.0,2.0,14.0,0.0,0.0,0.0,0.0,6.0,2.0,10.0,6.0,0.0,0.0,0.0,0.0,11.0,16.0,13.0,1.0,0.0,0.0,5
0.0,0.0,0.0,16.0,6.0,0.0,0.0,0.0,0.0,0.0,11.0,16.0,16.0,11.0,0.0,0.0,0.0,4.0,16.0,11.0,13.0,14.0,0.0,0.0,0.0,7.0,12.0,1.0,3.0,13.0,0.0,0.0,0.0,4.0,10.0,0.0,0.0,16.0,0.0,0.0,0.0,2.0,14.0,0.0,1.0,16.0,1.0,0.0,0.0,0.0,9.0,7.0,9.0,14.0,0.0,0.0,0.0,0.0,1.0,11.0,15.0,3.0,0.0,0.0,0
0.0,0.0,6.0,11.0,13.0,6.0,0.0,0.0,0.0,7.0,14.0,6.0,7.0,13.0,0.0,0.0,0.0,10.0,7.0,0.0,7.0,10.0,0.0,0.0,0.0,4.0,13.0,12.0,15.0,10.0,0.0,0.0,0.0,0.0,1.0,4.0,0.0,12.0,0.0,0.0,0.0,0.0,0.0,0.0,0.0,11.0,1.0,0.0,0.0,0.0,8.0,2.0,0.0,12.0,0.0,0.0,0.0,0.0,6.0,14.0,15.0,12.0,0.0,0.0,9
0.0,0.0,9.0,16.0,16.0,13.0,2.0,0.0,0.0,2.0,15.0,2.0,3.0,3.0,0.0,0.0,0.0,7.0,9.0,0.0,1.0,4.0,0.0,0.0,0.0,8.0,12.0,7.0,13.0,14.0,7.0,0.0,0.0,6.0,16.0,8.0,0.0,5.0,8.0,0.0,0.0,1.0,3.0,0.0,0.0,9.0,6.0,0.0,0.0,0.0,3.0,4.0,1.0,15.0,0.0,0.0,0.0,0.0,7.0,16.0,12.0,7.0,0.0,0.0,5
0.0,0.0,7.0,15.0,13.0,0.0,0.0,0.0,0.0,9.0,16.0,15.0,16.0,5.0,0.0,0.0,0.0,12.0,16.0,5.0,15.0,6.0,0.0,0.0,0.0,0.0,7.0,2.0,13.0,9.0,0.0,0.0,0.0,0.0,0.0,1.0,16.0,7.0,0.0,0.0,0.0,0.0,0.0,6.0,16.0,4.0,0.0,0.0,0.0,0.0,1.0,15.0,16.0,12.0,15.0,7.0,0.0,0.0,5.0,16.0,14.0,12.0,12.0,11.0,2
0.0,0.0,0.0,6.0,14.0,10.0,0.0,0.0,0.0,0.0,3.0,16.0,7.0,13.0,2.0,0.0,0.0,0.0,4.0,16.0,3.0,14.0,1.0,0.0,0.0,0.0,0.0,11.0,16.0,9.0,0.0,0.0,0.0,0.0,5.0,14.0,16.0,6.0,0.0,0.0,0.0,3.0,15.0,4.0,1.0,13.0,4.0,0.0,0.0,2.0,14.0,11.0,5.0,5.0,12.0,0.0,0.0,0.0,0.0,6.0,10.0,15.0,15.0,0.0,8
0.0,0.0,9.0,15.0,13.0,0.0,0.0,0.0,0.0,5.0,14.0,7.0,13.0,2.0,0.0,0.0,0.0,12.0,10.0,1.0,13.0,0.0,0.0,0.0,0.0,4.0,7.0,6.0,11.0,0.0,0.0,0.0,0.0,0.0,0.0,10.0,6.0,0.0,0.0,0.0,0.0,0.0,1.0,15.0,0.0,0.0,0.0,0.0,0.0,0.0,9.0,11.0,0.0,6.0,5.0,0.0,0.0,0.0,11.0,16.0,16.0,16.0,16.0,3.0,2
0.0,0.0,2.0,11.0,15.0,2.0,0.0,0.0,0.0,0.0,12.0,6.0,11.0,9.0,0.0,0.0,0.0,4.0,11.0,0.0,7.0,16.0,0.0,0.0,0.0,5.0,6.0,0.0,1.0,16.0,6.0,0.0,0.0,5.0,4.0,0.0,0.0,10.0,7.0,0.0,0.0,0.0,10.0,0.0,0.0,10.0,5.0,0.0,0.0,0.0,13.0,2.0,6.0,12.0,0.0,0.0,0.0,0.0,4.0,16.0,12.0,1.0,0.0,0.0,0
0.0,0.0,1.0,12.0,14.0,3.0,0.0,0.0,0.0,1.0,13.0,11.0,9.0,13.0,0.0,0.0,0.0,7.0,11.0,0.0,1.0,16.0,4.0,0.0,0.0,8.0,6.0,0.0,2.0,15.0,0.0,0.0,0.0,4.0,12.0,0.0,0.0,15.0,0.0,0.0,0.0,0.0,15.0,1.0,1.0,15.0,0.0,0.0,0.0,0.0,7.0,10.0,7.0,13.0,0.0,0.0,0.0,0.0,1.0,13.0,16.0,7.0,0.0,0.0,0
0.0,0.0,5.0,13.0,2.0,0.0,0.0,0.0,0.0,0.0,4.0,16.0,7.0,0.0,0.0,0.0,0.0,0.0,4.0,16.0,4.0,0.0,0.0,0.0,0.0,0.0,4.0,16.0,6.0,0.0,0.0,0.0,0.0,0.0,9.0,16.0,10.0,0.0,0.0,0.0,0.0,0.0,2.0,11.0,15.0,1.0,0.0,0.0,0.0,0.0,10.0,13.0,16.0,15.0,16.0,9.0,0.0,0.0,3.0,12.0,16.0,16.0,11.0,2.0,1
0.0,0.0,6.0,14.0,16.0,13.0,0.0,0.0,0.0,0.0,9.0,9.0,9.0,15.0,0.0,0.0,0.0,0.0,0.0,0.0,14.0,9.0,0.0,0.0,0.0,0.0,2.0,10.0,16.0,16.0,12.0,0.0,0.0,0.0,13.0,16.0,12.0,7.0,3.0,0.0,0.0,0.0,3.0,14.0,6.0,0.0,0.0,0.0,0.0,0.0,6.0,16.0,2.0,0.0,0.0,0.0,0.0,0.0,10.0,13.0,0.0,0.0,0.0,0.0,7
0.0,0.0,0.0,6.0,13.0,8.0,0.0,0.0,0.0,0.0,7.0,16.0,8.0,4.0,0.0,0.0,0.0,3.0,15.0,2.0,0.0,0.0,0.0,0.0,0.0,6.0,12.0,4.0,0.0,0.0,0.0,0.0,0.0,4.0,16.0,13.0,13.0,3.0,0.0,0.0,0.0,2.0,15.0,2.0,5.0,14.0,0.0,0.0,0.0,0.0,9.0,10.0,2.0,15.0,0.0,0.0,0.0,0.0,0.0,8.0,15.0,12.0,0.0,0.0,6
0.0,0.0,1.0,7.0,12.0,3.0,0.0,0.0,0.0,4.0,16.0,12.0,12.0,10.0,0.0,0.0,0.0,14.0,9.0,0.0,11.0,8.0,0.0,0.0,0.0,7.0,5.0,0.0,15.0,4.0,0.0,0.0,0.0,0.0,0.0,2.0,14.0,7.0,0.0,0.0,0.0,0.0,0.0,0.0,2.0,13.0,9.0,0.0,0.0,0.0,5.0,10.0,4.0,0.0,14.0,5.0,0.0,0.0,1.0,9.0,15.0,16.0,16.0,8.0,3
0.0,0.0,10.0,15.0,2.0,0.0,0.0,0.0,0.0,7.0,16.0,16.0,6.0,0.0,0.0,0.0,0.0,12.0,13.0,12.0,9.0,0.0,0.0,0.0,0.0,8.0,9.0,13.0,7.0,0.0,0.0,0.0,0.0,0.0,0.0,16.0,5.0,0.0,0.0,0.0,0.0,0.0,6.0,15.0,1.0,0.0,0.0,0.0,0.0,0.0,16.0,14.0,4.0,5.0,8.0,3.0,0.0,0.0,8.0,16.0,16.0,16.0,16.0,9.0,2
0.0,0.0,6.0,16.0,4.0,0.0,0.0,0.0,0.0,0.0,4.0,16.0,9.0,0.0,0.0,0.0,0.0,0.0,7.0,16.0,12.0,0.0,0.0,0.0,0.0,0.0,13.0,16.0,15.0,0.0,0.0,0.0,0.0,0.0,13.0,15.0,16.0,2.0,0.0,0.0,0.0,0.0,1.0,2.0,15.0,8.0,0.0,0.0,0.0,0.0,6.0,9.0,14.0,15.0,13.0,7.0,0.0,0.0,5.0,15.0,16.0,16.0,15.0,3.0,1
0.0,0.0,4.0,13.0,14.0,16.0,3.0,0.0,0.0,0.0,6.0,11.0,10.0,16.0,1.0,0.0,0.0,0.0,0.0,0.0,7.0,14.0,0.0,0.0,0.0,0.0,9.0,16.0,16.0,16.0,12.0,0.0,0.0,0.0,15.0,13.0,16.0,7.0,2.0,0.0,0.0,0.0,0.0,8.0,12.0,0.0,0.0,0.0,0.0,0.0,2.0,14.0,6.0,0.0,0.0,0.0,0.0,0.0,8.0,13.0,1.0,0.0,0.0,0.0,7
0.0,0.0,2.0,15.0,6.0,0.0,0.0,0.0,0.0,0.0,10.0,14.0,0.0,5.0,0.0,0.0,0.0,0.0,13.0,9.0,9.0,16.0,3.0,0.0,0.0,6.0,15.0,6.0,16.0,3.0,0.0,0.0,0.0,9.0,13.0,12.0,15.0,12.0,8.0,0.0,0.0,9.0,16.0,16.0,14.0,7.0,2.0,0.0,0.0,1.0,7.0,16.0,7.0,0.0,0.0,0.0,0.0,0.0,2.0,16.0,7.0,0.0,0.0,0.0,4
0.0,0.0,2.0,13.0,16.0,8.0,0.0,0.0,0.0,1.0,13.0,16.0,10.0,7.0,0.0,0.0,0.0,5.0,16.0,9.0,0.0,0.0,0.0,0.0,0.0,7.0,16.0,7.0,0.0,0.0,0.0,0.0,0.0,9.0,16.0,16.0,13.0,1.0,0.0,0.0,0.0,5.0,16.0,6.0,14.0,9.0,0.0,0.0,0.0,0.0,13.0,12.0,14.0,15.0,0.0,0.0,0.0,0.0,3.0,12.0,16.0,11.0,0.0,0.0,6
0.0,0.0,0.0,6.0,13.0,7.0,0.0,0.0,0.0,0.0,10.0,13.0,6.0,15.0,0.0,0.0,0.0,0.0,12.0,8.0,4.0,12.0,0.0,0.0,0.0,0.0,0.0,1.0,15.0,3.0,0.0,0.0,0.0,0.0,0.0,10.0,15.0,2.0,0.0,0.0,0.0,0.0,0.0,1.0,5.0,15.0,2.0,0.0,0.0,0.0,14.0,10.0,2.0,5.0,11.0,0.0,0.0,0.0,2.0,7.0,13.0,15.0,8.0,0.0,3
0.0,0.0,2.0,15.0,3.0,0.0,0.0,0.0,0.0,0.0,4.0,16.0,4.0,0.0,0.0,0.0,0.0,0.0,4.0,16.0,5.0,0.0,0.0,0.0,0.0,0.0,14.0,16.0,6.0,0.0,0.0,0.0,0.0,0.0,7.0,15.0,7.0,0.0,0.0,0.0,0.0,0.0,2.0,10.0,9.0,0.0,0.0,0.0,0.0,0.0,16.0,16.0,15.0,9.0,16.0,5.0,0.0,0.0,3.0,15.0,16.0,15.0,7.0,1.0,1
0.0,0.0,0.0,6.0,15.0,6.0,0.0,0.0,0.0,1.0,11.0,13.0,8.0,11.0,0.0,0.0,0.0,9.0,13.0,0.0,9.0,10.0,0.0,0.0,0.0,8.0,9.0,3.0,15.0,3.0,0.0,0.0,0.0,0.0,0.0,5.0,14.0,3.0,0.0,0.0,0.0,0.0,3.0,0.0,5.0,13.0,2.0,0.0,0.0,0.0,9.0,12.0,5.0,10.0,7.0,0.0,0.0,0.0,0.0,6.0,12.0,15.0,5.0,0.0,3
0.0,0.0,5.0,11.0,13.0,6.0,0.0,0.0,0.0,4.0,15.0,8.0,7.0,16.0,3.0,0.0,0.0,8.0,7.0,0.0,4.0,16.0,1.0,0.0,0.0,4.0,11.0,1.0,10.0,16.0,4.0,0.0,0.0,2.0,15.0,15.0,8.0,16.0,4.0,0.0,0.0,0.0,0.0,0.0,0.0,13.0,6.0,0.0,0.0,1.0,16.0,9.0,0.0,12.0,5.0,0.0,0.0,0.0,4.0,11.0,16.0,16.0,2.0,0.0,9
0.0,0.0,4.0,15.0,4.0,0.0,0.0,0.0,0.0,0.0,3.0,16.0,9.0,0.0,0.0,0.0,0.0,0.0,2.0,16.0,11.0,0.0,0.0,0.0,0.0,0.0,0.0,16.0,13.0,0.0,0.0,0.0,0.0,0.0,2.0,16.0,16.0,2.0,0.0,0.0,0.0,0.0,0.0,5.0,15.0,10.0,0.0,0.0,0.0,0.0,4.0,12.0,14.0,16.0,13.0,13.0,0.0,0.0,2.0,13.0,16.0,16.0,15.0,8.0,1
0.0,0.0,4.0,15.0,16.0,12.0,0.0,0.0,0.0,0.0,6.0,9.0,12.0,10.0,0.0,0.0,0.0,0.0,0.0,0.0,10.0,9.0,0.0,0.0,0.0,0.0,2.0,4.0,15.0,10.0,4.0,0.0,0.0,2.0,15.0,16.0,16.0,15.0,7.0,0.0,0.0,0.0,8.0,13.0,9.0,0.0,0.0,0.0,0.0,0.0,1.0,16.0,4.0,0.0,0.0,0.0,0.0,0.0,6.0,13.0,0.0,0.0,0.0,0.0,7
0.0,0.0,0.0,11.0,16.0,6.0,0.0,0.0,0.0,0.0,9.0,16.0,11.0,2.0,0.0,0.0,0.0,3.0,16.0,11.0,0.0,0.0,0.0,0.0,0.0,6.0,16.0,12.0,4.0,0.0,0.0,0.0,0.0,7.0,16.0,13.0,15.0,11.0,0.0,0.0,0.0,1.0,15.0,8.0,3.0,16.0,5.0,0.0,0.0,0.0,9.0,14.0,5.0,16.0,10.0,0.0,0.0,0.0,0.0,9.0,16.0,16.0,10.0,0.0,6
0.0,0.0,0.0,7.0,13.0,8.0,0.0,0.0,0.0,0.0,2.0,16.0,8.0,15.0,0.0,0.0,0.0,0.0,4.0,12.0,8.0,11.0,0.0,0.0,0.0,0.0,2.0,16.0,16.0,3.0,0.0,0.0,0.0,0.0,5.0,16.0,16.0,2.0,0.0,0.0,0.0,2.0,16.0,7.0,9.0,11.0,0.0,0.0,0.0,0.0,9.0,12.0,1.0,14.0,6.0,0.0,0.0,0.0,0.0,6.0,15.0,15.0,12.0,0.0,8
0.0,0.0,1.0,14.0,9.0,0.0,0.0,0.0,0.0,0.0,8.0,13.0,3.0,7.0,1.0,0.0,0.0,1.0,16.0,6.0,5.0,16.0,3.0,0.0,0.0,7.0,13.0,0.0,14.0,11.0,3.0,0.0,0.0,12.0,13.0,5.0,16.0,16.0,9.0,0.0,0.0,13.0,16.0,16.0,15.0,6.0,0.0,0.0,0.0,0.0,3.0,12.0,14.0,0.0,0.0,0.0,0.0,0.0,0.0,15.0,10.0,0.0,0.0,0.0,4
0.0,0.0,3.0,11.0,15.0,8.0,0.0,0.0,0.0,4.0,14.0,8.0,13.0,14.0,0.0,0.0,0.0,8.0,11.0,3.0,15.0,6.0,0.0,0.0,0.0,1.0,1.0,9.0,14.0,0.0,0.0,0.0,0.0,0.0,0.0,0.0,13.0,10.0,0.0,0.0,0.0,0.0,0.0,0.0,1.0,13.0,7.0,0.0,0.0,0.0,9.0,8.0,2.0,6.0,11.0,0.0,0.0,0.0,4.0,10.0,14.0,16.0,10.0,0.0,3
0.0,0.0,5.0,16.0,14.0,8.0,0.0,0.0,0.0,0.0,4.0,16.0,16.0,7.0,0.0,0.0,0.0,0.0,14.0,16.0,16.0,8.0,0.0,0.0,0.0,0.0,14.0,16.0,16.0,8.0,0.0,0.0,0.0,0.0,11.0,16.0,16.0,5.0,0.0,0.0,0.0,0.0,10.0,16.0,16.0,8.0,0.0,0.0,0.0,0.0,11.0,16.0,16.0,14.0,3.0,0.0,0.0,0.0,6.0,16.0,16.0,16.0,3.0,0.0,1
0.0,0.0,0.0,15.0,8.0,0.0,0.0,0.0,0.0,0.0,5.0,15.0,2.0,13.0,5.0,0.0,0.0,0.0,13.0,9.0,2.0,15.0,2.0,0.0,0.0,4.0,14.0,1.0,10.0,12.0,2.0,0.0,0.0,10.0,14.0,8.0,16.0,16.0,10.0,0.0,0.0,10.0,16.0,16.0,15.0,5.0,0.0,0.0,0.0,0.0,2.0,12.0,8.0,0.0,0.0,0.0,0.0,0.0,0.0,16.0,5.0,0.0,0.0,0.0,4
0.0,0.0,4.0,13.0,14.0,8.0,0.0,0.0,0.0,3.0,14.0,3.0,1.0,16.0,3.0,0.0,0.0,7.0,9.0,0.0,0.0,14.0,6.0,0.0,0.0,8.0,4.0,0.0,0.0,16.0,4.0,0.0,0.0,8.0,6.0,0.0,0.0,16.0,0.0,0.0,0.0,3.0,11.0,0.0,1.0,14.0,0.0,0.0,0.0,0.0,12.0,4.0,6.0,11.0,0.0,0.0,0.0,0.0,5.0,16.0,14.0,1.0,0.0,0.0,0
0.0,0.0,8.0,12.0,14.0,12.0,3.0,0.0,0.0,0.0,12.0,5.0,0.0,3.0,0.0,0.0,0.0,0.0,16.0,2.0,4.0,1.0,0.0,0.0,0.0,4.0,16.0,14.0,12.0,15.0,4.0,0.0,0.0,0.0,4.0,0.0,0.0,8.0,8.0,0.0,0.0,1.0,0.0,0.0,0.0,11.0,5.0,0.0,0.0,6.0,14.0,1.0,2.0,15.0,1.0,0.0,0.0,0.0,8.0,14.0,16.0,4.0,0.0,0.0,5
0.0,0.0,2.0,9.0,13.0,8.0,0.0,0.0,0.0,1.0,14.0,11.0,8.0,14.0,0.0,0.0,0.0,9.0,14.0,0.0,14.0,6.0,0.0,0.0,0.0,0.0,2.0,4.0,15.0,0.0,0.0,0.0,0.0,0.0,0.0,6.0,12.0,12.0,2.0,0.0,0.0,0.0,0.0,0.0,0.0,9.0,9.0,0.0,0.0,0.0,14.0,13.0,4.0,10.0,11.0,0.0,0.0,0.0,3.0,10.0,14.0,15.0,5.0,0.0,3
0.0,0.0,0.0,13.0,15.0,4.0,0.0,0.0,0.0,0.0,11.0,16.0,9.0,4.0,0.0,0.0,0.0,1.0,16.0,14.0,0.0,0.0,0.0,0.0,0.0,5.0,16.0,7.0,0.0,0.0,0.0,0.0,0.0,5.0,16.0,16.0,14.0,4.0,0.0,0.0,0.0,2.0,15.0,9.0,7.0,15.0,5.0,0.0,0.0,0.0,11.0,13.0,4.0,12.0,13.0,0.0,0.0,0.0,1.0,13.0,16.0,16.0,10.0,0.0,6
0.0,0.0,2.0,11.0,13.0,4.0,0.0,0.0,0.0,1.0,13.0,7.0,8.0,15.0,0.0,0.0,0.0,6.0,11.0,0.0,5.0,13.0,0.0,0.0,0.0,9.0,7.0,2.0,14.0,14.0,0.0,0.0,0.0,3.0,14.0,15.0,8.0,15.0,1.0,0.0,0.0,0.0,0.0,0.0,0.0,11.0,5.0,0.0,0.0,0.0,11.0,7.0,0.0,10.0,7.0,0.0,0.0,0.0,4.0,10.0,15.0,15.0,3.0,0.0,9
0.0,0.0,0.0,11.0,16.0,10.0,0.0,0.0,0.0,0.0,9.0,16.0,10.0,7.0,0.0,0.0,0.0,3.0,16.0,8.0,0.0,0.0,0.0,0.0,0.0,9.0,16.0,13.0,4.0,0.0,0.0,0.0,0.0,10.0,16.0,8.0,16.0,7.0,0.0,0.0,0.0,4.0,16.0,3.0,7.0,16.0,2.0,0.0,0.0,0.0,13.0,13.0,8.0,16.0,5.0,0.0,0.0,0.0,1.0,11.0,16.0,16.0,1.0,0.0,6
0.0,0.0,0.0,13.0,12.0,0.0,0.0,0.0,0.0,0.0,0.0,14.0,16.0,1.0,0.0,0.0,0.0,0.0,1.0,15.0,16.0,1.0,0.0,0.0,0.0,0.0,4.0,16.0,16.0,3.0,0.0,0.0,0.0,0.0,5.0,15.0,16.0,9.0,0.0,0.0,0.0,0.0,0.0,0.0,12.0,15.0,1.0,0.0,0.0,0.0,1.0,11.0,9.0,16.0,11.0,2.0,0.0,0.0,0.0,11.0,16.0,16.0,16.0,16.0,1
0.0,0.0,4.0,13.0,16.0,14.0,0.0,0.0,0.0,0.0,13.0,10.0,11.0,15.0,0.0,0.0,0.0,0.0,0.0,0.0,9.0,11.0,0.0,0.0,0.0,0.0,1.0,6.0,14.0,16.0,8.0,0.0,0.0,0.0,11.0,16.0,15.0,8.0,5.0,0.0,0.0,0.0,2.0,11.0,10.0,0.0,0.0,0.0,0.0,0.0,1.0,14.0,6.0,0.0,0.0,0.0,0.0,0.0,5.0,16.0,2.0,0.0,0.0,0.0,7
0.0,0.0,10.0,12.0,13.0,16.0,2.0,0.0,0.0,4.0,15.0,6.0,4.0,4.0,0.0,0.0,0.0,5.0,10.0,0.0,0.0,0.0,0.0,0.0,0.0,5.0,16.0,16.0,16.0,9.0,0.0,0.0,0.0,2.0,11.0,3.0,3.0,12.0,0.0,0.0,0.0,0.0,0.0,0.0,2.0,13.0,0.0,0.0,0.0,0.0,4.0,1.0,9.0,10.0,0.0,0.0,0.0,0.0,16.0,16.0,13.0,1.0,0.0,0.0,5
0.0,0.0,0.0,12.0,10.0,0.0,0.0,0.0,0.0,0.0,4.0,16.0,3.0,9.0,3.0,0.0,0.0,0.0,14.0,7.0,6.0,16.0,2.0,0.0,0.0,3.0,15.0,2.0,10.0,10.0,0.0,0.0,0.0,10.0,9.0,1.0,16.0,12.0,10.0,0.0,0.0,14.0,11.0,14.0,16.0,11.0,1.0,0.0,0.0,9.0,16.0,15.0,9.0,0.0,0.0,0.0,0.0,0.0,0.0,14.0,8.0,0.0,0.0,0.0,4
0.0,0.0,0.0,10.0,12.0,0.0,0.0,0.0,0.0,0.0,4.0,16.0,5.0,3.0,3.0,0.0,0.0,0.0,15.0,7.0,0.0,13.0,11.0,0.0,0.0,7.0,14.0,1.0,7.0,16.0,8.0,0.0,0.0,9.0,13.0,5.0,15.0,13.0,1.0,0.0,0.0,11.0,16.0,16.0,16.0,1.0,0.0,0.0,0.0,0.0,4.0,9.0,16.0,0.0,0.0,0.0,0.0,0.0,0.0,11.0,15.0,0.0,0.0,0.0,4
0.0,0.0,10.0,16.0,15.0,0.0,0.0,0.0,0.0,4.0,14.0,8.0,16.0,1.0,0.0,0.0,0.0,0.0,1.0,4.0,16.0,0.0,2.0,0.0,0.0,0.0,3.0,11.0,16.0,16.0,13.0,0.0,0.0,0.0,12.0,16.0,11.0,7.0,2.0,0.0,0.0,0.0,6.0,16.0,0.0,0.0,0.0,0.0,0.0,0.0,7.0,15.0,0.0,0.0,0.0,0.0,0.0,0.0,12.0,11.0,0.0,0.0,0.0,0.0,7
0.0,0.0,6.0,15.0,9.0,0.0,0.0,0.0,0.0,9.0,16.0,14.0,16.0,1.0,0.0,0.0,0.0,14.0,12.0,3.0,16.0,4.0,0.0,0.0,0.0,9.0,11.0,3.0,16.0,3.0,0.0,0.0,0.0,0.0,2.0,9.0,16.0,0.0,0.0,0.0,0.0,0.0,0.0,13.0,11.0,0.0,0.0,0.0,0.0,0.0,4.0,16.0,12.0,9.0,10.0,3.0,0.0,0.0,8.0,16.0,16.0,16.0,16.0,14.0,2
0.0,0.0,0.0,7.0,12.0,13.0,1.0,0.0,0.0,0.0,8.0,11.0,1.0,10.0,8.0,0.0,0.0,0.0,12.0,2.0,1.0,11.0,7.0,0.0,0.0,0.0,10.0,10.0,14.0,8.0,0.0,0.0,0.0,1.0,7.0,16.0,9.0,0.0,0.0,0.0,0.0,7.0,16.0,7.0,14.0,3.0,0.0,0.0,0.0,0.0,7.0,13.0,5.0,14.0,0.0,0.0,0.0,0.0,0.0,6.0,15.0,14.0,2.0,0.0,8
0.0,0.0,10.0,16.0,16.0,4.0,0.0,0.0,0.0,9.0,16.0,11.0,14.0,8.0,0.0,0.0,0.0,13.0,8.0,0.0,14.0,6.0,0.0,0.0,0.0,0.0,0.0,1.0,16.0,4.0,0.0,0.0,0.0,0.0,0.0,8.0,13.0,0.0,0.0,0.0,0.0,0.0,1.0,14.0,7.0,0.0,0.0,0.0,0.0,0.0,12.0,16.0,9.0,12.0,6.0,0.0,0.0,1.0,14.0,16.0,16.0,16.0,14.0,0.0,2
0.0,0.0,1.0,13.0,7.0,0.0,0.0,0.0,0.0,1.0,15.0,9.0,15.0,1.0,0.0,0.0,0.0,9.0,11.0,0.0,16.0,0.0,0.0,0.0,0.0,2.0,10.0,3.0,14.0,0.0,0.0,0.0,0.0,0.0,0.0,2.0,11.0,0.0,0.0,0.0,0.0,0.0,0.0,5.0,11.0,0.0,0.0,0.0,0.0,0.0,0.0,9.0,10.0,4.0,4.0,2.0,0.0,0.0,1.0,15.0,16.0,15.0,13.0,15.0,2
0.0,0.0,10.0,10.0,14.0,16.0,14.0,0.0,0.0,0.0,14.0,8.0,4.0,0.0,0.0,0.0,0.0,0.0,16.0,0.0,6.0,11.0,5.0,0.0,0.0,3.0,16.0,14.0,10.0,10.0,9.0,0.0,0.0,3.0,14.0,5.0,0.0,9.0,8.0,0.0,0.0,0.0,0.0,0.0,6.0,13.0,0.0,0.0,0.0,0.0,3.0,9.0,13.0,3.0,0.0,0.0,0.0,0.0,8.0,13.0,1.0,0.0,0.0,0.0,5
0.0,0.0,5.0,9.0,13.0,16.0,6.0,0.0,0.0,0.0,12.0,12.0,7.0,16.0,5.0,0.0,0.0,0.0,0.0,0.0,6.0,16.0,3.0,0.0,0.0,0.0,3.0,12.0,15.0,16.0,14.0,0.0,0.0,0.0,7.0,16.0,15.0,5.0,1.0,0.0,0.0,0.0,0.0,10.0,10.0,0.0,0.0,0.0,0.0,0.0,2.0,15.0,5.0,0.0,0.0,0.0,0.0,0.0,6.0,14.0,0.0,0.0,0.0,0.0,7
0.0,0.0,4.0,13.0,12.0,6.0,0.0,0.0,0.0,4.0,15.0,5.0,10.0,16.0,0.0,0.0,0.0,4.0,16.0,1.0,11.0,16.0,0.0,0.0,0.0,1.0,10.0,16.0,13.0,16.0,2.0,0.0,0.0,0.0,0.0,4.0,0.0,15.0,3.0,0.0,0.0,0.0,0.0,0.0,0.0,12.0,4.0,0.0,0.0,0.0,6.0,6.0,0.0,9.0,8.0,0.0,0.0,0.0,5.0,12.0,15.0,16.0,7.0,0.0,9
0.0,3.0,12.0,12.0,14.0,15.0,3.0,0.0,0.0,4.0,15.0,4.0,4.0,4.0,0.0,0.0,0.0,5.0,12.0,0.0,0.0,2.0,0.0,0.0,0.0,5.0,15.0,12.0,15.0,15.0,5.0,0.0,0.0,5.0,12.0,6.0,0.0,8.0,8.0,0.0,0.0,0.0,0.0,0.0,0.0,10.0,7.0,0.0,0.0,1.0,9.0,0.0,7.0,14.0,1.0,0.0,0.0,2.0,15.0,16.0,14.0,3.0,0.0,0.0,5
0.0,0.0,3.0,15.0,2.0,0.0,0.0,0.0,0.0,0.0,12.0,12.0,1.0,7.0,0.0,0.0,0.0,2.0,16.0,4.0,9.0,13.0,0.0,0.0,0.0,8.0,11.0,6.0,16.0,1.0,2.0,0.0,0.0,12.0,10.0,12.0,14.0,12.0,11.0,0.0,0.0,11.0,16.0,16.0,14.0,7.0,1.0,0.0,0.0,1.0,7.0,16.0,0.0,0.0,0.0,0.0,0.0,0.0,5.0,16.0,1.0,0.0,0.0,0.0,4
0.0,0.0,0.0,3.0,14.0,13.0,3.0,0.0,0.0,0.0,0.0,12.0,9.0,8.0,8.0,0.0,0.0,0.0,0.0,12.0,8.0,11.0,6.0,0.0,0.0,0.0,0.0,7.0,14.0,11.0,1.0,0.0,0.0,1.0,8.0,12.0,15.0,5.0,0.0,0.0,0.0,6.0,14.0,0.0,4.0,12.0,0.0,0.0,0.0,0.0,7.0,12.0,1.0,15.0,2.0,0.0,0.0,0.0,0.0,3.0,13.0,15.0,2.0,0.0,8
0.0,0.0,0.0,3.0,12.0,10.0,0.0,0.0,0.0,0.0,1.0,14.0,6.0,15.0,0.0,0.0,0.0,0.0,0.0,16.0,6.0,10.0,0.0,0.0,0.0,0.0,0.0,14.0,16.0,2.0,0.0,0.0,0.0,0.0,3.0,14.0,15.0,3.0,0.0,0.0,0.0,1.0,16.0,4.0,9.0,9.0,0.0,0.0,0.0,0.0,4.0,13.0,4.0,7.0,8.0,0.0,0.0,0.0,0.0,3.0,10.0,11.0,15.0,2.0,8
0.0,0.0,3.0,15.0,6.0,0.0,0.0,0.0,0.0,0.0,9.0,13.0,1.0,6.0,9.0,0.0,0.0,3.0,16.0,3.0,6.0,15.0,5.0,0.0,0.0,7.0,15.0,1.0,14.0,9.0,5.0,0.0,0.0,10.0,13.0,9.0,16.0,15.0,7.0,0.0,0.0,7.0,16.0,16.0,11.0,4.0,0.0,0.0,0.0,0.0,3.0,16.0,5.0,0.0,0.0,0.0,0.0,0.0,4.0,16.0,3.0,0.0,0.0,0.0,4
0.0,0.0,5.0,14.0,14.0,8.0,2.0,0.0,0.0,3.0,15.0,3.0,0.0,13.0,8.0,0.0,0.0,5.0,12.0,0.0,2.0,15.0,8.0,0.0,0.0,2.0,15.0,9.0,14.0,14.0,8.0,0.0,0.0,0.0,1.0,3.0,0.0,12.0,5.0,0.0,0.0,0.0,0.0,0.0,0.0,12.0,4.0,0.0,0.0,6.0,15.0,2.0,0.0,14.0,1.0,0.0,0.0,1.0,7.0,14.0,12.0,9.0,0.0,0.0,9
0.0,0.0,4.0,14.0,14.0,4.0,0.0,0.0,0.0,0.0,15.0,10.0,10.0,13.0,0.0,0.0,0.0,5.0,15.0,0.0,2.0,15.0,6.0,0.0,0.0,4.0,13.0,0.0,0.0,14.0,8.0,0.0,0.0,6.0,9.0,0.0,0.0,12.0,7.0,0.0,0.0,3.0,14.0,1.0,0.0,12.0,5.0,0.0,0.0,0.0,12.0,9.0,6.0,15.0,2.0,0.0,0.0,0.0,3.0,14.0,14.0,6.0,0.0,0.0,0
0.0,0.0,0.0,2.0,13.0,13.0,0.0,0.0,0.0,0.0,0.0,12.0,10.0,16.0,0.0,0.0,0.0,0.0,7.0,13.0,8.0,11.0,0.0,0.0,0.0,0.0,5.0,16.0,16.0,4.0,0.0,0.0,0.0,0.0,3.0,16.0,16.0,4.0,0.0,0.0,0.0,2.0,14.0,9.0,7.0,13.0,1.0,0.0,0.0,1.0,11.0,8.0,3.0,9.0,8.0,0.0,0.0,0.0,0.0,5.0,10.0,15.0,16.0,0.0,8
0.0,0.0,3.0,13.0,14.0,4.0,0.0,0.0,0.0,0.0,13.0,12.0,14.0,16.0,0.0,0.0,0.0,1.0,16.0,3.0,14.0,16.0,4.0,0.0,0.0,1.0,14.0,9.0,16.0,16.0,6.0,0.0,0.0,0.0,2.0,8.0,4.0,11.0,9.0,0.0,0.0,0.0,2.0,2.0,0.0,12.0,10.0,0.0,0.0,0.0,14.0,14.0,4.0,11.0,9.0,0.0,0.0,0.0,4.0,8.0,11.0,16.0,9.0,0.0,9
0.0,0.0,0.0,4.0,12.0,15.0,4.0,0.0,0.0,0.0,3.0,14.0,4.0,10.0,8.0,0.0,0.0,0.0,4.0,12.0,5.0,14.0,2.0,0.0,0.0,0.0,4.0,16.0,14.0,3.0,0.0,0.0,0.0,1.0,12.0,15.0,13.0,0.0,0.0,0.0,0.0,6.0,13.0,1.0,12.0,6.0,0.0,0.0,0.0,0.0,10.0,13.0,5.0,14.0,1.0,0.0,0.0,0.0,0.0,4.0,10.0,16.0,8.0,0.0,8
0.0,0.0,7.0,16.0,15.0,4.0,0.0,0.0,0.0,0.0,14.0,16.0,9.0,15.0,2.0,0.0,0.0,1.0,15.0,12.0,1.0,9.0,8.0,0.0,0.0,4.0,16.0,0.0,0.0,7.0,10.0,0.0,0.0,7.0,13.0,0.0,0.0,10.0,11.0,0.0,0.0,7.0,12.0,0.0,2.0,15.0,6.0,0.0,0.0,3.0,15.0,12.0,14.0,14.0,1.0,0.0,0.0,0.0,10.0,16.0,14.0,4.0,0.0,0.0,0
0.0,0.0,5.0,10.0,8.0,8.0,0.0,0.0,0.0,0.0,0.0,16.0,16.0,15.0,2.0,0.0,0.0,0.0,7.0,16.0,16.0,13.0,0.0,0.0,0.0,0.0,10.0,16.0,16.0,4.0,0.0,0.0,0.0,0.0,9.0,16.0,16.0,0.0,0.0,0.0,0.0,0.0,10.0,16.0,16.0,0.0,0.0,0.0,0.0,0.0,8.0,16.0,15.0,0.0,0.0,0.0,0.0,0.0,2.0,11.0,9.0,0.0,0.0,0.0,1
0.0,2.0,11.0,16.0,15.0,2.0,0.0,0.0,0.0,12.0,16.0,15.0,16.0,4.0,0.0,0.0,0.0,2.0,3.0,2.0,16.0,4.0,0.0,0.0,0.0,0.0,0.0,10.0,14.0,0.0,0.0,0.0,0.0,0.0,4.0,16.0,5.0,0.0,0.0,0.0,0.0,0.0,12.0,12.0,3.0,11.0,9.0,0.0,0.0,0.0,16.0,16.0,16.0,16.0,6.0,0.0,0.0,0.0,14.0,15.0,12.0,5.0,0.0,0.0,2
0.0,0.0,3.0,12.0,16.0,14.0,0.0,0.0,0.0,3.0,15.0,16.0,15.0,14.0,0.0,0.0,0.0,3.0,12.0,1.0,15.0,8.0,0.0,0.0,0.0,0.0,0.0,9.0,16.0,8.0,0.0,0.0,0.0,0.0,0.0,10.0,16.0,16.0,8.0,0.0,0.0,0.0,0.0,2.0,5.0,13.0,8.0,0.0,0.0,0.0,2.0,11.0,11.0,15.0,5.0,0.0,0.0,0.0,3.0,16.0,16.0,9.0,0.0,0.0,3
0.0,0.0,0.0,0.0,15.0,7.0,0.0,0.0,0.0,0.0,0.0,10.0,16.0,6.0,0.0,0.0,0.0,0.0,8.0,15.0,14.0,4.0,0.0,0.0,0.0,6.0,15.0,2.0,15.0,2.0,1.0,0.0,0.0,9.0,16.0,16.0,16.0,16.0,11.0,0.0,0.0,5.0,10.0,12.0,16.0,8.0,1.0,0.0,0.0,0.0,0.0,1.0,15.0,0.0,0.0,0.0,0.0,0.0,0.0,1.0,15.0,0.0,0.0,0.0,4
0.0,0.0,6.0,13.0,15.0,16.0,11.0,0.0,0.0,0.0,10.0,11.0,8.0,8.0,5.0,0.0,0.0,2.0,13.0,0.0,0.0,0.0,0.0,0.0,0.0,4.0,11.0,7.0,8.0,5.0,0.0,0.0,0.0,7.0,16.0,14.0,10.0,14.0,2.0,0.0,0.0,1.0,7.0,1.0,2.0,12.0,3.0,0.0,0.0,0.0,5.0,8.0,14.0,6.0,0.0,0.0,0.0,0.0,8.0,12.0,5.0,0.0,0.0,0.0,5
0.0,0.0,0.0,13.0,3.0,0.0,0.0,0.0,0.0,0.0,8.0,13.0,1.0,0.0,0.0,0.0,0.0,0.0,12.0,5.0,0.0,0.0,0.0,0.0,0.0,1.0,13.0,0.0,0.0,0.0,0.0,0.0,0.0,1.0,12.0,6.0,11.0,9.0,3.0,0.0,0.0,1.0,15.0,16.0,12.0,8.0,11.0,0.0,0.0,0.0,9.0,13.0,2.0,6.0,16.0,2.0,0.0,0.0,0.0,11.0,16.0,14.0,7.0,0.0,6
0.0,0.0,4.0,10.0,16.0,16.0,7.0,0.0,0.0,3.0,16.0,13.0,11.0,16.0,2.0,0.0,0.0,1.0,3.0,0.0,10.0,9.0,0.0,0.0,0.0,0.0,5.0,8.0,14.0,15.0,13.0,0.0,0.0,0.0,15.0,16.0,14.0,12.0,8.0,0.0,0.0,0.0,3.0,12.0,7.0,0.0,0.0,0.0,0.0,0.0,0.0,15.0,4.0,0.0,0.0,0.0,0.0,0.0,3.0,14.0,1.0,0.0,0.0,0.0,7
0.0,0.0,4.0,11.0,15.0,2.0,0.0,0.0,0.0,2.0,16.0,9.0,8.0,9.0,0.0,0.0,0.0,4.0,15.0,0.0,5.0,16.0,3.0,0.0,0.0,0.0,11.0,11.0,16.0,9.0,0.0,0.0,0.0,0.0,4.0,16.0,15.0,1.0,0.0,0.0,0.0,0.0,13.0,9.0,6.0,12.0,1.0,0.0,0.0,0.0,15.0,3.0,0.0,9.0,5.0,0.0,0.0,0.0,5.0,13.0,13.0,12.0,5.0,0.0,8
0.0,0.0,0.0,3.0,13.0,16.0,11.0,0.0,0.0,0.0,4.0,15.0,11.0,8.0,16.0,3.0,0.0,2.0,15.0,9.0,6.0,13.0,15.0,3.0,0.0,4.0,16.0,16.0,16.0,16.0,11.0,0.0,0.0,0.0,7.0,8.0,6.0,16.0,2.0,0.0,0.0,0.0,0.0,0.0,6.0,14.0,0.0,0.0,0.0,0.0,0.0,0.0,14.0,9.0,0.0,0.0,0.0,0.0,0.0,3.0,16.0,4.0,0.0,0.0,9
0.0,0.0,7.0,8.0,12.0,6.0,0.0,0.0,0.0,1.0,14.0,11.0,12.0,15.0,0.0,0.0,0.0,3.0,15.0,0.0,0.0,10.0,5.0,0.0,0.0,4.0,9.0,0.0,0.0,8.0,4.0,0.0,0.0,8.0,8.0,0.0,0.0,13.0,0.0,0.0,0.0,7.0,9.0,0.0,9.0,11.0,0.0,0.0,0.0,2.0,14.0,10.0,14.0,5.0,0.0,0.0,0.0,0.0,9.0,15.0,6.0,0.0,0.0,0.0,0
0.0,0.0,7.0,16.0,13.0,5.0,0.0,0.0,0.0,0.0,13.0,16.0,16.0,5.0,0.0,0.0,0.0,1.0,16.0,16.0,16.0,3.0,0.0,0.0,0.0,1.0,14.0,16.0,15.0,0.0,0.0,0.0,0.0,1.0,16.0,16.0,15.0,1.0,0.0,0.0,0.0,0.0,14.0,16.0,16.0,4.0,0.0,0.0,0.0,0.0,6.0,16.0,16.0,7.0,0.0,0.0,0.0,0.0,4.0,14.0,13.0,6.0,0.0,0.0,1
0.0,0.0,6.0,15.0,15.0,1.0,0.0,0.0,0.0,4.0,16.0,13.0,16.0,4.0,0.0,0.0,0.0,10.0,11.0,2.0,16.0,2.0,0.0,0.0,0.0,1.0,1.0,10.0,14.0,0.0,0.0,0.0,0.0,0.0,1.0,14.0,6.0,0.0,0.0,0.0,0.0,0.0,6.0,14.0,1.0,12.0,9.0,0.0,0.0,0.0,11.0,15.0,14.0,16.0,9.0,0.0,0.0,0.0,8.0,16.0,12.0,5.0,0.0,0.0,2
0.0,0.0,4.0,14.0,16.0,5.0,0.0,0.0,0.0,4.0,16.0,16.0,16.0,8.0,0.0,0.0,0.0,12.0,12.0,0.0,15.0,8.0,0.0,0.0,0.0,2.0,1.0,5.0,16.0,13.0,1.0,0.0,0.0,0.0,0.0,1.0,11.0,15.0,11.0,0.0,0.0,0.0,0.0,0.0,0.0,11.0,12.0,0.0,0.0,0.0,2.0,13.0,12.0,16.0,7.0,0.0,0.0,0.0,3.0,16.0,15.0,8.0,0.0,0.0,3
0.0,0.0,0.0,1.0,15.0,5.0,0.0,0.0,0.0,0.0,0.0,12.0,16.0,0.0,0.0,0.0,0.0,0.0,7.0,16.0,16.0,3.0,0.0,0.0,0.0,5.0,16.0,8.0,16.0,8.0,3.0,0.0,0.0,11.0,16.0,12.0,16.0,16.0,12.0,0.0,0.0,11.0,16.0,15.0,16.0,7.0,2.0,0.0,0.0,1.0,4.0,2.0,16.0,0.0,0.0,0.0,0.0,0.0,0.0,2.0,14.0,0.0,0.0,0.0,4
0.0,1.0,10.0,12.0,15.0,11.0,0.0,0.0,0.0,8.0,16.0,13.0,9.0,4.0,0.0,0.0,0.0,5.0,15.0,1.0,0.0,0.0,0.0,0.0,0.0,8.0,10.0,0.0,0.0,0.0,0.0,0.0,0.0,2.0,14.0,16.0,7.0,0.0,0.0,0.0,0.0,0.0,1.0,4.0,13.0,7.0,0.0,0.0,0.0,0.0,0.0,6.0,11.0,11.0,0.0,0.0,0.0,0.0,9.0,16.0,14.0,2.0,0.0,0.0,5
0.0,0.0,1.0,12.0,2.0,0.0,0.0,0.0,0.0,0.0,6.0,13.0,0.0,0.0,0.0,0.0,0.0,0.0,11.0,8.0,0.0,0.0,0.0,0.0,0.0,1.0,15.0,1.0,0.0,0.0,0.0,0.0,0.0,2.0,15.0,2.0,14.0,13.0,4.0,0.0,0.0,2.0,15.0,16.0,10.0,5.0,14.0,0.0,0.0,0.0,9.0,13.0,4.0,9.0,14.0,0.0,0.0,0.0,0.0,10.0,13.0,12.0,3.0,0.0,6
0.0,0.0,2.0,11.0,16.0,16.0,16.0,4.0,0.0,0.0,5.0,11.0,8.0,8.0,16.0,1.0,0.0,0.0,0.0,0.0,0.0,14.0,6.0,0.0,0.0,0.0,2.0,10.0,13.0,16.0,13.0,0.0,0.0,0.0,12.0,16.0,16.0,9.0,2.0,0.0,0.0,0.0,2.0,5.0,14.0,0.0,0.0,0.0,0.0,0.0,0.0,11.0,9.0,0.0,0.0,0.0,0.0,0.0,0.0,16.0,6.0,0.0,0.0,0.0,7
0.0,0.0,5.0,12.0,16.0,7.0,0.0,0.0,0.0,5.0,14.0,4.0,9.0,15.0,5.0,0.0,0.0,4.0,13.0,6.0,14.0,6.0,2.0,0.0,0.0,1.0,14.0,16.0,2.0,0.0,0.0,0.0,0.0,3.0,15.0,12.0,9.0,0.0,0.0,0.0,0.0,5.0,12.0,0.0,10.0,7.0,0.0,0.0,0.0,3.0,15.0,4.0,2.0,15.0,0.0,0.0,0.0,0.0,5.0,14.0,14.0,7.0,0.0,0.0,8
0.0,0.0,0.0,1.0,7.0,15.0,11.0,0.0,0.0,0.0,0.0,11.0,8.0,3.0,13.0,0.0,0.0,0.0,10.0,6.0,2.0,12.0,11.0,0.0,0.0,1.0,16.0,12.0,16.0,16.0,7.0,0.0,0.0,2.0,16.0,14.0,7.0,12.0,2.0,0.0,0.0,0.0,0.0,0.0,3.0,11.0,0.0,0.0,0.0,0.0,0.0,0.0,7.0,9.0,0.0,0.0,0.0,0.0,0.0,0.0,9.0,6.0,0.0,0.0,9
0.0,0.0,5.0,15.0,14.0,3.0,0.0,0.0,0.0,0.0,13.0,15.0,9.0,15.0,2.0,0.0,0.0,4.0,16.0,12.0,0.0,10.0,6.0,0.0,0.0,8.0,16.0,9.0,0.0,8.0,10.0,0.0,0.0,7.0,15.0,5.0,0.0,12.0,11.0,0.0,0.0,7.0,13.0,0.0,5.0,16.0,6.0,0.0,0.0,0.0,16.0,12.0,15.0,13.0,1.0,0.0,0.0,0.0,6.0,16.0,12.0,2.0,0.0,0.0,0
0.0,0.0,4.0,16.0,15.0,4.0,0.0,0.0,0.0,0.0,8.0,16.0,16.0,4.0,0.0,0.0,0.0,0.0,12.0,16.0,13.0,0.0,0.0,0.0,0.0,2.0,16.0,16.0,10.0,0.0,0.0,0.0,0.0,3.0,16.0,16.0,8.0,0.0,0.0,0.0,0.0,2.0,16.0,16.0,12.0,0.0,0.0,0.0,0.0,0.0,9.0,16.0,16.0,4.0,0.0,0.0,0.0,0.0,3.0,12.0,14.0,11.0,0.0,0.0,1
0.0,0.0,8.0,15.0,12.0,1.0,0.0,0.0,0.0,8.0,13.0,8.0,12.0,6.0,0.0,0.0,0.0,4.0,2.0,0.0,8.0,6.0,0.0,0.0,0.0,0.0,0.0,1.0,13.0,2.0,0.0,0.0,0.0,0.0,0.0,9.0,7.0,0.0,0.0,0.0,0.0,0.0,5.0,13.0,0.0,4.0,4.0,0.0,0.0,0.0,10.0,12.0,9.0,15.0,11.0,0.0,0.0,0.0,9.0,16.0,9.0,7.0,1.0,0.0,2
0.0,0.0,6.0,13.0,16.0,8.0,0.0,0.0,0.0,5.0,16.0,15.0,14.0,12.0,0.0,0.0,0.0,9.0,12.0,2.0,15.0,8.0,0.0,0.0,0.0,0.0,0.0,9.0,12.0,0.0,0.0,0.0,0.0,0.0,0.0,15.0,16.0,13.0,3.0,0.0,0.0,0.0,0.0,3.0,9.0,15.0,11.0,0.0,0.0,0.0,1.0,8.0,14.0,16.0,8.0,0.0,0.0,0.0,7.0,16.0,14.0,6.0,0.0,0.0,3
0.0,0.0,0.0,0.0,6.0,15.0,2.0,0.0,0.0,0.0,0.0,5.0,16.0,16.0,2.0,0.0,0.0,0.0,4.0,16.0,12.0,16.0,0.0,0.0,0.0,4.0,15.0,6.0,7.0,13.0,0.0,0.0,0.0,11.0,15.0,15.0,16.0,16.0,9.0,0.0,0.0,9.0,13.0,12.0,13.0,14.0,3.0,0.0,0.0,0.0,0.0,0.0,9.0,8.0,0.0,0.0,0.0,0.0,0.0,0.0,8.0,8.0,0.0,0.0,4
0.0,1.0,13.0,16.0,16.0,11.0,1.0,0.0,0.0,8.0,16.0,16.0,13.0,11.0,1.0,0.0,0.0,11.0,13.0,1.0,0.0,0.0,0.0,0.0,0.0,10.0,13.0,2.0,0.0,0.0,0.0,0.0,0.0,2.0,14.0,15.0,6.0,0.0,0.0,0.0,0.0,0.0,0.0,8.0,16.0,6.0,0.0,0.0,0.0,0.0,6.0,9.0,15.0,9.0,0.0,0.0,0.0,0.0,13.0,16.0,15.0,3.0,0.0,0.0,5
0.0,0.0,1.0,10.0,0.0,0.0,0.0,0.0,0.0,0.0,7.0,12.0,0.0,0.0,0.0,0.0,0.0,0.0,12.0,7.0,0.0,0.0,0.0,0.0,0.0,0.0,14.0,3.0,0.0,0.0,0.0,0.0,0.0,0.0,15.0,9.0,12.0,10.0,2.0,0.0,0.0,0.0,16.0,13.0,8.0,8.0,11.0,0.0,0.0,0.0,13.0,10.0,4.0,9.0,15.0,0.0,0.0,0.0,3.0,10.0,15.0,9.0,2.0,0.0,6
0.0,0.0,0.0,4.0,11.0,15.0,16.0,12.0,0.0,0.0,2.0,16.0,12.0,9.0,11.0,12.0,0.0,0.0,1.0,2.0,0.0,0.0,14.0,5.0,0.0,0.0,0.0,7.0,12.0,14.0,15.0,0.0,0.0,0.0,3.0,16.0,16.0,15.0,2.0,0.0,0.0,0.0,0.0,1.0,11.0,8.0,0.0,0.0,0.0,0.0,0.0,2.0,15.0,1.0,0.0,0.0,0.0,0.0,0.0,5.0,10.0,0.0,0.0,0.0,7
0.0,0.0,3.0,13.0,14.0,4.0,0.0,0.0,0.0,0.0,15.0,8.0,7.0,11.0,0.0,0.0,0.0,0.0,16.0,0.0,0.0,11.0,3.0,0.0,0.0,0.0,10.0,6.0,14.0,14.0,1.0,0.0,0.0,0.0,5.0,16.0,14.0,1.0,0.0,0.0,0.0,0.0,12.0,10.0,8.0,12.0,0.0,0.0,0.0,0.0,14.0,3.0,0.0,9.0,8.0,0.0,0.0,0.0,4.0,14.0,15.0,12.0,4.0,0.0,8
0.0,0.0,0.0,1.0,7.0,14.0,14.0,0.0,0.0,0.0,3.0,15.0,7.0,1.0,14.0,0.0,0.0,2.0,16.0,10.0,5.0,14.0,8.0,0.0,0.0,4.0,15.0,16.0,12.0,16.0,5.0,0.0,0.0,0.0,5.0,3.0,1.0,15.0,0.0,0.0,0.0,0.0,0.0,0.0,4.0,12.0,0.0,0.0,0.0,0.0,0.0,0.0,7.0,10.0,0.0,0.0,0.0,0.0,0.0,0.0,7.0,12.0,0.0,0.0,9
0.0,0.0,3.0,12.0,8.0,3.0,0.0,0.0,0.0,0.0,7.0,16.0,13.0,13.0,1.0,0.0,0.0,0.0,13.0,8.0,0.0,9.0,4.0,0.0,0.0,0.0,16.0,2.0,0.0,6.0,6.0,0.0,0.0,4.0,12.0,0.0,0.0,10.0,3.0,0.0,0.0,3.0,12.0,0.0,0.0,13.0,2.0,0.0,0.0,0.0,12.0,4.0,12.0,10.0,0.0,0.0,0.0,0.0,5.0,16.0,13.0,2.0,0.0,0.0,0
0.0,0.0,0.0,0.0,8.0,14.0,10.0,0.0,0.0,0.0,0.0,9.0,7.0,9.0,12.0,0.0,0.0,0.0,9.0,8.0,0.0,12.0,9.0,0.0,0.0,4.0,16.0,8.0,12.0,16.0,2.0,0.0,0.0,5.0,16.0,16.0,10.0,15.0,0.0,0.0,0.0,0.0,4.0,0.0,5.0,11.0,0.0,0.0,0.0,0.0,0.0,0.0,8.0,9.0,0.0,0.0,0.0,0.0,0.0,0.0,10.0,10.0,0.0,0.0,9
0.0,0.0,2.0,15.0,15.0,16.0,11.0,0.0,0.0,0.0,8.0,16.0,11.0,3.0,0.0,0.0,0.0,0.0,13.0,9.0,0.0,0.0,0.0,0.0,0.0,5.0,16.0,3.0,9.0,11.0,3.0,0.0,0.0,10.0,15.0,15.0,16.0,16.0,11.0,0.0,0.0,6.0,16.0,10.0,7.0,16.0,5.0,0.0,0.0,0.0,3.0,4.0,15.0,8.0,0.0,0.0,0.0,0.0,4.0,15.0,7.0,0.0,0.0,0.0,5
0.0,0.0,13.0,16.0,16.0,16.0,8.0,0.0,0.0,2.0,16.0,13.0,8.0,4.0,1.0,0.0,0.0,7.0,16.0,1.0,0.0,0.0,0.0,0.0,0.0,11.0,15.0,12.0,5.0,0.0,0.0,0.0,0.0,5.0,16.0,16.0,16.0,3.0,0.0,0.0,0.0,0.0,0.0,6.0,16.0,2.0,0.0,0.0,0.0,0.0,3.0,15.0,9.0,0.0,0.0,0.0,0.0,0.0,11.0,14.0,0.0,0.0,0.0,0.0,5
0.0,0.0,4.0,15.0,4.0,0.0,0.0,0.0,0.0,0.0,9.0,16.0,2.0,0.0,0.0,0.0,0.0,0.0,16.0,10.0,0.0,0.0,0.0,0.0,0.0,6.0,16.0,3.0,0.0,0.0,0.0,0.0,0.0,10.0,15.0,11.0,16.0,13.0,4.0,0.0,0.0,7.0,16.0,16.0,11.0,14.0,14.0,0.0,0.0,2.0,16.0,11.0,5.0,15.0,12.0,0.0,0.0,0.0,3.0,16.0,16.0,14.0,3.0,0.0,6
0.0,0.0,15.0,12.0,11.0,6.0,2.0,0.0,0.0,4.0,16.0,15.0,12.0,12.0,10.0,0.0,0.0,7.0,14.0,1.0,0.0,0.0,0.0,0.0,0.0,10.0,12.0,3.0,1.0,0.0,0.0,0.0,0.0,8.0,16.0,16.0,14.0,2.0,0.0,0.0,0.0,1.0,8.0,8.0,16.0,8.0,0.0,0.0,0.0,0.0,1.0,11.0,15.0,2.0,0.0,0.0,0.0,0.0,13.0,16.0,6.0,0.0,0.0,0.0,5
0.0,0.0,5.0,16.0,12.0,2.0,0.0,0.0,0.0,0.0,13.0,14.0,15.0,11.0,0.0,0.0,0.0,6.0,15.0,1.0,2.0,16.0,4.0,0.0,0.0,6.0,14.0,0.0,0.0,9.0,8.0,0.0,0.0,8.0,10.0,0.0,0.0,13.0,8.0,0.0,0.0,4.0,13.0,0.0,1.0,14.0,8.0,0.0,0.0,0.0,14.0,14.0,15.0,15.0,3.0,0.0,0.0,0.0,5.0,12.0,13.0,8.0,0.0,0.0,0
0.0,0.0,0.0,1.0,12.0,16.0,14.0,0.0,0.0,0.0,3.0,14.0,13.0,15.0,13.0,0.0,0.0,4.0,16.0,15.0,13.0,16.0,4.0,0.0,0.0,3.0,16.0,16.0,16.0,16.0,3.0,0.0,0.0,0.0,7.0,7.0,14.0,14.0,0.0,0.0,0.0,0.0,0.0,0.0,12.0,11.0,0.0,0.0,0.0,0.0,0.0,0.0,13.0,10.0,0.0,0.0,0.0,0.0,0.0,0.0,13.0,12.0,0.0,0.0,9
0.0,0.0,6.0,14.0,13.0,4.0,0.0,0.0,0.0,4.0,16.0,11.0,10.0,15.0,0.0,0.0,0.0,9.0,11.0,0.0,12.0,11.0,0.0,0.0,0.0,7.0,11.0,8.0,16.0,3.0,0.0,0.0,0.0,0.0,13.0,16.0,10.0,0.0,0.0,0.0,0.0,0.0,13.0,13.0,12.0,9.0,0.0,0.0,0.0,0.0,12.0,8.0,0.0,15.0,1.0,0.0,0.0,0.0,5.0,16.0,16.0,11.0,0.0,0.0,8
0.0,0.0,0.0,0.0,8.0,15.0,9.0,0.0,0.0,0.0,1.0,12.0,8.0,2.0,11.0,0.0,0.0,0.0,10.0,11.0,0.0,11.0,8.0,0.0,0.0,5.0,16.0,14.0,15.0,15.0,3.0,0.0,0.0,2.0,12.0,10.0,4.0,14.0,0.0,0.0,0.0,0.0,0.0,0.0,6.0,9.0,0.0,0.0,0.0,0.0,0.0,0.0,9.0,6.0,0.0,0.0,0.0,0.0,0.0,0.0,9.0,6.0,0.0,0.0,9
0.0,0.0,4.0,12.0,16.0,6.0,0.0,0.0,0.0,4.0,16.0,10.0,5.0,16.0,4.0,0.0,0.0,8.0,13.0,0.0,5.0,15.0,5.0,0.0,0.0,6.0,12.0,7.0,15.0,3.0,0.0,0.0,0.0,0.0,12.0,16.0,12.0,1.0,0.0,0.0,0.0,0.0,11.0,10.0,9.0,11.0,0.0,0.0,0.0,0.0,12.0,6.0,0.0,13.0,3.0,0.0,0.0,0.0,6.0,13.0,13.0,8.0,0.0,0.0,8
0.0,0.0,0.0,4.0,15.0,11.0,0.0,0.0,0.0,0.0,2.0,15.0,16.0,13.0,0.0,0.0,0.0,0.0,13.0,13.0,11.0,10.0,0.0,0.0,0.0,7.0,14.0,3.0,14.0,12.0,6.0,0.0,0.0,8.0,16.0,16.0,16.0,15.0,8.0,0.0,0.0,1.0,8.0,9.0,16.0,4.0,0.0,0.0,0.0,0.0,0.0,3.0,16.0,0.0,0.0,0.0,0.0,0.0,0.0,3.0,14.0,0.0,0.0,0.0,4
0.0,0.0,0.0,14.0,16.0,15.0,11.0,0.0,0.0,0.0,2.0,16.0,16.0,16.0,10.0,0.0,0.0,0.0,4.0,16.0,16.0,16.0,4.0,0.0,0.0,0.0,12.0,16.0,16.0,12.0,0.0,0.0,0.0,0.0,12.0,16.0,16.0,6.0,0.0,0.0,0.0,0.0,14.0,16.0,16.0,6.0,0.0,0.0,0.0,0.0,11.0,16.0,15.0,2.0,0.0,0.0,0.0,0.0,1.0,15.0,15.0,1.0,0.0,0.0,1
0.0,0.0,0.0,4.0,13.0,16.0,15.0,2.0,0.0,0.0,2.0,15.0,13.0,13.0,16.0,6.0,0.0,0.0,7.0,7.0,0.0,3.0,16.0,4.0,0.0,0.0,0.0,4.0,4.0,8.0,14.0,0.0,0.0,0.0,14.0,16.0,16.0,16.0,6.0,0.0,0.0,0.0,11.0,9.0,10.0,12.0,0.0,0.0,0.0,0.0,0.0,0.0,13.0,3.0,0.0,0.0,0.0,0.0,0.0,4.0,10.0,0.0,0.0,0.0,7
0.0,0.0,0.0,3.0,9.0,16.0,16.0,2.0,0.0,0.0,4.0,16.0,13.0,11.0,16.0,1.0,0.0,0.0,3.0,5.0,0.0,6.0,13.0,0.0,0.0,0.0,0.0,2.0,7.0,14.0,9.0,0.0,0.0,0.0,4.0,16.0,16.0,15.0,3.0,0.0,0.0,0.0,9.0,8.0,11.0,12.0,0.0,0.0,0.0,0.0,0.0,0.0,12.0,4.0,0.0,0.0,0.0,0.0,0.0,2.0,15.0,1.0,0.0,0.0,7
0.0,0.0,1.0,9.0,15.0,15.0,1.0,0.0,0.0,0.0,13.0,14.0,8.0,12.0,4.0,0.0,0.0,5.0,11.0,1.0,2.0,13.0,1.0,0.0,0.0,1.0,4.0,0.0,11.0,6.0,0.0,0.0,0.0,0.0,0.0,0.0,15.0,14.0,1.0,0.0,0.0,0.0,0.0,0.0,3.0,13.0,6.0,0.0,0.0,0.0,0.0,4.0,10.0,16.0,2.0,0.0,0.0,0.0,0.0,12.0,13.0,4.0,0.0,0.0,3
0.0,0.0,8.0,12.0,16.0,16.0,9.0,0.0,0.0,4.0,16.0,16.0,13.0,9.0,2.0,0.0,0.0,11.0,14.0,4.0,0.0,0.0,0.0,0.0,0.0,7.0,15.0,10.0,1.0,0.0,0.0,0.0,0.0,0.0,12.0,16.0,13.0,1.0,0.0,0.0,0.0,0.0,0.0,4.0,16.0,4.0,0.0,0.0,0.0,0.0,5.0,10.0,16.0,3.0,0.0,0.0,0.0,0.0,9.0,16.0,10.0,0.0,0.0,0.0,5
0.0,0.0,1.0,10.0,15.0,11.0,7.0,0.0,0.0,0.0,5.0,16.0,16.0,16.0,11.0,0.0,0.0,0.0,6.0,16.0,16.0,16.0,6.0,0.0,0.0,0.0,12.0,16.0,16.0,12.0,0.0,0.0,0.0,2.0,16.0,16.0,16.0,6.0,0.0,0.0,0.0,2.0,12.0,16.0,12.0,0.0,0.0,0.0,0.0,0.0,9.0,16.0,16.0,7.0,0.0,0.0,0.0,0.0,3.0,12.0,16.0,2.0,0.0,0.0,1
0.0,0.0,1.0,13.0,12.0,1.0,0.0,0.0,0.0,0.0,9.0,16.0,16.0,12.0,0.0,0.0,0.0,0.0,14.0,6.0,0.0,13.0,3.0,0.0,0.0,6.0,10.0,0.0,0.0,10.0,6.0,0.0,0.0,7.0,13.0,0.0,0.0,9.0,8.0,0.0,0.0,3.0,16.0,1.0,3.0,14.0,7.0,0.0,0.0,0.0,11.0,16.0,16.0,16.0,1.0,0.0,0.0,0.0,0.0,11.0,16.0,6.0,0.0,0.0,0
0.0,0.0,4.0,16.0,16.0,4.0,0.0,0.0,0.0,0.0,10.0,15.0,12.0,14.0,0.0,0.0,0.0,2.0,11.0,0.0,0.0,9.0,6.0,0.0,0.0,5.0,6.0,0.0,0.0,4.0,5.0,0.0,0.0,4.0,9.0,0.0,0.0,7.0,4.0,0.0,0.0,4.0,10.0,0.0,2.0,14.0,0.0,0.0,0.0,0.0,14.0,15.0,16.0,8.0,0.0,0.0,0.0,0.0,4.0,13.0,10.0,0.0,0.0,0.0,0
0.0,0.0,6.0,16.0,16.0,7.0,0.0,0.0,0.0,8.0,16.0,13.0,10.0,16.0,0.0,0.0,0.0,6.0,9.0,0.0,6.0,15.0,0.0,0.0,0.0,0.0,0.0,0.0,13.0,9.0,0.0,0.0,0.0,0.0,0.0,6.0,16.0,1.0,0.0,0.0,0.0,0.0,1.0,15.0,8.0,3.0,5.0,0.0,0.0,0.0,8.0,16.0,11.0,16.0,9.0,0.0,0.0,0.0,5.0,16.0,16.0,7.0,0.0,0.0,2
0.0,0.0,6.0,15.0,15.0,3.0,0.0,0.0,0.0,5.0,16.0,13.0,15.0,8.0,0.0,0.0,0.0,8.0,13.0,0.0,13.0,8.0,0.0,0.0,0.0,0.0,0.0,3.0,16.0,3.0,0.0,0.0,0.0,0.0,0.0,11.0,12.0,0.0,0.0,0.0,0.0,0.0,3.0,16.0,5.0,9.0,8.0,0.0,0.0,0.0,8.0,15.0,15.0,15.0,3.0,0.0,0.0,0.0,5.0,16.0,12.0,1.0,0.0,0.0,2
0.0,0.0,1.0,11.0,16.0,16.0,7.0,0.0,0.0,0.0,7.0,13.0,8.0,16.0,5.0,0.0,0.0,0.0,0.0,1.0,1.0,16.0,4.0,0.0,0.0,0.0,2.0,7.0,13.0,16.0,15.0,0.0,0.0,1.0,15.0,16.0,16.0,12.0,3.0,0.0,0.0,1.0,8.0,4.0,16.0,2.0,0.0,0.0,0.0,0.0,0.0,9.0,11.0,0.0,0.0,0.0,0.0,0.0,1.0,14.0,4.0,0.0,0.0,0.0,7
0.0,0.0,2.0,12.0,16.0,10.0,0.0,0.0,0.0,3.0,15.0,10.0,7.0,16.0,4.0,0.0,0.0,9.0,8.0,0.0,11.0,10.0,0.0,0.0,0.0,3.0,15.0,11.0,14.0,1.0,0.0,0.0,0.0,0.0,10.0,16.0,9.0,0.0,0.0,0.0,0.0,0.0,14.0,7.0,13.0,4.0,0.0,0.0,0.0,0.0,9.0,7.0,6.0,10.0,0.0,0.0,0.0,0.0,1.0,12.0,16.0,5.0,0.0,0.0,8
0.0,0.0,3.0,12.0,16.0,16.0,3.0,0.0,0.0,2.0,16.0,16.0,11.0,16.0,4.0,0.0,0.0,8.0,14.0,2.0,10.0,16.0,1.0,0.0,0.0,5.0,5.0,3.0,16.0,4.0,0.0,0.0,0.0,0.0,0.0,11.0,12.0,0.0,0.0,0.0,0.0,0.0,3.0,16.0,5.0,2.0,3.0,0.0,0.0,0.0,3.0,16.0,12.0,15.0,6.0,0.0,0.0,0.0,0.0,15.0,16.0,8.0,0.0,0.0,2
0.0,0.0,0.0,9.0,15.0,6.0,0.0,0.0,0.0,0.0,5.0,15.0,16.0,15.0,0.0,0.0,0.0,0.0,15.0,15.0,4.0,16.0,3.0,0.0,0.0,2.0,14.0,5.0,0.0,12.0,8.0,0.0,0.0,6.0,13.0,0.0,1.0,14.0,6.0,0.0,0.0,1.0,10.0,14.0,15.0,16.0,3.0,0.0,0.0,0.0,3.0,16.0,16.0,14.0,1.0,0.0,0.0,0.0,0.0,9.0,13.0,5.0,0.0,0.0,0
0.0,0.0,3.0,8.0,11.0,11.0,1.0,0.0,0.0,0.0,3.0,16.0,16.0,12.0,0.0,0.0,0.0,0.0,2.0,15.0,16.0,12.0,0.0,0.0,0.0,0.0,0.0,16.0,16.0,7.0,0.0,0.0,0.0,0.0,1.0,15.0,16.0,10.0,0.0,0.0,0.0,0.0,1.0,16.0,16.0,6.0,0.0,0.0,0.0,0.0,3.0,16.0,16.0,5.0,0.0,0.0,0.0,0.0,2.0,15.0,16.0,6.0,0.0,0.0,1
0.0,0.0,1.0,13.0,16.0,10.0,0.0,0.0,0.0,1.0,13.0,15.0,8.0,16.0,3.0,0.0,0.0,8.0,15.0,3.0,4.0,15.0,0.0,0.0,0.0,1.0,3.0,0.0,12.0,8.0,0.0,0.0,0.0,0.0,0.0,4.0,14.0,1.0,0.0,0.0,0.0,0.0,0.0,11.0,8.0,0.0,4.0,0.0,0.0,0.0,1.0,16.0,8.0,13.0,9.0,0.0,0.0,0.0,0.0,14.0,16.0,11.0,0.0,0.0,2
0.0,0.0,2.0,14.0,1.0,0.0,0.0,0.0,0.0,0.0,8.0,12.0,0.0,0.0,0.0,0.0,0.0,0.0,12.0,5.0,0.0,0.0,0.0,0.0,0.0,2.0,14.0,0.0,0.0,0.0,0.0,0.0,0.0,0.0,10.0,0.0,6.0,7.0,2.0,0.0,0.0,4.0,12.0,13.0,15.0,14.0,12.0,0.0,0.0,0.0,13.0,12.0,2.0,11.0,14.0,0.0,0.0,0.0,3.0,13.0,16.0,13.0,1.0,0.0,6
0.0,0.0,6.0,14.0,16.0,16.0,2.0,0.0,0.0,5.0,16.0,13.0,11.0,16.0,0.0,0.0,0.0,0.0,7.0,2.0,15.0,12.0,0.0,0.0,0.0,0.0,0.0,7.0,16.0,13.0,1.0,0.0,0.0,0.0,0.0,0.0,6.0,15.0,10.0,0.0,0.0,0.0,0.0,0.0,0.0,15.0,9.0,0.0,0.0,0.0,3.0,11.0,8.0,16.0,6.0,0.0,0.0,0.0,7.0,16.0,16.0,8.0,0.0,0.0,3
0.0,1.0,7.0,13.0,16.0,11.0,0.0,0.0,0.0,11.0,16.0,13.0,15.0,16.0,0.0,0.0,0.0,3.0,8.0,2.0,16.0,9.0,0.0,0.0,0.0,0.0,0.0,8.0,16.0,4.0,0.0,0.0,0.0,0.0,0.0,5.0,16.0,16.0,5.0,0.0,0.0,0.0,0.0,0.0,3.0,14.0,11.0,0.0,0.0,0.0,3.0,8.0,14.0,16.0,8.0,0.0,0.0,0.0,7.0,16.0,12.0,7.0,0.0,0.0,3
0.0,0.0,1.0,6.0,12.0,16.0,9.0,0.0,0.0,0.0,10.0,15.0,10.0,13.0,9.0,0.0,0.0,0.0,2.0,1.0,0.0,14.0,2.0,0.0,0.0,0.0,0.0,6.0,12.0,16.0,15.0,0.0,0.0,0.0,5.0,16.0,16.0,14.0,7.0,0.0,0.0,0.0,3.0,6.0,15.0,0.0,0.0,0.0,0.0,0.0,0.0,7.0,9.0,0.0,0.0,0.0,0.0,0.0,0.0,11.0,2.0,0.0,0.0,0.0,7
0.0,0.0,4.0,13.0,16.0,11.0,0.0,0.0,0.0,9.0,16.0,9.0,10.0,15.0,0.0,0.0,0.0,5.0,4.0,0.0,12.0,11.0,0.0,0.0,0.0,0.0,0.0,5.0,16.0,12.0,1.0,0.0,0.0,0.0,0.0,1.0,9.0,15.0,8.0,0.0,0.0,0.0,0.0,0.0,0.0,8.0,12.0,0.0,0.0,0.0,1.0,6.0,8.0,16.0,8.0,0.0,0.0,0.0,5.0,16.0,15.0,9.0,1.0,0.0,3
0.0,1.0,11.0,15.0,16.0,9.0,0.0,0.0,0.0,3.0,16.0,10.0,10.0,16.0,1.0,0.0,0.0,0.0,2.0,1.0,14.0,11.0,0.0,0.0,0.0,0.0,0.0,14.0,16.0,7.0,0.0,0.0,0.0,0.0,0.0,13.0,16.0,16.0,5.0,0.0,0.0,0.0,0.0,0.0,2.0,16.0,8.0,0.0,0.0,0.0,6.0,8.0,13.0,15.0,5.0,0.0,0.0,0.0,15.0,16.0,12.0,5.0,0.0,0.0,3
0.0,0.0,0.0,6.0,15.0,1.0,0.0,0.0,0.0,0.0,3.0,16.0,9.0,15.0,3.0,0.0,0.0,1.0,15.0,7.0,5.0,15.0,0.0,0.0,0.0,9.0,16.0,4.0,11.0,14.0,10.0,0.0,0.0,9.0,16.0,16.0,16.0,16.0,9.0,0.0,0.0,0.0,2.0,4.0,16.0,2.0,0.0,0.0,0.0,0.0,0.0,6.0,14.0,0.0,0.0,0.0,0.0,0.0,0.0,7.0,10.0,0.0,0.0,0.0,4
0.0,0.0,2.0,14.0,1.0,0.0,0.0,0.0,0.0,0.0,11.0,12.0,1.0,0.0,0.0,0.0,0.0,1.0,15.0,4.0,0.0,0.0,0.0,0.0,0.0,5.0,13.0,0.0,0.0,0.0,0.0,0.0,0.0,7.0,12.0,12.0,16.0,13.0,2.0,0.0,0.0,4.0,16.0,12.0,6.0,6.0,11.0,0.0,0.0,0.0,14.0,9.0,0.0,5.0,13.0,0.0,0.0,0.0,3.0,11.0,15.0,14.0,1.0,0.0,6
0.0,0.0,1.0,10.0,0.0,0.0,0.0,0.0,0.0,0.0,4.0,15.0,0.0,0.0,0.0,0.0,0.0,0.0,10.0,11.0,0.0,0.0,0.0,0.0,0.0,0.0,13.0,9.0,3.0,2.0,0.0,0.0,0.0,0.0,13.0,16.0,16.0,15.0,4.0,0.0,0.0,0.0,13.0,13.0,6.0,4.0,12.0,0.0,0.0,0.0,9.0,11.0,5.0,9.0,15.0,2.0,0.0,0.0,2.0,12.0,16.0,12.0,6.0,0.0,6
0.0,0.0,9.0,7.0,0.0,0.0,0.0,0.0,0.0,0.0,9.0,11.0,0.0,0.0,0.0,0.0,0.0,0.0,15.0,4.0,0.0,0.0,0.0,0.0,0.0,2.0,16.0,1.0,0.0,0.0,0.0,0.0,0.0,5.0,16.0,8.0,14.0,9.0,0.0,0.0,0.0,5.0,16.0,15.0,8.0,9.0,10.0,0.0,0.0,3.0,16.0,2.0,0.0,7.0,11.0,0.0,0.0,0.0,7.0,14.0,16.0,12.0,1.0,0.0,6
0.0,0.0,0.0,1.0,11.0,7.0,0.0,0.0,0.0,0.0,0.0,11.0,16.0,5.0,0.0,0.0,0.0,0.0,9.0,15.0,15.0,7.0,0.0,0.0,0.0,5.0,16.0,3.0,16.0,4.0,0.0,0.0,0.0,10.0,13.0,9.0,16.0,14.0,8.0,0.0,0.0,3.0,15.0,16.0,16.0,13.0,6.0,0.0,0.0,0.0,0.0,0.0,16.0,3.0,0.0,0.0,0.0,0.0,0.0,0.0,14.0,2.0,0.0,0.0,4
0.0,0.0,0.0,1.0,7.0,12.0,14.0,1.0,0.0,0.0,1.0,13.0,8.0,4.0,13.0,0.0,0.0,0.0,10.0,16.0,9.0,15.0,11.0,0.0,0.0,1.0,16.0,15.0,15.0,16.0,3.0,0.0,0.0,0.0,11.0,9.0,3.0,14.0,0.0,0.0,0.0,0.0,0.0,0.0,5.0,9.0,0.0,0.0,0.0,0.0,0.0,0.0,7.0,8.0,0.0,0.0,0.0,0.0,0.0,0.0,8.0,6.0,0.0,0.0,9
0.0,0.0,0.0,10.0,12.0,8.0,1.0,0.0,0.0,0.0,5.0,16.0,16.0,16.0,0.0,0.0,0.0,0.0,10.0,16.0,16.0,9.0,0.0,0.0,0.0,2.0,15.0,16.0,13.0,2.0,0.0,0.0,0.0,4.0,16.0,16.0,8.0,0.0,0.0,0.0,0.0,1.0,15.0,16.0,7.0,0.0,0.0,0.0,0.0,0.0,9.0,16.0,11.0,1.0,0.0,0.0,0.0,0.0,0.0,6.0,12.0,6.0,0.0,0.0,1
0.0,0.0,6.0,16.0,16.0,16.0,10.0,0.0,0.0,0.0,13.0,15.0,9.0,6.0,0.0,0.0,0.0,6.0,16.0,4.0,0.0,0.0,0.0,0.0,0.0,12.0,15.0,4.0,2.0,0.0,0.0,0.0,0.0,8.0,16.0,16.0,16.0,15.0,1.0,0.0,0.0,0.0,6.0,8.0,9.0,16.0,4.0,0.0,0.0,0.0,1.0,3.0,13.0,15.0,1.0,0.0,0.0,0.0,7.0,16.0,15.0,3.0,0.0,0.0,5
0.0,0.0,0.0,9.0,13.0,3.0,0.0,0.0,0.0,0.0,8.0,15.0,12.0,15.0,2.0,0.0,0.0,0.0,12.0,8.0,0.0,15.0,4.0,0.0,0.0,3.0,13.0,0.0,0.0,10.0,7.0,0.0,0.0,8.0,9.0,0.0,0.0,13.0,7.0,0.0,0.0,2.0,16.0,4.0,7.0,16.0,5.0,0.0,0.0,0.0,14.0,14.0,16.0,15.0,1.0,0.0,0.0,0.0,1.0,12.0,14.0,4.0,0.0,0.0,0
0.0,0.0,0.0,0.0,8.0,13.0,3.0,0.0,0.0,0.0,0.0,12.0,11.0,11.0,5.0,0.0,0.0,0.0,11.0,8.0,8.0,16.0,0.0,0.0,0.0,2.0,16.0,16.0,16.0,15.0,0.0,0.0,0.0,2.0,16.0,11.0,7.0,10.0,0.0,0.0,0.0,0.0,0.0,0.0,8.0,7.0,0.0,0.0,0.0,0.0,0.0,0.0,10.0,8.0,0.0,0.0,0.0,0.0,0.0,0.0,9.0,7.0,0.0,0.0,9
0.0,0.0,2.0,16.0,15.0,15.0,8.0,0.0,0.0,0.0,7.0,16.0,15.0,12.0,7.0,0.0,0.0,3.0,15.0,8.0,1.0,0.0,0.0,0.0,0.0,9.0,15.0,4.0,4.0,2.0,0.0,0.0,0.0,5.0,16.0,16.0,16.0,15.0,2.0,0.0,0.0,0.0,5.0,6.0,8.0,16.0,3.0,0.0,0.0,0.0,0.0,1.0,14.0,10.0,0.0,0.0,0.0,0.0,2.0,16.0,13.0,1.0,0.0,0.0,5
0.0,0.0,9.0,16.0,16.0,9.0,0.0,0.0,0.0,5.0,16.0,14.0,15.0,16.0,1.0,0.0,0.0,2.0,11.0,1.0,10.0,15.0,0.0,0.0,0.0,0.0,0.0,1.0,15.0,8.0,0.0,0.0,0.0,0.0,0.0,8.0,15.0,1.0,0.0,0.0,0.0,0.0,6.0,16.0,7.0,8.0,7.0,0.0,0.0,0.0,9.0,16.0,15.0,14.0,2.0,0.0,0.0,0.0,9.0,16.0,13.0,1.0,0.0,0.0,2
0.0,0.0,3.0,12.0,11.0,4.0,0.0,0.0,0.0,4.0,15.0,13.0,12.0,16.0,0.0,0.0,0.0,9.0,14.0,0.0,0.0,12.0,2.0,0.0,0.0,0.0,13.0,11.0,7.0,15.0,3.0,0.0,0.0,0.0,0.0,15.0,16.0,7.0,0.0,0.0,0.0,0.0,5.0,16.0,10.0,14.0,2.0,0.0,0.0,0.0,11.0,13.0,0.0,8.0,8.0,0.0,0.0,0.0,2.0,12.0,16.0,16.0,7.0,0.0,8
0.0,0.0,4.0,14.0,16.0,5.0,0.0,0.0,0.0,4.0,16.0,16.0,16.0,8.0,0.0,0.0,0.0,10.0,15.0,9.0,16.0,4.0,0.0,0.0,0.0,1.0,2.0,13.0,14.0,0.0,0.0,0.0,0.0,0.0,2.0,16.0,6.0,0.0,0.0,0.0,0.0,0.0,7.0,16.0,0.0,5.0,7.0,0.0,0.0,0.0,8.0,16.0,13.0,16.0,6.0,0.0,0.0,0.0,2.0,15.0,16.0,6.0,0.0,0.0,2
0.0,0.0,4.0,12.0,13.0,5.0,0.0,0.0,0.0,0.0,14.0,16.0,16.0,16.0,4.0,0.0,0.0,6.0,13.0,2.0,1.0,11.0,8.0,0.0,0.0,6.0,11.0,0.0,0.0,8.0,8.0,0.0,0.0,4.0,16.0,0.0,0.0,10.0,8.0,0.0,0.0,4.0,16.0,4.0,8.0,16.0,3.0,0.0,0.0,0.0,16.0,16.0,16.0,12.0,0.0,0.0,0.0,0.0,4.0,15.0,14.0,3.0,0.0,0.0,0
0.0,0.0,3.0,11.0,7.0,1.0,0.0,0.0,0.0,0.0,10.0,15.0,14.0,14.0,0.0,0.0,0.0,2.0,16.0,10.0,1.0,12.0,4.0,0.0,0.0,2.0,16.0,3.0,0.0,4.0,8.0,0.0,0.0,5.0,12.0,0.0,0.0,6.0,8.0,0.0,0.0,1.0,12.0,0.0,0.0,11.0,9.0,0.0,0.0,0.0,15.0,9.0,14.0,15.0,1.0,0.0,0.0,0.0,4.0,15.0,15.0,4.0,0.0,0.0,0
0.0,0.0,0.0,10.0,16.0,11.0,1.0,0.0,0.0,0.0,0.0,15.0,16.0,15.0,2.0,0.0,0.0,0.0,1.0,13.0,16.0,14.0,0.0,0.0,0.0,0.0,1.0,15.0,16.0,12.0,0.0,0.0,0.0,0.0,0.0,14.0,16.0,8.0,0.0,0.0,0.0,0.0,0.0,13.0,16.0,5.0,0.0,0.0,0.0,0.0,1.0,14.0,16.0,1.0,0.0,0.0,0.0,0.0,0.0,8.0,15.0,1.0,0.0,0.0,1
0.0,0.0,0.0,7.0,14.0,16.0,5.0,0.0,0.0,0.0,7.0,16.0,12.0,16.0,8.0,0.0,0.0,0.0,4.0,2.0,1.0,16.0,4.0,0.0,0.0,0.0,3.0,12.0,12.0,16.0,8.0,0.0,0.0,0.0,12.0,16.0,16.0,15.0,5.0,0.0,0.0,0.0,5.0,5.0,13.0,6.0,0.0,0.0,0.0,0.0,0.0,2.0,14.0,0.0,0.0,0.0,0.0,0.0,0.0,9.0,8.0,0.0,0.0,0.0,7
0.0,0.0,1.0,13.0,1.0,0.0,0.0,0.0,0.0,0.0,7.0,15.0,1.0,0.0,0.0,0.0,0.0,1.0,14.0,6.0,0.0,0.0,0.0,0.0,0.0,0.0,16.0,3.0,0.0,1.0,0.0,0.0,0.0,1.0,16.0,6.0,15.0,15.0,5.0,0.0,0.0,1.0,16.0,14.0,4.0,3.0,12.0,0.0,0.0,0.0,7.0,7.0,0.0,9.0,12.0,0.0,0.0,0.0,0.0,11.0,16.0,9.0,2.0,0.0,6
0.0,1.0,5.0,12.0,16.0,14.0,2.0,0.0,0.0,8.0,16.0,16.0,16.0,16.0,3.0,0.0,0.0,6.0,9.0,2.0,12.0,12.0,0.0,0.0,0.0,0.0,0.0,5.0,16.0,8.0,0.0,0.0,0.0,0.0,0.0,1.0,13.0,16.0,9.0,0.0,0.0,0.0,0.0,0.0,1.0,14.0,10.0,0.0,0.0,0.0,1.0,11.0,15.0,15.0,5.0,0.0,0.0,0.0,6.0,16.0,12.0,5.0,0.0,0.0,3
0.0,2.0,12.0,16.0,12.0,0.0,0.0,0.0,0.0,7.0,16.0,13.0,16.0,3.0,0.0,0.0,0.0,0.0,3.0,5.0,16.0,0.0,0.0,0.0,0.0,0.0,3.0,15.0,7.0,0.0,0.0,0.0,0.0,0.0,11.0,13.0,0.0,0.0,0.0,0.0,0.0,6.0,13.0,1.0,0.0,0.0,0.0,0.0,0.0,6.0,16.0,11.0,8.0,11.0,5.0,0.0,0.0,0.0,15.0,16.0,16.0,15.0,3.0,0.0,2
0.0,0.0,5.0,15.0,13.0,12.0,4.0,0.0,0.0,0.0,11.0,16.0,16.0,14.0,0.0,0.0,0.0,0.0,16.0,16.0,16.0,8.0,0.0,0.0,0.0,4.0,16.0,16.0,15.0,3.0,0.0,0.0,0.0,2.0,16.0,16.0,8.0,0.0,0.0,0.0,0.0,0.0,16.0,15.0,3.0,0.0,0.0,0.0,0.0,0.0,10.0,16.0,4.0,0.0,0.0,0.0,0.0,0.0,8.0,15.0,3.0,0.0,0.0,0.0,1
0.0,0.0,0.0,6.0,13.0,16.0,16.0,9.0,0.0,0.0,6.0,16.0,14.0,11.0,16.0,10.0,0.0,0.0,2.0,3.0,0.0,4.0,15.0,4.0,0.0,0.0,2.0,9.0,12.0,16.0,13.0,0.0,0.0,2.0,15.0,16.0,16.0,16.0,3.0,0.0,0.0,4.0,9.0,3.0,10.0,10.0,0.0,0.0,0.0,0.0,0.0,1.0,16.0,2.0,0.0,0.0,0.0,0.0,0.0,7.0,9.0,0.0,0.0,0.0,7
0.0,0.0,0.0,2.0,14.0,2.0,0.0,0.0,0.0,0.0,1.0,13.0,15.0,6.0,0.0,0.0,0.0,0.0,12.0,15.0,12.0,11.0,0.0,0.0,0.0,5.0,16.0,4.0,15.0,6.0,0.0,0.0,0.0,12.0,15.0,8.0,16.0,16.0,11.0,0.0,0.0,6.0,16.0,16.0,16.0,8.0,2.0,0.0,0.0,0.0,2.0,6.0,16.0,0.0,0.0,0.0,0.0,0.0,0.0,2.0,14.0,0.0,0.0,0.0,4
0.0,0.0,0.0,8.0,3.0,0.0,0.0,0.0,0.0,0.0,2.0,16.0,8.0,0.0,0.0,0.0,0.0,0.0,9.0,15.0,1.0,0.0,0.0,0.0,0.0,0.0,12.0,10.0,0.0,0.0,0.0,0.0,0.0,0.0,14.0,7.0,0.0,0.0,0.0,0.0,0.0,0.0,10.0,15.0,16.0,16.0,14.0,1.0,0.0,0.0,4.0,16.0,1.0,4.0,15.0,6.0,0.0,0.0,0.0,5.0,14.0,15.0,10.0,0.0,6
0.0,0.0,6.0,9.0,11.0,9.0,0.0,0.0,0.0,13.0,16.0,15.0,15.0,15.0,0.0,0.0,0.0,4.0,5.0,2.0,15.0,6.0,0.0,0.0,0.0,0.0,0.0,3.0,15.0,6.0,0.0,0.0,0.0,0.0,0.0,0.0,6.0,15.0,6.0,0.0,0.0,0.0,0.0,0.0,0.0,5.0,12.0,0.0,0.0,0.0,0.0,5.0,13.0,16.0,9.0,0.0,0.0,0.0,3.0,13.0,12.0,7.0,1.0,0.0,3
0.0,1.0,11.0,16.0,15.0,12.0,3.0,0.0,0.0,1.0,13.0,16.0,16.0,12.0,0.0,0.0,0.0,2.0,16.0,16.0,16.0,8.0,0.0,0.0,0.0,0.0,16.0,16.0,16.0,2.0,0.0,0.0,0.0,8.0,16.0,16.0,14.0,0.0,0.0,0.0,0.0,7.0,16.0,16.0,9.0,0.0,0.0,0.0,0.0,1.0,13.0,16.0,13.0,1.0,0.0,0.0,0.0,0.0,8.0,16.0,12.0,0.0,0.0,0.0,1
0.0,0.0,7.0,15.0,12.0,0.0,0.0,0.0,0.0,3.0,15.0,8.0,14.0,2.0,0.0,0.0,0.0,0.0,5.0,2.0,11.0,0.0,0.0,0.0,0.0,0.0,1.0,11.0,8.0,2.0,0.0,0.0,0.0,0.0,8.0,16.0,16.0,15.0,4.0,0.0,0.0,0.0,1.0,4.0,2.0,12.0,6.0,0.0,0.0,0.0,2.0,4.0,13.0,12.0,0.0,0.0,0.0,0.0,5.0,13.0,9.0,1.0,0.0,0.0,3
0.0,0.0,0.0,0.0,5.0,15.0,10.0,0.0,0.0,0.0,0.0,8.0,11.0,15.0,7.0,0.0,0.0,0.0,6.0,13.0,10.0,16.0,7.0,0.0,0.0,3.0,16.0,14.0,12.0,15.0,4.0,0.0,0.0,1.0,11.0,8.0,1.0,14.0,2.0,0.0,0.0,0.0,0.0,0.0,3.0,13.0,0.0,0.0,0.0,0.0,0.0,0.0,6.0,10.0,0.0,0.0,0.0,0.0,0.0,0.0,9.0,4.0,0.0,0.0,9
0.0,0.0,5.0,12.0,12.0,8.0,1.0,0.0,0.0,0.0,10.0,16.0,16.0,15.0,0.0,0.0,0.0,0.0,11.0,16.0,16.0,8.0,0.0,0.0,0.0,4.0,16.0,16.0,16.0,4.0,0.0,0.0,0.0,3.0,16.0,16.0,10.0,0.0,0.0,0.0,0.0,0.0,13.0,16.0,16.0,3.0,0.0,0.0,0.0,0.0,13.0,16.0,16.0,0.0,0.0,0.0,0.0,0.0,2.0,10.0,12.0,0.0,0.0,0.0,1
0.0,0.0,0.0,7.0,14.0,16.0,6.0,0.0,0.0,0.0,10.0,16.0,12.0,15.0,9.0,0.0,0.0,0.0,8.0,3.0,2.0,16.0,7.0,0.0,0.0,0.0,1.0,8.0,13.0,16.0,14.0,0.0,0.0,2.0,13.0,16.0,16.0,12.0,1.0,0.0,0.0,6.0,12.0,6.0,16.0,3.0,0.0,0.0,0.0,0.0,0.0,5.0,13.0,0.0,0.0,0.0,0.0,0.0,0.0,9.0,6.0,0.0,0.0,0.0,7
0.0,0.0,3.0,11.0,0.0,0.0,0.0,0.0,0.0,0.0,9.0,13.0,0.0,0.0,0.0,0.0,0.0,0.0,15.0,4.0,0.0,0.0,0.0,0.0,0.0,2.0,15.0,0.0,1.0,0.0,0.0,0.0,0.0,4.0,15.0,14.0,16.0,13.0,2.0,0.0,0.0,3.0,16.0,11.0,3.0,7.0,12.0,0.0,0.0,0.0,13.0,6.0,3.0,8.0,14.0,0.0,0.0,0.0,4.0,14.0,16.0,14.0,7.0,0.0,6
0.0,0.0,4.0,14.0,14.0,0.0,0.0,0.0,0.0,5.0,16.0,16.0,16.0,5.0,1.0,0.0,0.0,9.0,13.0,0.0,13.0,16.0,2.0,0.0,0.0,3.0,16.0,13.0,15.0,5.0,0.0,0.0,0.0,0.0,7.0,16.0,13.0,0.0,0.0,0.0,0.0,0.0,10.0,13.0,14.0,7.0,0.0,0.0,0.0,0.0,10.0,11.0,10.0,15.0,0.0,0.0,0.0,0.0,4.0,13.0,11.0,3.0,0.0,0.0,8
0.0,0.0,0.0,12.0,8.0,0.0,0.0,0.0,0.0,0.0,6.0,16.0,3.0,12.0,4.0,0.0,0.0,1.0,16.0,5.0,8.0,14.0,0.0,0.0,0.0,9.0,15.0,0.0,13.0,10.0,2.0,0.0,0.0,10.0,15.0,12.0,16.0,16.0,9.0,0.0,0.0,6.0,16.0,16.0,15.0,9.0,1.0,0.0,0.0,0.0,0.0,14.0,5.0,0.0,0.0,0.0,0.0,0.0,0.0,15.0,0.0,0.0,0.0,0.0,4
0.0,0.0,6.0,14.0,11.0,0.0,0.0,0.0,0.0,3.0,16.0,9.0,16.0,0.0,0.0,0.0,0.0,3.0,7.0,5.0,12.0,0.0,0.0,0.0,0.0,0.0,1.0,14.0,8.0,2.0,0.0,0.0,0.0,0.0,2.0,16.0,16.0,16.0,4.0,0.0,0.0,0.0,0.0,0.0,0.0,11.0,8.0,0.0,0.0,0.0,0.0,4.0,10.0,15.0,2.0,0.0,0.0,0.0,5.0,16.0,12.0,4.0,0.0,0.0,3
0.0,0.0,0.0,4.0,11.0,9.0,5.0,0.0,0.0,0.0,5.0,16.0,16.0,16.0,5.0,0.0,0.0,0.0,11.0,16.0,16.0,9.0,0.0,0.0,0.0,4.0,16.0,16.0,16.0,4.0,0.0,0.0,0.0,1.0,14.0,16.0,9.0,0.0,0.0,0.0,0.0,4.0,15.0,16.0,6.0,0.0,0.0,0.0,0.0,0.0,9.0,16.0,8.0,0.0,0.0,0.0,0.0,0.0,0.0,7.0,5.0,0.0,0.0,0.0,1
0.0,0.0,1.0,14.0,8.0,8.0,1.0,0.0,0.0,0.0,10.0,13.0,8.0,16.0,1.0,0.0,0.0,2.0,16.0,4.0,10.0,11.0,0.0,0.0,0.0,7.0,15.0,6.0,14.0,16.0,13.0,0.0,0.0,3.0,16.0,16.0,15.0,9.0,2.0,0.0,0.0,0.0,3.0,11.0,9.0,0.0,0.0,0.0,0.0,0.0,0.0,12.0,4.0,0.0,0.0,0.0,0.0,0.0,0.0,12.0,0.0,0.0,0.0,0.0,4
0.0,0.0,2.0,10.0,15.0,1.0,0.0,0.0,0.0,3.0,16.0,16.0,13.0,13.0,0.0,0.0,0.0,5.0,16.0,12.0,1.0,12.0,1.0,0.0,0.0,7.0,13.0,5.0,0.0,7.0,5.0,0.0,0.0,2.0,14.0,0.0,0.0,7.0,10.0,0.0,0.0,0.0,12.0,2.0,0.0,12.0,7.0,0.0,0.0,0.0,9.0,12.0,12.0,16.0,4.0,0.0,0.0,0.0,0.0,10.0,16.0,6.0,0.0,0.0,0
0.0,0.0,10.0,16.0,16.0,13.0,0.0,0.0,0.0,4.0,16.0,15.0,12.0,4.0,0.0,0.0,0.0,8.0,16.0,4.0,0.0,0.0,0.0,0.0,0.0,4.0,16.0,11.0,6.0,1.0,0.0,0.0,0.0,0.0,8.0,16.0,16.0,13.0,2.0,0.0,0.0,0.0,0.0,1.0,7.0,14.0,12.0,0.0,0.0,0.0,0.0,6.0,13.0,16.0,10.0,0.0,0.0,0.0,12.0,16.0,14.0,6.0,0.0,0.0,5
0.0,1.0,10.0,16.0,16.0,8.0,0.0,0.0,0.0,10.0,16.0,13.0,16.0,12.0,0.0,0.0,0.0,1.0,3.0,3.0,16.0,9.0,0.0,0.0,0.0,0.0,0.0,13.0,14.0,1.0,0.0,0.0,0.0,0.0,2.0,16.0,16.0,12.0,3.0,0.0,0.0,0.0,0.0,5.0,11.0,16.0,11.0,0.0,0.0,0.0,2.0,7.0,14.0,16.0,6.0,0.0,0.0,0.0,11.0,16.0,13.0,5.0,0.0,0.0,3
0.0,0.0,0.0,6.0,11.0,0.0,0.0,0.0,0.0,0.0,0.0,15.0,10.0,0.0,0.0,0.0,0.0,0.0,7.0,15.0,2.0,0.0,0.0,0.0,0.0,0.0,16.0,6.0,0.0,0.0,0.0,0.0,0.0,3.0,16.0,7.0,5.0,5.0,0.0,0.0,0.0,2.0,16.0,13.0,9.0,13.0,11.0,0.0,0.0,0.0,8.0,13.0,7.0,5.0,15.0,3.0,0.0,0.0,0.0,5.0,11.0,13.0,12.0,2.0,6
0.0,0.0,0.0,0.0,5.0,11.0,14.0,1.0,0.0,0.0,0.0,10.0,13.0,8.0,15.0,2.0,0.0,0.0,11.0,9.0,4.0,9.0,12.0,0.0,0.0,5.0,16.0,16.0,16.0,16.0,6.0,0.0,0.0,0.0,15.0,16.0,13.0,16.0,3.0,0.0,0.0,0.0,2.0,3.0,1.0,15.0,0.0,0.0,0.0,0.0,0.0,0.0,5.0,5.0,0.0,0.0,0.0,0.0,0.0,0.0,6.0,0.0,0.0,0.0,9
0.0,0.0,0.0,5.0,11.0,0.0,0.0,0.0,0.0,0.0,1.0,14.0,9.0,0.0,0.0,0.0,0.0,0.0,4.0,14.0,1.0,0.0,0.0,0.0,0.0,0.0,10.0,8.0,0.0,0.0,0.0,0.0,0.0,0.0,13.0,8.0,4.0,6.0,2.0,0.0,0.0,0.0,11.0,16.0,13.0,12.0,13.0,0.0,0.0,0.0,12.0,14.0,4.0,5.0,16.0,2.0,0.0,0.0,1.0,8.0,16.0,13.0,9.0,1.0,6
0.0,0.0,2.0,12.0,12.0,8.0,1.0,0.0,0.0,0.0,2.0,15.0,16.0,16.0,8.0,0.0,0.0,0.0,5.0,16.0,16.0,14.0,3.0,0.0,0.0,0.0,8.0,16.0,16.0,10.0,0.0,0.0,0.0,3.0,15.0,16.0,13.0,0.0,0.0,0.0,0.0,2.0,14.0,16.0,9.0,0.0,0.0,0.0,0.0,0.0,11.0,16.0,9.0,0.0,0.0,0.0,0.0,0.0,1.0,9.0,5.0,0.0,0.0,0.0,1
0.0,0.0,1.0,9.0,15.0,12.0,5.0,0.0,0.0,0.0,8.0,16.0,16.0,16.0,13.0,0.0,0.0,0.0,3.0,1.0,1.0,14.0,10.0,0.0,0.0,0.0,3.0,10.0,13.0,16.0,15.0,0.0,0.0,2.0,16.0,16.0,16.0,15.0,3.0,0.0,0.0,3.0,8.0,2.0,13.0,6.0,0.0,0.0,0.0,0.0,0.0,5.0,13.0,0.0,0.0,0.0,0.0,0.0,0.0,11.0,5.0,0.0,0.0,0.0,7
0.0,0.0,11.0,16.0,16.0,16.0,16.0,2.0,0.0,5.0,16.0,16.0,14.0,10.0,4.0,0.0,0.0,5.0,16.0,5.0,0.0,0.0,0.0,0.0,0.0,1.0,15.0,10.0,0.0,0.0,0.0,0.0,0.0,0.0,6.0,16.0,8.0,0.0,0.0,0.0,0.0,0.0,0.0,9.0,14.0,0.0,0.0,0.0,0.0,0.0,0.0,5.0,16.0,3.0,0.0,0.0,0.0,0.0,10.0,16.0,13.0,1.0,0.0,0.0,5
0.0,0.0,0.0,9.0,13.0,0.0,0.0,0.0,0.0,0.0,3.0,15.0,6.0,12.0,0.0,0.0,0.0,1.0,12.0,8.0,5.0,14.0,0.0,0.0,0.0,6.0,14.0,0.0,12.0,7.0,0.0,0.0,0.0,14.0,6.0,2.0,16.0,9.0,5.0,0.0,0.0,16.0,13.0,13.0,16.0,15.0,4.0,0.0,1.0,15.0,16.0,16.0,12.0,2.0,0.0,0.0,0.0,3.0,3.0,13.0,4.0,0.0,0.0,0.0,4
0.0,0.0,0.0,10.0,6.0,0.0,10.0,14.0,0.0,0.0,7.0,15.0,2.0,7.0,14.0,1.0,0.0,0.0,15.0,9.0,1.0,15.0,12.0,2.0,0.0,4.0,16.0,10.0,11.0,16.0,12.0,1.0,0.0,2.0,16.0,16.0,16.0,9.0,0.0,0.0,0.0,0.0,5.0,12.0,10.0,0.0,0.0,0.0,0.0,0.0,0.0,13.0,5.0,0.0,0.0,0.0,0.0,0.0,0.0,15.0,3.0,0.0,0.0,0.0,4
0.0,0.0,0.0,8.0,14.0,15.0,7.0,0.0,0.0,0.0,4.0,16.0,12.0,15.0,14.0,0.0,0.0,0.0,1.0,1.0,0.0,11.0,12.0,0.0,0.0,0.0,2.0,4.0,6.0,14.0,15.0,0.0,0.0,4.0,16.0,16.0,16.0,16.0,5.0,0.0,0.0,8.0,12.0,7.0,14.0,12.0,0.0,0.0,0.0,0.0,0.0,4.0,16.0,3.0,0.0,0.0,0.0,0.0,0.0,11.0,7.0,0.0,0.0,0.0,7
0.0,0.0,7.0,15.0,15.0,5.0,0.0,0.0,0.0,6.0,16.0,12.0,16.0,12.0,0.0,0.0,0.0,1.0,7.0,0.0,16.0,10.0,0.0,0.0,0.0,0.0,0.0,10.0,15.0,0.0,0.0,0.0,0.0,0.0,1.0,16.0,7.0,0.0,0.0,0.0,0.0,0.0,10.0,13.0,1.0,5.0,1.0,0.0,0.0,0.0,12.0,12.0,13.0,15.0,3.0,0.0,0.0,0.0,10.0,16.0,13.0,3.0,0.0,0.0,2
0.0,0.0,0.0,8.0,15.0,9.0,1.0,0.0,0.0,0.0,11.0,14.0,12.0,15.0,8.0,0.0,0.0,0.0,15.0,5.0,6.0,14.0,2.0,0.0,0.0,0.0,14.0,14.0,15.0,1.0,0.0,0.0,0.0,1.0,13.0,16.0,6.0,0.0,0.0,0.0,0.0,6.0,16.0,9.0,13.0,0.0,0.0,0.0,0.0,2.0,13.0,15.0,16.0,4.0,0.0,0.0,0.0,0.0,1.0,9.0,15.0,2.0,0.0,0.0,8
0.0,0.0,9.0,16.0,16.0,8.0,0.0,0.0,0.0,5.0,16.0,15.0,14.0,16.0,0.0,0.0,0.0,4.0,9.0,3.0,13.0,12.0,0.0,0.0,0.0,0.0,0.0,8.0,15.0,1.0,0.0,0.0,0.0,0.0,2.0,16.0,7.0,0.0,0.0,0.0,0.0,0.0,11.0,14.0,1.0,4.0,3.0,0.0,0.0,0.0,16.0,14.0,15.0,16.0,4.0,0.0,0.0,0.0,9.0,16.0,15.0,5.0,0.0,0.0,2
0.0,1.0,8.0,16.0,16.0,3.0,0.0,0.0,0.0,6.0,16.0,12.0,16.0,4.0,0.0,0.0,0.0,1.0,7.0,0.0,16.0,4.0,0.0,0.0,0.0,0.0,0.0,7.0,15.0,0.0,0.0,0.0,0.0,0.0,0.0,14.0,9.0,0.0,0.0,0.0,0.0,0.0,10.0,14.0,1.0,4.0,5.0,0.0,0.0,0.0,13.0,12.0,11.0,15.0,3.0,0.0,0.0,0.0,12.0,16.0,12.0,3.0,0.0,0.0,2
0.0,0.0,8.0,14.0,16.0,16.0,1.0,0.0,0.0,6.0,16.0,16.0,8.0,3.0,0.0,0.0,0.0,14.0,14.0,1.0,0.0,0.0,0.0,0.0,0.0,10.0,15.0,4.0,0.0,0.0,0.0,0.0,0.0,3.0,15.0,16.0,6.0,0.0,0.0,0.0,0.0,0.0,1.0,8.0,15.0,2.0,0.0,0.0,0.0,0.0,2.0,13.0,15.0,0.0,0.0,0.0,0.0,0.0,10.0,16.0,4.0,0.0,0.0,0.0,5
0.0,0.0,4.0,15.0,16.0,11.0,0.0,0.0,0.0,0.0,7.0,9.0,9.0,16.0,0.0,0.0,0.0,0.0,0.0,0.0,4.0,13.0,0.0,0.0,0.0,0.0,1.0,9.0,15.0,16.0,10.0,0.0,0.0,0.0,13.0,15.0,16.0,8.0,2.0,0.0,0.0,0.0,3.0,7.0,13.0,0.0,0.0,0.0,0.0,0.0,1.0,13.0,4.0,0.0,0.0,0.0,0.0,0.0,6.0,11.0,0.0,0.0,0.0,0.0,7
0.0,0.0,0.0,1.0,8.0,13.0,14.0,2.0,0.0,0.0,2.0,13.0,9.0,4.0,14.0,4.0,0.0,0.0,13.0,9.0,0.0,9.0,14.0,1.0,0.0,4.0,16.0,14.0,14.0,16.0,6.0,0.0,0.0,1.0,11.0,10.0,7.0,14.0,0.0,0.0,0.0,0.0,0.0,0.0,8.0,8.0,0.0,0.0,0.0,0.0,0.0,0.0,11.0,5.0,0.0,0.0,0.0,0.0,0.0,0.0,11.0,3.0,0.0,0.0,9
0.0,3.0,10.0,16.0,16.0,16.0,2.0,0.0,0.0,14.0,16.0,14.0,9.0,3.0,0.0,0.0,0.0,16.0,12.0,0.0,0.0,0.0,0.0,0.0,0.0,12.0,14.0,0.0,0.0,0.0,0.0,0.0,0.0,6.0,16.0,3.0,0.0,0.0,0.0,0.0,0.0,0.0,9.0,16.0,3.0,0.0,0.0,0.0,0.0,0.0,4.0,14.0,13.0,0.0,0.0,0.0,0.0,2.0,15.0,16.0,8.0,0.0,0.0,0.0,5
0.0,0.0,0.0,5.0,11.0,0.0,6.0,0.0,0.0,0.0,3.0,15.0,7.0,6.0,16.0,1.0,0.0,0.0,13.0,9.0,1.0,13.0,7.0,0.0,0.0,6.0,15.0,2.0,6.0,15.0,0.0,0.0,0.0,14.0,10.0,0.0,14.0,12.0,3.0,0.0,0.0,14.0,16.0,16.0,16.0,14.0,3.0,0.0,0.0,5.0,11.0,14.0,13.0,2.0,0.0,0.0,0.0,0.0,0.0,7.0,9.0,0.0,0.0,0.0,4
0.0,0.0,4.0,12.0,16.0,8.0,0.0,0.0,0.0,5.0,16.0,11.0,10.0,16.0,4.0,0.0,0.0,8.0,13.0,0.0,1.0,13.0,4.0,0.0,0.0,3.0,16.0,13.0,15.0,13.0,3.0,0.0,0.0,0.0,9.0,16.0,16.0,7.0,0.0,0.0,0.0,0.0,14.0,7.0,5.0,15.0,6.0,0.0,0.0,0.0,10.0,12.0,7.0,13.0,10.0,0.0,0.0,0.0,3.0,13.0,13.0,10.0,1.0,0.0,8
0.0,0.0,4.0,15.0,7.0,0.0,0.0,0.0,0.0,1.0,13.0,12.0,16.0,2.0,2.0,0.0,0.0,7.0,11.0,0.0,11.0,12.0,1.0,0.0,0.0,4.0,8.0,6.0,13.0,3.0,0.0,0.0,0.0,3.0,16.0,15.0,1.0,0.0,0.0,0.0,0.0,2.0,16.0,14.0,6.0,0.0,0.0,0.0,0.0,3.0,16.0,10.0,14.0,3.0,0.0,0.0,0.0,0.0,2.0,9.0,12.0,3.0,0.0,0.0,8
0.0,0.0,0.0,11.0,5.0,3.0,11.0,0.0,0.0,0.0,7.0,14.0,2.0,12.0,9.0,0.0,0.0,2.0,15.0,6.0,3.0,16.0,5.0,0.0,0.0,7.0,16.0,8.0,13.0,16.0,13.0,0.0,0.0,7.0,16.0,16.0,16.0,7.0,1.0,0.0,0.0,0.0,4.0,10.0,13.0,0.0,0.0,0.0,0.0,0.0,0.0,12.0,6.0,0.0,0.0,0.0,0.0,0.0,0.0,12.0,0.0,0.0,0.0,0.0,4
0.0,0.0,0.0,1.0,9.0,16.0,9.0,0.0,0.0,0.0,1.0,11.0,13.0,14.0,12.0,1.0,0.0,1.0,15.0,13.0,4.0,16.0,16.0,3.0,0.0,2.0,16.0,16.0,16.0,15.0,12.0,0.0,0.0,0.0,7.0,8.0,4.0,14.0,5.0,0.0,0.0,0.0,0.0,0.0,5.0,14.0,0.0,0.0,0.0,0.0,0.0,0.0,8.0,9.0,0.0,0.0,0.0,0.0,0.0,0.0,12.0,6.0,0.0,0.0,9
0.0,0.0,2.0,12.0,15.0,3.0,0.0,0.0,0.0,0.0,15.0,15.0,13.0,15.0,0.0,0.0,0.0,2.0,14.0,3.0,1.0,12.0,3.0,0.0,0.0,4.0,8.0,0.0,0.0,8.0,8.0,0.0,0.0,7.0,10.0,0.0,0.0,9.0,5.0,0.0,0.0,1.0,13.0,5.0,3.0,15.0,2.0,0.0,0.0,0.0,7.0,16.0,14.0,15.0,0.0,0.0,0.0,0.0,0.0,10.0,14.0,4.0,0.0,0.0,0
0.0,0.0,3.0,13.0,15.0,5.0,0.0,0.0,0.0,1.0,15.0,13.0,10.0,15.0,0.0,0.0,0.0,2.0,16.0,3.0,2.0,9.0,0.0,0.0,0.0,0.0,12.0,13.0,14.0,7.0,0.0,0.0,0.0,0.0,10.0,16.0,9.0,0.0,0.0,0.0,0.0,1.0,16.0,4.0,9.0,11.0,1.0,0.0,0.0,0.0,15.0,3.0,0.0,8.0,8.0,0.0,0.0,0.0,3.0,12.0,15.0,12.0,7.0,0.0,8
0.0,0.0,0.0,3.0,12.0,16.0,15.0,1.0,0.0,0.0,3.0,16.0,9.0,10.0,16.0,0.0,0.0,0.0,14.0,13.0,7.0,15.0,10.0,0.0,0.0,2.0,16.0,16.0,16.0,16.0,2.0,0.0,0.0,2.0,12.0,9.0,13.0,8.0,0.0,0.0,0.0,0.0,0.0,0.0,15.0,5.0,0.0,0.0,0.0,0.0,0.0,3.0,16.0,1.0,0.0,0.0,0.0,0.0,0.0,3.0,14.0,1.0,0.0,0.0,9
0.0,0.0,4.0,11.0,15.0,7.0,0.0,0.0,0.0,2.0,15.0,14.0,9.0,15.0,1.0,0.0,0.0,8.0,15.0,1.0,6.0,16.0,5.0,0.0,0.0,6.0,14.0,13.0,15.0,6.0,0.0,0.0,0.0,1.0,16.0,16.0,6.0,0.0,0.0,0.0,0.0,4.0,15.0,11.0,15.0,1.0,0.0,0.0,0.0,1.0,12.0,3.0,7.0,9.0,0.0,0.0,0.0,0.0,4.0,14.0,16.0,6.0,0.0,0.0,8
0.0,0.0,7.0,11.0,15.0,9.0,0.0,0.0,0.0,0.0,15.0,15.0,4.0,11.0,4.0,0.0,0.0,3.0,11.0,5.0,0.0,2.0,10.0,0.0,0.0,7.0,8.0,0.0,0.0,3.0,8.0,0.0,0.0,6.0,8.0,0.0,0.0,4.0,8.0,0.0,0.0,5.0,8.0,0.0,0.0,8.0,5.0,0.0,0.0,1.0,12.0,2.0,1.0,13.0,0.0,0.0,0.0,0.0,5.0,16.0,14.0,3.0,0.0,0.0,0
0.0,0.0,4.0,14.0,11.0,0.0,0.0,0.0,0.0,0.0,2.0,16.0,16.0,3.0,0.0,0.0,0.0,0.0,0.0,14.0,16.0,5.0,0.0,0.0,0.0,0.0,0.0,16.0,16.0,3.0,0.0,0.0,0.0,0.0,1.0,15.0,16.0,2.0,0.0,0.0,0.0,0.0,2.0,15.0,13.0,0.0,0.0,0.0,0.0,0.0,4.0,16.0,11.0,0.0,0.0,0.0,0.0,0.0,5.0,16.0,14.0,1.0,0.0,0.0,1
0.0,2.0,15.0,16.0,12.0,0.0,0.0,0.0,0.0,8.0,11.0,8.0,16.0,0.0,0.0,0.0,0.0,3.0,1.0,7.0,13.0,0.0,0.0,0.0,0.0,0.0,0.0,10.0,8.0,0.0,0.0,0.0,0.0,0.0,0.0,15.0,5.0,0.0,0.0,0.0,0.0,0.0,7.0,15.0,0.0,0.0,0.0,0.0,0.0,0.0,14.0,11.0,6.0,5.0,2.0,0.0,0.0,1.0,16.0,16.0,16.0,16.0,9.0,0.0,2
0.0,1.0,13.0,16.0,12.0,1.0,0.0,0.0,0.0,1.0,9.0,5.0,16.0,1.0,0.0,0.0,0.0,0.0,0.0,9.0,5.0,0.0,0.0,0.0,0.0,0.0,9.0,10.0,0.0,0.0,0.0,0.0,0.0,0.0,8.0,15.0,16.0,11.0,1.0,0.0,0.0,0.0,0.0,0.0,2.0,12.0,7.0,0.0,0.0,0.0,2.0,4.0,6.0,15.0,3.0,0.0,0.0,0.0,14.0,16.0,11.0,5.0,0.0,0.0,3
0.0,0.0,0.0,12.0,12.0,0.0,0.0,0.0,0.0,0.0,5.0,16.0,4.0,0.0,0.0,0.0,0.0,1.0,14.0,11.0,0.0,0.0,0.0,0.0,0.0,6.0,16.0,3.0,2.0,0.0,0.0,0.0,0.0,13.0,12.0,8.0,12.0,0.0,0.0,0.0,0.0,15.0,16.0,15.0,16.0,13.0,4.0,0.0,0.0,4.0,9.0,14.0,16.0,7.0,0.0,0.0,0.0,0.0,0.0,11.0,13.0,0.0,0.0,0.0,4
0.0,2.0,13.0,16.0,16.0,16.0,15.0,2.0,0.0,8.0,16.0,12.0,8.0,4.0,1.0,0.0,0.0,5.0,16.0,13.0,1.0,0.0,0.0,0.0,0.0,0.0,8.0,16.0,8.0,0.0,0.0,0.0,0.0,0.0,0.0,10.0,16.0,0.0,0.0,0.0,0.0,0.0,0.0,9.0,16.0,0.0,0.0,0.0,0.0,0.0,3.0,13.0,12.0,0.0,0.0,0.0,0.0,2.0,16.0,16.0,6.0,0.0,0.0,0.0,5
0.0,0.0,1.0,14.0,9.0,0.0,0.0,0.0,0.0,0.0,14.0,15.0,3.0,0.0,0.0,0.0,0.0,1.0,16.0,10.0,0.0,0.0,0.0,0.0,0.0,5.0,14.0,13.0,15.0,10.0,0.0,0.0,0.0,8.0,16.0,2.0,3.0,14.0,5.0,0.0,0.0,5.0,16.0,4.0,0.0,12.0,6.0,0.0,0.0,0.0,10.0,13.0,2.0,14.0,6.0,0.0,0.0,0.0,2.0,12.0,16.0,11.0,1.0,0.0,6
0.0,0.0,5.0,15.0,16.0,14.0,1.0,0.0,0.0,0.0,11.0,13.0,9.0,16.0,5.0,0.0,0.0,0.0,0.0,0.0,5.0,16.0,2.0,0.0,0.0,0.0,0.0,0.0,9.0,11.0,0.0,0.0,0.0,0.0,7.0,13.0,15.0,12.0,1.0,0.0,0.0,0.0,7.0,14.0,14.0,12.0,4.0,0.0,0.0,0.0,0.0,14.0,3.0,0.0,0.0,0.0,0.0,0.0,7.0,10.0,0.0,0.0,0.0,0.0,7
0.0,0.0,3.0,13.0,8.0,0.0,0.0,0.0,0.0,4.0,16.0,16.0,14.0,0.0,0.0,0.0,0.0,11.0,11.0,9.0,10.0,0.0,0.0,0.0,0.0,8.0,14.0,15.0,9.0,0.0,0.0,0.0,0.0,0.0,7.0,16.0,15.0,5.0,0.0,0.0,0.0,0.0,4.0,16.0,3.0,13.0,9.0,0.0,0.0,0.0,5.0,15.0,4.0,13.0,11.0,0.0,0.0,0.0,1.0,15.0,15.0,8.0,2.0,0.0,8
0.0,0.0,5.0,11.0,13.0,3.0,0.0,0.0,0.0,0.0,16.0,13.0,15.0,9.0,0.0,0.0,0.0,4.0,16.0,0.0,13.0,13.0,0.0,0.0,0.0,1.0,11.0,16.0,15.0,15.0,3.0,0.0,0.0,0.0,0.0,0.0,0.0,12.0,7.0,0.0,0.0,0.0,0.0,0.0,0.0,6.0,12.0,0.0,0.0,0.0,6.0,4.0,2.0,9.0,11.0,0.0,0.0,0.0,6.0,13.0,16.0,16.0,6.0,0.0,9
0.0,0.0,6.0,16.0,16.0,8.0,0.0,0.0,0.0,2.0,16.0,8.0,9.0,16.0,3.0,0.0,0.0,8.0,16.0,1.0,0.0,9.0,9.0,0.0,0.0,9.0,12.0,0.0,0.0,8.0,12.0,0.0,0.0,10.0,12.0,0.0,0.0,8.0,10.0,0.0,0.0,8.0,13.0,0.0,0.0,9.0,8.0,0.0,0.0,2.0,16.0,8.0,6.0,15.0,3.0,0.0,0.0,0.0,8.0,16.0,15.0,8.0,0.0,0.0,0
0.0,0.0,4.0,12.0,13.0,3.0,0.0,0.0,0.0,0.0,7.0,14.0,16.0,9.0,0.0,0.0,0.0,0.0,0.0,12.0,16.0,8.0,0.0,0.0,0.0,0.0,0.0,6.0,16.0,6.0,0.0,0.0,0.0,0.0,0.0,9.0,16.0,6.0,0.0,0.0,0.0,0.0,0.0,12.0,16.0,3.0,0.0,0.0,0.0,0.0,0.0,13.0,16.0,3.0,0.0,0.0,0.0,0.0,0.0,15.0,16.0,11.0,0.0,0.0,1
0.0,3.0,15.0,14.0,5.0,0.0,0.0,0.0,0.0,14.0,14.0,14.0,15.0,0.0,0.0,0.0,0.0,8.0,1.0,6.0,16.0,2.0,0.0,0.0,0.0,0.0,0.0,9.0,16.0,2.0,0.0,0.0,0.0,0.0,1.0,14.0,11.0,0.0,0.0,0.0,0.0,0.0,9.0,16.0,2.0,0.0,1.0,0.0,0.0,4.0,16.0,15.0,8.0,9.0,15.0,0.0,0.0,3.0,16.0,16.0,16.0,15.0,5.0,0.0,2
0.0,1.0,12.0,16.0,13.0,2.0,0.0,0.0,0.0,5.0,14.0,6.0,13.0,12.0,0.0,0.0,0.0,0.0,0.0,3.0,15.0,7.0,0.0,0.0,0.0,0.0,2.0,16.0,8.0,0.0,0.0,0.0,0.0,0.0,1.0,12.0,16.0,11.0,1.0,0.0,0.0,0.0,0.0,0.0,5.0,15.0,7.0,0.0,0.0,0.0,6.0,0.0,4.0,14.0,7.0,0.0,0.0,0.0,16.0,16.0,15.0,8.0,1.0,0.0,3
0.0,0.0,0.0,8.0,15.0,5.0,0.0,0.0,0.0,0.0,3.0,16.0,13.0,1.0,0.0,0.0,0.0,0.0,12.0,16.0,2.0,0.0,0.0,0.0,0.0,5.0,16.0,7.0,9.0,4.0,0.0,0.0,0.0,14.0,16.0,13.0,16.0,14.0,3.0,0.0,0.0,8.0,14.0,16.0,16.0,14.0,2.0,0.0,0.0,0.0,0.0,9.0,16.0,3.0,0.0,0.0,0.0,0.0,0.0,11.0,14.0,0.0,0.0,0.0,4
0.0,1.0,8.0,16.0,16.0,16.0,10.0,0.0,0.0,8.0,16.0,14.0,8.0,5.0,1.0,0.0,0.0,9.0,16.0,2.0,0.0,0.0,0.0,0.0,0.0,2.0,16.0,15.0,2.0,0.0,0.0,0.0,0.0,0.0,3.0,15.0,4.0,0.0,0.0,0.0,0.0,1.0,3.0,12.0,4.0,0.0,0.0,0.0,0.0,5.0,14.0,15.0,4.0,0.0,0.0,0.0,0.0,1.0,13.0,12.0,0.0,0.0,0.0,0.0,5
0.0,0.0,7.0,15.0,0.0,0.0,0.0,0.0,0.0,0.0,15.0,15.0,0.0,0.0,0.0,0.0,0.0,3.0,16.0,12.0,4.0,1.0,0.0,0.0,0.0,6.0,16.0,16.0,16.0,16.0,5.0,0.0,0.0,8.0,16.0,7.0,1.0,15.0,8.0,0.0,0.0,7.0,16.0,0.0,0.0,16.0,4.0,0.0,0.0,2.0,16.0,7.0,10.0,12.0,0.0,0.0,0.0,0.0,4.0,15.0,13.0,3.0,0.0,0.0,6
0.0,0.0,7.0,16.0,16.0,5.0,0.0,0.0,0.0,1.0,15.0,11.0,14.0,11.0,0.0,0.0,0.0,0.0,0.0,0.0,12.0,8.0,0.0,0.0,0.0,0.0,3.0,8.0,14.0,12.0,5.0,0.0,0.0,0.0,14.0,16.0,16.0,10.0,5.0,0.0,0.0,0.0,2.0,8.0,14.0,0.0,0.0,0.0,0.0,0.0,1.0,15.0,8.0,0.0,0.0,0.0,0.0,0.0,8.0,14.0,1.0,0.0,0.0,0.0,7
0.0,0.0,0.0,2.0,15.0,5.0,0.0,0.0,0.0,0.0,2.0,4.0,10.0,12.0,0.0,0.0,0.0,3.0,15.0,14.0,10.0,8.0,0.0,0.0,0.0,8.0,15.0,1.0,11.0,4.0,0.0,0.0,0.0,1.0,8.0,15.0,16.0,0.0,0.0,0.0,0.0,0.0,0.0,6.0,16.0,12.0,1.0,0.0,0.0,0.0,0.0,4.0,14.0,15.0,4.0,0.0,0.0,0.0,0.0,2.0,14.0,11.0,0.0,0.0,8
0.0,0.0,1.0,5.0,12.0,13.0,0.0,0.0,0.0,0.0,11.0,13.0,15.0,16.0,1.0,0.0,0.0,2.0,14.0,0.0,10.0,12.0,4.0,0.0,0.0,5.0,13.0,12.0,3.0,12.0,0.0,0.0,0.0,0.0,5.0,6.0,0.0,12.0,4.0,0.0,0.0,0.0,0.0,0.0,0.0,15.0,2.0,0.0,0.0,0.0,4.0,5.0,0.0,16.0,3.0,0.0,0.0,0.0,0.0,4.0,14.0,13.0,0.0,0.0,9
0.0,0.0,2.0,13.0,15.0,8.0,0.0,0.0,0.0,0.0,10.0,14.0,10.0,11.0,8.0,0.0,0.0,0.0,16.0,1.0,0.0,0.0,9.0,0.0,0.0,3.0,13.0,0.0,0.0,0.0,8.0,0.0,0.0,4.0,12.0,0.0,0.0,1.0,8.0,0.0,0.0,5.0,12.0,0.0,0.0,10.0,0.0,0.0,0.0,0.0,15.0,8.0,7.0,10.0,0.0,0.0,0.0,0.0,4.0,14.0,14.0,1.0,0.0,0.0,0
0.0,0.0,1.0,11.0,15.0,8.0,0.0,0.0,0.0,0.0,0.0,15.0,16.0,8.0,0.0,0.0,0.0,0.0,0.0,13.0,16.0,10.0,0.0,0.0,0.0,0.0,0.0,16.0,16.0,6.0,0.0,0.0,0.0,0.0,2.0,16.0,16.0,6.0,0.0,0.0,0.0,0.0,5.0,16.0,16.0,5.0,0.0,0.0,0.0,0.0,5.0,16.0,15.0,1.0,0.0,0.0,0.0,0.0,2.0,15.0,15.0,3.0,0.0,0.0,1
0.0,3.0,16.0,15.0,6.0,0.0,0.0,0.0,0.0,5.0,14.0,14.0,16.0,0.0,0.0,0.0,0.0,0.0,0.0,6.0,14.0,0.0,0.0,0.0,0.0,0.0,0.0,13.0,11.0,0.0,0.0,0.0,0.0,0.0,5.0,16.0,3.0,0.0,0.0,0.0,0.0,1.0,14.0,10.0,0.0,0.0,0.0,0.0,0.0,9.0,16.0,8.0,8.0,10.0,5.0,0.0,0.0,4.0,16.0,16.0,16.0,14.0,3.0,0.0,2
0.0,2.0,11.0,14.0,10.0,1.0,0.0,0.0,0.0,6.0,12.0,8.0,15.0,10.0,0.0,0.0,0.0,0.0,0.0,0.0,10.0,11.0,0.0,0.0,0.0,0.0,0.0,8.0,14.0,2.0,0.0,0.0,0.0,0.0,0.0,7.0,16.0,15.0,1.0,0.0,0.0,0.0,0.0,0.0,2.0,13.0,8.0,0.0,0.0,2.0,5.0,1.0,2.0,12.0,7.0,0.0,0.0,1.0,12.0,16.0,16.0,10.0,0.0,0.0,3
0.0,0.0,0.0,13.0,9.0,0.0,0.0,0.0,0.0,0.0,6.0,16.0,2.0,0.0,0.0,0.0,0.0,0.0,12.0,9.0,0.0,2.0,0.0,0.0,0.0,7.0,15.0,1.0,5.0,15.0,1.0,0.0,0.0,14.0,10.0,4.0,11.0,12.0,3.0,0.0,2.0,16.0,16.0,16.0,16.0,13.0,2.0,0.0,0.0,3.0,4.0,11.0,14.0,0.0,0.0,0.0,0.0,0.0,0.0,15.0,4.0,0.0,0.0,0.0,4
0.0,2.0,12.0,13.0,16.0,16.0,4.0,0.0,0.0,11.0,16.0,13.0,7.0,4.0,1.0,0.0,0.0,13.0,14.0,0.0,0.0,0.0,0.0,0.0,0.0,1.0,15.0,12.0,0.0,0.0,0.0,0.0,0.0,0.0,6.0,16.0,3.0,0.0,0.0,0.0,0.0,0.0,0.0,13.0,7.0,0.0,0.0,0.0,0.0,3.0,5.0,16.0,7.0,0.0,0.0,0.0,0.0,3.0,13.0,15.0,0.0,0.0,0.0,0.0,5
0.0,0.0,0.0,11.0,13.0,5.0,0.0,0.0,0.0,0.0,3.0,16.0,13.0,3.0,0.0,0.0,0.0,0.0,10.0,16.0,2.0,0.0,0.0,0.0,0.0,4.0,16.0,16.0,13.0,7.0,0.0,0.0,0.0,4.0,16.0,11.0,8.0,16.0,2.0,0.0,0.0,0.0,15.0,8.0,0.0,15.0,6.0,0.0,0.0,0.0,9.0,14.0,4.0,15.0,4.0,0.0,0.0,0.0,1.0,10.0,16.0,11.0,1.0,0.0,6
0.0,0.0,8.0,16.0,16.0,11.0,0.0,0.0,0.0,0.0,4.0,8.0,13.0,14.0,0.0,0.0,0.0,0.0,0.0,0.0,13.0,8.0,0.0,0.0,0.0,0.0,3.0,12.0,16.0,8.0,2.0,0.0,0.0,0.0,6.0,16.0,16.0,16.0,9.0,0.0,0.0,0.0,0.0,14.0,8.0,2.0,0.0,0.0,0.0,0.0,3.0,16.0,1.0,0.0,0.0,0.0,0.0,0.0,11.0,12.0,0.0,0.0,0.0,0.0,7
0.0,0.0,0.0,8.0,14.0,9.0,0.0,0.0,0.0,0.0,9.0,15.0,16.0,15.0,0.0,0.0,0.0,4.0,15.0,5.0,8.0,14.0,0.0,0.0,0.0,8.0,14.0,1.0,14.0,7.0,0.0,0.0,0.0,1.0,15.0,13.0,12.0,0.0,0.0,0.0,0.0,0.0,13.0,16.0,13.0,0.0,0.0,0.0,0.0,0.0,12.0,10.0,15.0,7.0,0.0,0.0,0.0,0.0,2.0,10.0,16.0,5.0,0.0,0.0,8
0.0,0.0,2.0,10.0,16.0,6.0,0.0,0.0,0.0,0.0,10.0,16.0,16.0,14.0,0.0,0.0,0.0,0.0,15.0,10.0,16.0,16.0,2.0,0.0,0.0,0.0,12.0,16.0,12.0,13.0,8.0,0.0,0.0,0.0,1.0,7.0,1.0,10.0,11.0,0.0,0.0,5.0,5.0,0.0,0.0,8.0,12.0,0.0,0.0,3.0,15.0,10.0,2.0,11.0,12.0,0.0,0.0,0.0,3.0,10.0,16.0,16.0,10.0,0.0,9
0.0,0.0,1.0,13.0,12.0,5.0,0.0,0.0,0.0,0.0,11.0,16.0,4.0,13.0,2.0,0.0,0.0,2.0,16.0,4.0,0.0,8.0,5.0,0.0,0.0,7.0,12.0,0.0,0.0,8.0,8.0,0.0,0.0,6.0,12.0,0.0,0.0,5.0,8.0,0.0,0.0,3.0,16.0,0.0,0.0,8.0,7.0,0.0,0.0,1.0,15.0,8.0,6.0,15.0,3.0,0.0,0.0,0.0,2.0,13.0,15.0,6.0,0.0,0.0,0
0.0,0.0,2.0,10.0,10.0,11.0,0.0,0.0,0.0,0.0,10.0,9.0,9.0,16.0,0.0,0.0,0.0,0.0,14.0,0.0,6.0,15.0,0.0,0.0,0.0,0.0,11.0,14.0,9.0,16.0,1.0,0.0,0.0,0.0,0.0,0.0,0.0,13.0,3.0,0.0,0.0,0.0,0.0,0.0,0.0,12.0,3.0,0.0,0.0,10.0,9.0,5.0,0.0,15.0,1.0,0.0,0.0,0.0,2.0,14.0,16.0,13.0,0.0,0.0,9
0.0,0.0,13.0,10.0,8.0,8.0,7.0,0.0,0.0,4.0,16.0,16.0,16.0,16.0,15.0,2.0,0.0,0.0,10.0,16.0,5.0,0.0,0.0,0.0,0.0,0.0,0.0,13.0,12.0,0.0,0.0,0.0,0.0,0.0,0.0,6.0,15.0,0.0,0.0,0.0,0.0,0.0,0.0,8.0,15.0,0.0,0.0,0.0,0.0,1.0,6.0,10.0,12.0,0.0,0.0,0.0,0.0,1.0,13.0,16.0,5.0,0.0,0.0,0.0,5
0.0,0.0,6.0,15.0,16.0,15.0,11.0,0.0,0.0,1.0,15.0,14.0,8.0,8.0,7.0,0.0,0.0,4.0,16.0,5.0,0.0,0.0,0.0,0.0,0.0,7.0,16.0,8.0,0.0,0.0,0.0,0.0,0.0,1.0,11.0,16.0,8.0,0.0,0.0,0.0,0.0,0.0,0.0,15.0,11.0,0.0,0.0,0.0,0.0,0.0,0.0,14.0,11.0,0.0,0.0,0.0,0.0,0.0,9.0,16.0,5.0,0.0,0.0,0.0,5
0.0,0.0,6.0,13.0,0.0,0.0,0.0,0.0,0.0,0.0,15.0,12.0,0.0,0.0,0.0,0.0,0.0,0.0,16.0,6.0,0.0,0.0,0.0,0.0,0.0,3.0,16.0,14.0,11.0,5.0,0.0,0.0,0.0,5.0,16.0,12.0,11.0,16.0,6.0,0.0,0.0,6.0,16.0,9.0,2.0,16.0,9.0,0.0,0.0,0.0,13.0,14.0,8.0,16.0,8.0,0.0,0.0,0.0,4.0,15.0,16.0,13.0,2.0,0.0,6
0.0,1.0,12.0,16.0,16.0,16.0,12.0,0.0,0.0,9.0,16.0,13.0,6.0,8.0,5.0,0.0,0.0,8.0,16.0,15.0,3.0,0.0,0.0,0.0,0.0,0.0,4.0,14.0,11.0,0.0,0.0,0.0,0.0,0.0,0.0,12.0,12.0,0.0,0.0,0.0,0.0,0.0,0.0,12.0,13.0,0.0,0.0,0.0,0.0,0.0,3.0,15.0,11.0,0.0,0.0,0.0,0.0,0.0,12.0,13.0,2.0,0.0,0.0,0.0,5
0.0,0.0,2.0,10.0,15.0,7.0,0.0,0.0,0.0,0.0,14.0,15.0,7.0,15.0,2.0,0.0,0.0,4.0,16.0,3.0,0.0,11.0,4.0,0.0,0.0,4.0,14.0,0.0,0.0,7.0,8.0,0.0,0.0,7.0,12.0,0.0,0.0,6.0,7.0,0.0,0.0,4.0,16.0,1.0,0.0,12.0,4.0,0.0,0.0,1.0,14.0,12.0,10.0,16.0,1.0,0.0,0.0,0.0,1.0,14.0,13.0,5.0,0.0,0.0,0
0.0,0.0,3.0,4.0,10.0,0.0,0.0,0.0,0.0,3.0,15.0,8.0,14.0,3.0,0.0,0.0,0.0,8.0,7.0,0.0,10.0,6.0,0.0,0.0,0.0,3.0,11.0,8.0,15.0,11.0,0.0,0.0,0.0,0.0,1.0,7.0,3.0,13.0,3.0,0.0,0.0,0.0,0.0,0.0,0.0,6.0,9.0,0.0,0.0,0.0,9.0,6.0,1.0,0.0,16.0,0.0,0.0,0.0,0.0,3.0,11.0,16.0,16.0,3.0,9
0.0,0.0,2.0,12.0,14.0,8.0,0.0,0.0,0.0,0.0,13.0,13.0,15.0,12.0,0.0,0.0,0.0,5.0,15.0,2.0,10.0,6.0,0.0,0.0,0.0,2.0,14.0,13.0,14.0,1.0,0.0,0.0,0.0,0.0,0.0,11.0,15.0,13.0,1.0,0.0,0.0,0.0,1.0,15.0,3.0,14.0,7.0,0.0,0.0,0.0,6.0,13.0,1.0,16.0,4.0,0.0,0.0,0.0,1.0,12.0,16.0,11.0,0.0,0.0,8
0.0,0.0,3.0,14.0,16.0,9.0,0.0,0.0,0.0,0.0,13.0,10.0,6.0,16.0,7.0,0.0,0.0,5.0,16.0,3.0,2.0,14.0,6.0,0.0,0.0,0.0,10.0,16.0,16.0,16.0,4.0,0.0,0.0,0.0,0.0,0.0,0.0,12.0,5.0,0.0,0.0,0.0,0.0,0.0,0.0,13.0,4.0,0.0,0.0,3.0,11.0,2.0,5.0,15.0,0.0,0.0,0.0,0.0,4.0,12.0,16.0,10.0,0.0,0.0,9
0.0,0.0,2.0,10.0,14.0,9.0,0.0,0.0,0.0,2.0,14.0,11.0,12.0,16.0,0.0,0.0,0.0,4.0,16.0,1.0,0.0,15.0,0.0,0.0,0.0,2.0,13.0,12.0,7.0,13.0,0.0,0.0,0.0,0.0,1.0,8.0,16.0,12.0,0.0,0.0,0.0,0.0,0.0,4.0,14.0,15.0,4.0,0.0,0.0,0.0,0.0,13.0,7.0,14.0,4.0,0.0,0.0,0.0,0.0,14.0,15.0,10.0,0.0,0.0,8
0.0,0.0,0.0,3.0,15.0,5.0,0.0,0.0,0.0,0.0,1.0,15.0,11.0,0.0,0.0,0.0,0.0,0.0,10.0,15.0,2.0,3.0,0.0,0.0,0.0,5.0,16.0,4.0,6.0,16.0,1.0,0.0,0.0,10.0,15.0,4.0,9.0,16.0,2.0,0.0,0.0,12.0,16.0,16.0,16.0,13.0,2.0,0.0,0.0,1.0,4.0,7.0,16.0,4.0,0.0,0.0,0.0,0.0,0.0,4.0,15.0,0.0,0.0,0.0,4
0.0,0.0,4.0,10.0,11.0,4.0,0.0,0.0,0.0,1.0,11.0,16.0,16.0,14.0,0.0,0.0,0.0,4.0,16.0,16.0,16.0,12.0,0.0,0.0,0.0,4.0,16.0,16.0,16.0,7.0,0.0,0.0,0.0,4.0,16.0,16.0,16.0,8.0,0.0,0.0,0.0,4.0,16.0,16.0,16.0,7.0,0.0,0.0,0.0,3.0,15.0,16.0,16.0,12.0,0.0,0.0,0.0,0.0,5.0,12.0,12.0,12.0,1.0,0.0,1
0.0,0.0,13.0,16.0,15.0,2.0,0.0,0.0,0.0,5.0,14.0,5.0,15.0,7.0,0.0,0.0,0.0,0.0,2.0,0.0,12.0,7.0,0.0,0.0,0.0,0.0,5.0,9.0,16.0,7.0,0.0,0.0,0.0,0.0,8.0,16.0,16.0,16.0,10.0,0.0,0.0,0.0,2.0,16.0,3.0,0.0,0.0,0.0,0.0,0.0,8.0,13.0,0.0,0.0,0.0,0.0,0.0,0.0,15.0,7.0,0.0,0.0,0.0,0.0,7
0.0,0.0,3.0,15.0,16.0,15.0,1.0,0.0,0.0,0.0,9.0,11.0,9.0,16.0,3.0,0.0,0.0,0.0,1.0,0.0,3.0,16.0,3.0,0.0,0.0,0.0,0.0,0.0,9.0,14.0,0.0,0.0,0.0,0.0,4.0,15.0,15.0,16.0,6.0,0.0,0.0,0.0,2.0,12.0,15.0,7.0,1.0,0.0,0.0,0.0,0.0,13.0,8.0,0.0,0.0,0.0,0.0,0.0,4.0,14.0,1.0,0.0,0.0,0.0,7
0.0,1.0,11.0,16.0,13.0,4.0,0.0,0.0,0.0,1.0,15.0,7.0,14.0,14.0,1.0,0.0,0.0,0.0,0.0,0.0,6.0,15.0,1.0,0.0,0.0,0.0,1.0,10.0,15.0,6.0,0.0,0.0,0.0,0.0,5.0,15.0,14.0,7.0,0.0,0.0,0.0,0.0,1.0,0.0,5.0,16.0,3.0,0.0,0.0,5.0,11.0,1.0,1.0,16.0,4.0,0.0,0.0,0.0,10.0,15.0,16.0,10.0,1.0,0.0,3
0.0,0.0,9.0,16.0,16.0,16.0,10.0,0.0,0.0,4.0,16.0,14.0,8.0,11.0,11.0,0.0,0.0,11.0,16.0,7.0,0.0,0.0,0.0,0.0,0.0,5.0,15.0,16.0,6.0,0.0,0.0,0.0,0.0,0.0,1.0,14.0,15.0,0.0,0.0,0.0,0.0,0.0,0.0,8.0,16.0,0.0,0.0,0.0,0.0,0.0,9.0,13.0,14.0,0.0,0.0,0.0,0.0,0.0,12.0,16.0,7.0,0.0,0.0,0.0,5
0.0,0.0,5.0,14.0,12.0,5.0,0.0,0.0,0.0,0.0,13.0,16.0,16.0,9.0,0.0,0.0,0.0,0.0,11.0,16.0,16.0,9.0,0.0,0.0,0.0,0.0,11.0,16.0,16.0,7.0,0.0,0.0,0.0,0.0,10.0,16.0,16.0,2.0,0.0,0.0,0.0,0.0,13.0,16.0,15.0,0.0,0.0,0.0,0.0,0.0,14.0,16.0,13.0,0.0,0.0,0.0,0.0,0.0,7.0,13.0,16.0,8.0,0.0,0.0,1
0.0,0.0,6.0,15.0,9.0,0.0,0.0,0.0,0.0,0.0,11.0,16.0,16.0,13.0,0.0,0.0,0.0,0.0,10.0,16.0,16.0,16.0,7.0,0.0,0.0,1.0,16.0,8.0,0.0,11.0,8.0,0.0,0.0,7.0,14.0,1.0,0.0,10.0,8.0,0.0,0.0,8.0,12.0,0.0,0.0,13.0,4.0,0.0,0.0,5.0,16.0,8.0,9.0,13.0,0.0,0.0,0.0,0.0,6.0,12.0,13.0,5.0,0.0,0.0,0
0.0,0.0,2.0,13.0,15.0,7.0,1.0,0.0,0.0,0.0,7.0,16.0,15.0,16.0,10.0,0.0,0.0,0.0,14.0,16.0,10.0,10.0,10.0,0.0,0.0,2.0,16.0,3.0,0.0,8.0,8.0,0.0,0.0,5.0,13.0,0.0,0.0,9.0,8.0,0.0,0.0,6.0,13.0,0.0,0.0,12.0,3.0,0.0,0.0,2.0,16.0,6.0,9.0,10.0,0.0,0.0,0.0,0.0,3.0,14.0,14.0,1.0,0.0,0.0,0
0.0,0.0,12.0,16.0,12.0,0.0,0.0,0.0,0.0,3.0,16.0,12.0,16.0,3.0,0.0,0.0,0.0,1.0,8.0,4.0,16.0,3.0,0.0,0.0,0.0,0.0,0.0,7.0,16.0,1.0,0.0,0.0,0.0,0.0,0.0,10.0,12.0,0.0,0.0,0.0,0.0,0.0,4.0,16.0,2.0,0.0,0.0,0.0,0.0,0.0,11.0,15.0,8.0,8.0,2.0,0.0,0.0,0.0,12.0,16.0,16.0,12.0,1.0,0.0,2
0.0,3.0,15.0,15.0,2.0,0.0,0.0,0.0,0.0,7.0,16.0,16.0,6.0,0.0,0.0,0.0,0.0,1.0,9.0,16.0,6.0,0.0,0.0,0.0,0.0,0.0,6.0,16.0,1.0,0.0,0.0,0.0,0.0,0.0,10.0,12.0,0.0,0.0,0.0,0.0,0.0,3.0,15.0,8.0,0.0,0.0,0.0,0.0,0.0,8.0,16.0,13.0,15.0,15.0,5.0,0.0,0.0,4.0,16.0,16.0,16.0,13.0,3.0,0.0,2
0.0,0.0,10.0,16.0,5.0,0.0,0.0,0.0,0.0,1.0,10.0,14.0,12.0,0.0,0.0,0.0,0.0,0.0,0.0,9.0,11.0,0.0,0.0,0.0,0.0,0.0,2.0,11.0,13.0,3.0,0.0,0.0,0.0,0.0,11.0,16.0,16.0,16.0,7.0,0.0,0.0,0.0,3.0,16.0,4.0,5.0,1.0,0.0,0.0,0.0,7.0,13.0,0.0,0.0,0.0,0.0,0.0,0.0,13.0,6.0,0.0,0.0,0.0,0.0,7
0.0,0.0,0.0,9.0,13.0,10.0,1.0,0.0,0.0,0.0,9.0,12.0,4.0,15.0,5.0,0.0,0.0,0.0,16.0,4.0,0.0,12.0,4.0,0.0,0.0,3.0,15.0,9.0,3.0,14.0,1.0,0.0,0.0,0.0,2.0,9.0,16.0,10.0,0.0,0.0,0.0,0.0,0.0,4.0,14.0,15.0,2.0,0.0,0.0,0.0,0.0,10.0,8.0,14.0,3.0,0.0,0.0,0.0,0.0,10.0,16.0,12.0,0.0,0.0,8
0.0,3.0,15.0,16.0,14.0,1.0,0.0,0.0,0.0,2.0,12.0,13.0,16.0,4.0,0.0,0.0,0.0,0.0,0.0,6.0,16.0,3.0,0.0,0.0,0.0,0.0,1.0,15.0,10.0,0.0,0.0,0.0,0.0,0.0,6.0,16.0,4.0,0.0,0.0,0.0,0.0,2.0,15.0,10.0,0.0,0.0,0.0,0.0,0.0,4.0,16.0,11.0,8.0,11.0,3.0,0.0,0.0,3.0,16.0,16.0,16.0,12.0,3.0,0.0,2
0.0,0.0,7.0,15.0,14.0,8.0,0.0,0.0,0.0,1.0,15.0,7.0,5.0,14.0,5.0,0.0,0.0,0.0,15.0,8.0,0.0,10.0,7.0,0.0,0.0,3.0,16.0,6.0,0.0,12.0,8.0,0.0,0.0,5.0,16.0,2.0,0.0,12.0,8.0,0.0,0.0,4.0,16.0,3.0,1.0,16.0,4.0,0.0,0.0,5.0,16.0,10.0,14.0,12.0,0.0,0.0,0.0,0.0,8.0,15.0,15.0,2.0,0.0,0.0,0
0.0,0.0,14.0,10.0,0.0,0.0,0.0,0.0,0.0,0.0,15.0,13.0,0.0,0.0,0.0,0.0,0.0,11.0,16.0,16.0,2.0,0.0,0.0,0.0,0.0,3.0,10.0,16.0,5.0,0.0,0.0,0.0,0.0,0.0,0.0,14.0,10.0,0.0,0.0,0.0,0.0,0.0,0.0,10.0,14.0,0.0,0.0,0.0,0.0,0.0,9.0,14.0,16.0,11.0,6.0,0.0,0.0,0.0,12.0,16.0,16.0,16.0,16.0,9.0,1
0.0,1.0,12.0,16.0,5.0,0.0,0.0,0.0,0.0,7.0,15.0,14.0,11.0,0.0,0.0,0.0,0.0,8.0,13.0,10.0,12.0,0.0,0.0,0.0,0.0,0.0,1.0,12.0,12.0,0.0,0.0,0.0,0.0,0.0,0.0,14.0,9.0,0.0,0.0,0.0,0.0,0.0,4.0,16.0,8.0,4.0,0.0,0.0,0.0,0.0,13.0,16.0,16.0,16.0,9.0,0.0,0.0,2.0,16.0,13.0,11.0,9.0,3.0,0.0,2
0.0,0.0,0.0,13.0,13.0,3.0,0.0,0.0,0.0,0.0,4.0,16.0,8.0,0.0,0.0,0.0,0.0,0.0,9.0,16.0,1.0,0.0,0.0,0.0,0.0,0.0,13.0,16.0,5.0,0.0,0.0,0.0,0.0,2.0,16.0,16.0,14.0,8.0,1.0,0.0,0.0,4.0,16.0,16.0,6.0,16.0,9.0,0.0,0.0,0.0,8.0,16.0,11.0,16.0,10.0,0.0,0.0,0.0,1.0,14.0,16.0,13.0,1.0,0.0,6
0.0,1.0,8.0,14.0,15.0,2.0,0.0,0.0,0.0,2.0,13.0,9.0,14.0,8.0,0.0,0.0,0.0,0.0,0.0,0.0,12.0,9.0,0.0,0.0,0.0,0.0,2.0,13.0,13.0,0.0,0.0,0.0,0.0,0.0,3.0,15.0,16.0,6.0,0.0,0.0,0.0,1.0,1.0,0.0,12.0,14.0,0.0,0.0,0.0,5.0,13.0,5.0,6.0,16.0,1.0,0.0,0.0,1.0,9.0,12.0,13.0,9.0,0.0,0.0,3
0.0,0.0,15.0,16.0,13.0,6.0,0.0,0.0,0.0,0.0,12.0,12.0,14.0,13.0,0.0,0.0,0.0,0.0,0.0,0.0,11.0,9.0,0.0,0.0,0.0,0.0,1.0,11.0,15.0,2.0,0.0,0.0,0.0,0.0,8.0,16.0,16.0,12.0,1.0,0.0,0.0,1.0,8.0,4.0,9.0,16.0,3.0,0.0,0.0,5.0,14.0,7.0,10.0,15.0,1.0,0.0,0.0,2.0,12.0,16.0,14.0,6.0,0.0,0.0,3
0.0,0.0,10.0,16.0,16.0,8.0,0.0,0.0,0.0,0.0,5.0,8.0,13.0,13.0,0.0,0.0,0.0,0.0,0.0,0.0,9.0,13.0,0.0,0.0,0.0,0.0,0.0,2.0,13.0,12.0,0.0,0.0,0.0,0.0,2.0,15.0,16.0,16.0,7.0,0.0,0.0,0.0,0.0,13.0,13.0,5.0,1.0,0.0,0.0,0.0,1.0,14.0,5.0,0.0,0.0,0.0,0.0,0.0,9.0,13.0,1.0,0.0,0.0,0.0,7
0.0,0.0,7.0,16.0,16.0,16.0,10.0,0.0,0.0,0.0,10.0,10.0,5.0,12.0,16.0,2.0,0.0,0.0,0.0,0.0,7.0,15.0,6.0,0.0,0.0,0.0,1.0,13.0,16.0,13.0,0.0,0.0,0.0,0.0,0.0,7.0,12.0,16.0,6.0,0.0,0.0,0.0,0.0,0.0,2.0,16.0,6.0,0.0,0.0,0.0,2.0,9.0,11.0,14.0,1.0,0.0,0.0,0.0,5.0,16.0,15.0,5.0,0.0,0.0,3
0.0,0.0,8.0,16.0,16.0,16.0,3.0,0.0,0.0,0.0,6.0,8.0,8.0,15.0,10.0,0.0,0.0,0.0,0.0,0.0,7.0,16.0,5.0,0.0,0.0,0.0,1.0,10.0,16.0,9.0,0.0,0.0,0.0,0.0,0.0,15.0,16.0,12.0,0.0,0.0,0.0,0.0,0.0,1.0,13.0,16.0,5.0,0.0,0.0,0.0,7.0,8.0,11.0,16.0,2.0,0.0,0.0,0.0,6.0,16.0,16.0,11.0,0.0,0.0,3
0.0,0.0,0.0,8.0,15.0,2.0,0.0,0.0,0.0,0.0,2.0,16.0,10.0,0.0,0.0,0.0,0.0,0.0,14.0,13.0,6.0,11.0,0.0,0.0,0.0,6.0,16.0,3.0,13.0,13.0,2.0,0.0,0.0,14.0,16.0,8.0,15.0,16.0,10.0,0.0,0.0,12.0,16.0,16.0,16.0,11.0,1.0,0.0,0.0,0.0,1.0,6.0,16.0,3.0,0.0,0.0,0.0,0.0,0.0,10.0,14.0,0.0,0.0,0.0,4
0.0,0.0,0.0,8.0,13.0,2.0,0.0,0.0,0.0,0.0,9.0,16.0,13.0,3.0,0.0,0.0,0.0,1.0,15.0,14.0,1.0,0.0,0.0,0.0,0.0,2.0,16.0,11.0,4.0,1.0,0.0,0.0,0.0,3.0,16.0,16.0,14.0,15.0,2.0,0.0,0.0,2.0,16.0,13.0,1.0,16.0,9.0,0.0,0.0,0.0,9.0,15.0,9.0,16.0,7.0,0.0,0.0,0.0,0.0,8.0,16.0,13.0,2.0,0.0,6
0.0,0.0,8.0,7.0,0.0,0.0,0.0,0.0,0.0,0.0,11.0,12.0,0.0,0.0,0.0,0.0,0.0,0.0,15.0,9.0,0.0,0.0,0.0,0.0,0.0,7.0,16.0,16.0,9.0,4.0,0.0,0.0,0.0,5.0,16.0,14.0,11.0,16.0,5.0,0.0,0.0,2.0,16.0,16.0,0.0,12.0,8.0,0.0,0.0,0.0,15.0,15.0,1.0,15.0,6.0,0.0,0.0,0.0,7.0,14.0,16.0,13.0,1.0,0.0,6
0.0,0.0,1.0,13.0,3.0,0.0,0.0,0.0,0.0,0.0,7.0,14.0,2.0,0.0,0.0,0.0,0.0,0.0,13.0,13.0,8.0,5.0,0.0,0.0,0.0,2.0,15.0,15.0,12.0,15.0,5.0,0.0,0.0,7.0,16.0,4.0,0.0,12.0,8.0,0.0,0.0,2.0,15.0,7.0,0.0,12.0,6.0,0.0,0.0,0.0,5.0,15.0,5.0,15.0,5.0,0.0,0.0,0.0,0.0,13.0,16.0,9.0,0.0,0.0,6
0.0,0.0,0.0,10.0,10.0,0.0,0.0,0.0,0.0,0.0,6.0,16.0,6.0,0.0,0.0,0.0,0.0,1.0,14.0,10.0,0.0,0.0,0.0,0.0,0.0,7.0,16.0,3.0,11.0,7.0,0.0,0.0,0.0,12.0,16.0,8.0,16.0,9.0,1.0,0.0,0.0,10.0,16.0,16.0,16.0,16.0,6.0,0.0,0.0,0.0,0.0,10.0,16.0,0.0,0.0,0.0,0.0,0.0,0.0,10.0,11.0,0.0,0.0,0.0,4
0.0,0.0,1.0,7.0,13.0,10.0,0.0,0.0,0.0,2.0,13.0,14.0,14.0,16.0,4.0,0.0,0.0,4.0,16.0,5.0,12.0,16.0,2.0,0.0,0.0,0.0,6.0,11.0,12.0,16.0,5.0,0.0,0.0,0.0,0.0,0.0,0.0,15.0,8.0,0.0,0.0,1.0,1.0,0.0,0.0,13.0,11.0,0.0,0.0,0.0,12.0,8.0,4.0,13.0,8.0,0.0,0.0,0.0,0.0,7.0,15.0,16.0,10.0,0.0,9
0.0,0.0,5.0,12.0,10.0,4.0,0.0,0.0,0.0,0.0,5.0,16.0,16.0,16.0,3.0,0.0,0.0,0.0,0.0,16.0,16.0,16.0,0.0,0.0,0.0,0.0,3.0,16.0,16.0,13.0,0.0,0.0,0.0,0.0,4.0,16.0,16.0,12.0,0.0,0.0,0.0,0.0,8.0,16.0,16.0,8.0,0.0,0.0,0.0,0.0,10.0,16.0,16.0,7.0,0.0,0.0,0.0,0.0,8.0,12.0,12.0,4.0,0.0,0.0,1
0.0,0.0,7.0,13.0,8.0,6.0,0.0,0.0,0.0,0.0,16.0,15.0,16.0,14.0,10.0,0.0,0.0,4.0,16.0,13.0,1.0,0.0,0.0,0.0,0.0,1.0,10.0,16.0,9.0,0.0,0.0,0.0,0.0,0.0,0.0,5.0,13.0,0.0,0.0,0.0,0.0,0.0,0.0,5.0,15.0,0.0,0.0,0.0,0.0,0.0,8.0,11.0,8.0,0.0,0.0,0.0,0.0,0.0,9.0,16.0,3.0,0.0,0.0,0.0,5
0.0,0.0,2.0,16.0,15.0,5.0,0.0,0.0,0.0,0.0,10.0,16.0,14.0,15.0,0.0,0.0,0.0,0.0,15.0,10.0,0.0,16.0,7.0,0.0,0.0,4.0,16.0,1.0,0.0,12.0,5.0,0.0,0.0,4.0,15.0,0.0,0.0,12.0,5.0,0.0,0.0,5.0,16.0,6.0,0.0,16.0,0.0,0.0,0.0,0.0,14.0,13.0,8.0,15.0,0.0,0.0,0.0,0.0,3.0,14.0,16.0,6.0,0.0,0.0,0
0.0,0.0,7.0,13.0,4.0,1.0,0.0,0.0,0.0,1.0,15.0,13.0,15.0,11.0,0.0,0.0,0.0,7.0,16.0,1.0,13.0,16.0,4.0,0.0,0.0,3.0,16.0,12.0,16.0,16.0,7.0,0.0,0.0,0.0,4.0,11.0,5.0,16.0,8.0,0.0,0.0,0.0,0.0,0.0,2.0,16.0,5.0,0.0,0.0,0.0,12.0,6.0,9.0,14.0,1.0,0.0,0.0,0.0,6.0,13.0,16.0,5.0,0.0,0.0,9
0.0,2.0,13.0,13.0,11.0,9.0,0.0,0.0,0.0,10.0,16.0,16.0,16.0,15.0,10.0,0.0,0.0,11.0,16.0,9.0,0.0,0.0,0.0,0.0,0.0,3.0,15.0,16.0,8.0,0.0,0.0,0.0,0.0,0.0,2.0,11.0,14.0,0.0,0.0,0.0,0.0,0.0,0.0,8.0,16.0,0.0,0.0,0.0,0.0,0.0,1.0,11.0,11.0,0.0,0.0,0.0,0.0,1.0,16.0,15.0,4.0,0.0,0.0,0.0,5
0.0,5.0,16.0,15.0,5.0,0.0,0.0,0.0,0.0,2.0,12.0,15.0,16.0,0.0,0.0,0.0,0.0,0.0,0.0,14.0,14.0,2.0,0.0,0.0,0.0,0.0,2.0,16.0,9.0,0.0,0.0,0.0,0.0,0.0,11.0,16.0,2.0,0.0,0.0,0.0,0.0,4.0,16.0,8.0,0.0,0.0,0.0,0.0,0.0,13.0,16.0,11.0,8.0,8.0,3.0,0.0,0.0,6.0,16.0,16.0,16.0,16.0,7.0,0.0,2
0.0,0.0,11.0,14.0,10.0,1.0,0.0,0.0,0.0,0.0,16.0,15.0,14.0,13.0,0.0,0.0,0.0,1.0,14.0,8.0,3.0,16.0,2.0,0.0,0.0,0.0,7.0,16.0,13.0,16.0,2.0,0.0,0.0,0.0,0.0,12.0,16.0,9.0,0.0,0.0,0.0,0.0,1.0,14.0,16.0,12.0,0.0,0.0,0.0,0.0,10.0,16.0,15.0,16.0,0.0,0.0,0.0,0.0,7.0,14.0,15.0,11.0,0.0,0.0,8
0.0,4.0,16.0,15.0,1.0,0.0,0.0,0.0,0.0,6.0,14.0,16.0,4.0,0.0,0.0,0.0,0.0,0.0,0.0,16.0,8.0,0.0,0.0,0.0,0.0,0.0,3.0,16.0,6.0,0.0,0.0,0.0,0.0,0.0,6.0,16.0,1.0,0.0,0.0,0.0,0.0,0.0,13.0,11.0,0.0,0.0,0.0,0.0,0.0,3.0,16.0,16.0,12.0,10.0,5.0,0.0,0.0,3.0,16.0,16.0,16.0,16.0,8.0,0.0,2
0.0,0.0,4.0,12.0,14.0,5.0,0.0,0.0,0.0,0.0,11.0,16.0,16.0,16.0,3.0,0.0,0.0,3.0,16.0,14.0,2.0,16.0,7.0,0.0,0.0,8.0,16.0,7.0,0.0,16.0,6.0,0.0,0.0,4.0,16.0,4.0,3.0,16.0,4.0,0.0,0.0,4.0,16.0,5.0,10.0,14.0,0.0,0.0,0.0,0.0,14.0,16.0,16.0,10.0,0.0,0.0,0.0,0.0,4.0,14.0,14.0,2.0,0.0,0.0,0
0.0,0.0,9.0,9.0,4.0,0.0,0.0,0.0,0.0,0.0,15.0,15.0,14.0,12.0,0.0,0.0,0.0,3.0,10.0,1.0,0.0,12.0,5.0,0.0,0.0,5.0,8.0,0.0,0.0,8.0,6.0,0.0,0.0,8.0,8.0,0.0,0.0,8.0,8.0,0.0,0.0,5.0,8.0,0.0,0.0,10.0,6.0,0.0,0.0,4.0,13.0,4.0,6.0,13.0,0.0,0.0,0.0,0.0,6.0,16.0,14.0,3.0,0.0,0.0,0
0.0,1.0,13.0,13.0,10.0,0.0,0.0,0.0,0.0,1.0,13.0,16.0,15.0,0.0,0.0,0.0,0.0,0.0,12.0,16.0,16.0,0.0,0.0,0.0,0.0,0.0,16.0,16.0,12.0,0.0,0.0,0.0,0.0,0.0,15.0,16.0,13.0,1.0,0.0,0.0,0.0,0.0,15.0,16.0,11.0,0.0,0.0,0.0,0.0,0.0,16.0,16.0,16.0,5.0,0.0,0.0,0.0,0.0,14.0,16.0,15.0,8.0,1.0,0.0,1
0.0,0.0,2.0,15.0,15.0,4.0,0.0,0.0,0.0,0.0,11.0,10.0,14.0,9.0,0.0,0.0,0.0,0.0,1.0,0.0,11.0,9.0,0.0,0.0,0.0,0.0,0.0,3.0,15.0,4.0,0.0,0.0,0.0,0.0,1.0,16.0,16.0,14.0,6.0,0.0,0.0,0.0,0.0,8.0,13.0,6.0,1.0,0.0,0.0,0.0,0.0,9.0,7.0,0.0,0.0,0.0,0.0,0.0,1.0,15.0,2.0,0.0,0.0,0.0,7
0.0,0.0,2.0,16.0,8.0,0.0,0.0,0.0,0.0,0.0,8.0,16.0,6.0,0.0,0.0,0.0,0.0,0.0,15.0,10.0,0.0,0.0,0.0,0.0,0.0,4.0,16.0,2.0,0.0,0.0,0.0,0.0,0.0,8.0,16.0,16.0,16.0,14.0,2.0,0.0,0.0,8.0,16.0,7.0,4.0,16.0,8.0,0.0,0.0,1.0,16.0,9.0,6.0,16.0,4.0,0.0,0.0,0.0,3.0,12.0,16.0,12.0,0.0,0.0,6
0.0,0.0,6.0,12.0,16.0,10.0,0.0,0.0,0.0,4.0,15.0,8.0,12.0,14.0,0.0,0.0,0.0,0.0,0.0,0.0,13.0,8.0,0.0,0.0,0.0,0.0,0.0,6.0,14.0,1.0,0.0,0.0,0.0,0.0,0.0,5.0,15.0,8.0,0.0,0.0,0.0,0.0,0.0,0.0,2.0,15.0,5.0,0.0,0.0,0.0,1.0,4.0,5.0,15.0,8.0,0.0,0.0,0.0,5.0,16.0,14.0,9.0,1.0,0.0,3
0.0,0.0,9.0,16.0,16.0,13.0,1.0,0.0,0.0,0.0,12.0,13.0,14.0,16.0,7.0,0.0,0.0,0.0,0.0,0.0,6.0,16.0,4.0,0.0,0.0,0.0,0.0,0.0,13.0,14.0,1.0,0.0,0.0,0.0,1.0,10.0,16.0,6.0,0.0,0.0,0.0,0.0,7.0,16.0,8.0,0.0,0.0,0.0,0.0,2.0,15.0,16.0,12.0,7.0,0.0,0.0,0.0,0.0,9.0,14.0,16.0,16.0,2.0,0.0,2
0.0,0.0,2.0,14.0,15.0,4.0,0.0,0.0,0.0,0.0,2.0,16.0,16.0,11.0,0.0,0.0,0.0,0.0,2.0,16.0,16.0,10.0,0.0,0.0,0.0,0.0,5.0,16.0,16.0,7.0,0.0,0.0,0.0,0.0,14.0,16.0,14.0,2.0,0.0,0.0,0.0,4.0,16.0,16.0,8.0,0.0,0.0,0.0,0.0,3.0,15.0,16.0,8.0,0.0,0.0,0.0,0.0,0.0,5.0,15.0,13.0,2.0,0.0,0.0,1
0.0,0.0,5.0,16.0,16.0,16.0,9.0,0.0,0.0,0.0,1.0,6.0,4.0,12.0,14.0,0.0,0.0,0.0,0.0,0.0,0.0,15.0,9.0,0.0,0.0,0.0,4.0,6.0,11.0,16.0,1.0,0.0,0.0,0.0,15.0,16.0,16.0,16.0,9.0,0.0,0.0,0.0,2.0,10.0,11.0,0.0,1.0,0.0,0.0,0.0,2.0,15.0,3.0,0.0,0.0,0.0,0.0,0.0,11.0,10.0,0.0,0.0,0.0,0.0,7
0.0,0.0,0.0,1.0,15.0,4.0,0.0,0.0,0.0,0.0,1.0,13.0,14.0,1.0,0.0,0.0,0.0,0.0,9.0,15.0,5.0,7.0,7.0,0.0,0.0,4.0,16.0,6.0,1.0,16.0,8.0,0.0,0.0,14.0,15.0,0.0,6.0,16.0,2.0,0.0,0.0,11.0,16.0,13.0,14.0,16.0,4.0,0.0,0.0,0.0,5.0,8.0,15.0,14.0,1.0,0.0,0.0,0.0,0.0,0.0,15.0,12.0,0.0,0.0,4
0.0,0.0,2.0,13.0,12.0,0.0,0.0,0.0,0.0,0.0,8.0,16.0,7.0,0.0,0.0,0.0,0.0,0.0,13.0,16.0,4.0,0.0,0.0,0.0,0.0,4.0,16.0,16.0,16.0,11.0,0.0,0.0,0.0,3.0,16.0,10.0,3.0,15.0,8.0,0.0,0.0,0.0,16.0,8.0,0.0,13.0,10.0,0.0,0.0,0.0,12.0,15.0,1.0,15.0,9.0,0.0,0.0,0.0,2.0,11.0,16.0,16.0,2.0,0.0,6
0.0,1.0,11.0,14.0,9.0,1.0,0.0,0.0,0.0,3.0,16.0,8.0,16.0,4.0,0.0,0.0,0.0,0.0,0.0,3.0,16.0,3.0,0.0,0.0,0.0,0.0,1.0,14.0,13.0,0.0,0.0,0.0,0.0,0.0,0.0,7.0,14.0,10.0,0.0,0.0,0.0,0.0,0.0,0.0,3.0,16.0,4.0,0.0,0.0,1.0,3.0,1.0,8.0,16.0,4.0,0.0,0.0,3.0,10.0,16.0,16.0,8.0,0.0,0.0,3
0.0,0.0,0.0,12.0,16.0,9.0,0.0,0.0,0.0,0.0,2.0,16.0,16.0,6.0,0.0,0.0,0.0,0.0,3.0,16.0,16.0,2.0,0.0,0.0,0.0,0.0,8.0,16.0,12.0,0.0,0.0,0.0,0.0,0.0,6.0,16.0,16.0,0.0,0.0,0.0,0.0,0.0,10.0,16.0,15.0,1.0,0.0,0.0,0.0,0.0,9.0,16.0,11.0,0.0,0.0,0.0,0.0,0.0,8.0,16.0,10.0,0.0,0.0,0.0,1
0.0,0.0,10.0,16.0,16.0,4.0,0.0,0.0,0.0,0.0,9.0,8.0,13.0,10.0,0.0,0.0,0.0,0.0,0.0,4.0,15.0,6.0,0.0,0.0,0.0,0.0,0.0,13.0,16.0,7.0,0.0,0.0,0.0,0.0,0.0,5.0,13.0,16.0,1.0,0.0,0.0,0.0,0.0,0.0,0.0,16.0,4.0,0.0,0.0,0.0,7.0,3.0,5.0,16.0,2.0,0.0,0.0,0.0,11.0,16.0,16.0,10.0,0.0,0.0,3
0.0,0.0,1.0,9.0,13.0,11.0,0.0,0.0,0.0,0.0,10.0,11.0,12.0,16.0,1.0,0.0,0.0,0.0,15.0,4.0,12.0,16.0,1.0,0.0,0.0,0.0,12.0,16.0,11.0,15.0,1.0,0.0,0.0,0.0,0.0,0.0,0.0,14.0,0.0,0.0,0.0,0.0,0.0,0.0,3.0,14.0,0.0,0.0,0.0,4.0,12.0,8.0,10.0,11.0,0.0,0.0,0.0,0.0,2.0,9.0,16.0,6.0,0.0,0.0,9
0.0,0.0,4.0,16.0,15.0,7.0,0.0,0.0,0.0,0.0,6.0,16.0,16.0,6.0,0.0,0.0,0.0,0.0,5.0,16.0,16.0,4.0,0.0,0.0,0.0,0.0,7.0,16.0,15.0,0.0,0.0,0.0,0.0,0.0,11.0,16.0,14.0,0.0,0.0,0.0,0.0,0.0,6.0,16.0,14.0,0.0,0.0,0.0,0.0,0.0,6.0,16.0,16.0,5.0,0.0,0.0,0.0,0.0,2.0,12.0,16.0,3.0,0.0,0.0,1
0.0,0.0,6.0,16.0,15.0,2.0,0.0,0.0,0.0,0.0,7.0,13.0,16.0,4.0,0.0,0.0,0.0,0.0,0.0,1.0,16.0,3.0,0.0,0.0,0.0,0.0,1.0,10.0,16.0,6.0,1.0,0.0,0.0,0.0,9.0,16.0,16.0,16.0,8.0,0.0,0.0,0.0,1.0,16.0,8.0,4.0,0.0,0.0,0.0,0.0,5.0,13.0,0.0,0.0,0.0,0.0,0.0,0.0,11.0,7.0,0.0,0.0,0.0,0.0,7
0.0,0.0,0.0,11.0,7.0,0.0,0.0,0.0,0.0,0.0,8.0,15.0,7.0,0.0,0.0,0.0,0.0,0.0,13.0,8.0,0.0,0.0,0.0,0.0,0.0,0.0,16.0,14.0,8.0,1.0,0.0,0.0,0.0,5.0,16.0,10.0,10.0,14.0,1.0,0.0,0.0,2.0,15.0,3.0,0.0,12.0,7.0,0.0,0.0,0.0,10.0,13.0,1.0,10.0,11.0,0.0,0.0,0.0,0.0,10.0,16.0,15.0,5.0,0.0,6
0.0,0.0,2.0,13.0,15.0,1.0,0.0,0.0,0.0,1.0,14.0,13.0,15.0,4.0,0.0,0.0,0.0,5.0,14.0,2.0,15.0,0.0,0.0,0.0,0.0,6.0,14.0,8.0,13.0,0.0,0.0,0.0,0.0,0.0,7.0,16.0,12.0,1.0,0.0,0.0,0.0,0.0,1.0,15.0,10.0,13.0,1.0,0.0,0.0,0.0,4.0,13.0,4.0,13.0,6.0,0.0,0.0,0.0,0.0,11.0,16.0,14.0,1.0,0.0,8
0.0,0.0,0.0,6.0,14.0,0.0,0.0,0.0,0.0,0.0,4.0,16.0,6.0,0.0,0.0,0.0,0.0,0.0,14.0,10.0,1.0,2.0,0.0,0.0,0.0,6.0,16.0,4.0,12.0,10.0,0.0,0.0,0.0,14.0,11.0,0.0,16.0,8.0,0.0,0.0,4.0,16.0,16.0,16.0,16.0,10.0,0.0,0.0,1.0,11.0,12.0,12.0,16.0,5.0,0.0,0.0,0.0,0.0,0.0,8.0,16.0,4.0,0.0,0.0,4
0.0,0.0,7.0,15.0,15.0,2.0,0.0,0.0,0.0,0.0,13.0,6.0,12.0,6.0,0.0,0.0,0.0,0.0,0.0,0.0,15.0,2.0,0.0,0.0,0.0,0.0,0.0,13.0,10.0,0.0,0.0,0.0,0.0,0.0,0.0,8.0,15.0,12.0,0.0,0.0,0.0,3.0,7.0,0.0,2.0,15.0,1.0,0.0,0.0,2.0,15.0,6.0,6.0,16.0,1.0,0.0,0.0,0.0,4.0,15.0,16.0,7.0,0.0,0.0,3
0.0,0.0,4.0,14.0,11.0,3.0,0.0,0.0,0.0,0.0,1.0,15.0,16.0,6.0,0.0,0.0,0.0,0.0,0.0,16.0,16.0,9.0,0.0,0.0,0.0,0.0,1.0,14.0,16.0,3.0,0.0,0.0,0.0,0.0,6.0,16.0,16.0,2.0,0.0,0.0,0.0,0.0,8.0,16.0,15.0,0.0,0.0,0.0,0.0,0.0,7.0,16.0,11.0,0.0,0.0,0.0,0.0,0.0,6.0,15.0,14.0,4.0,0.0,0.0,1
0.0,0.0,0.0,1.0,13.0,2.0,0.0,0.0,0.0,0.0,0.0,12.0,14.0,0.0,0.0,0.0,0.0,0.0,6.0,14.0,0.0,0.0,0.0,0.0,0.0,1.0,14.0,5.0,0.0,0.0,0.0,0.0,0.0,9.0,12.0,0.0,12.0,7.0,0.0,0.0,0.0,12.0,14.0,6.0,16.0,14.0,1.0,0.0,0.0,6.0,16.0,16.0,16.0,5.0,0.0,0.0,0.0,0.0,0.0,3.0,14.0,0.0,0.0,0.0,4
0.0,0.0,7.0,13.0,8.0,4.0,0.0,0.0,0.0,1.0,15.0,11.0,9.0,15.0,2.0,0.0,0.0,4.0,16.0,6.0,0.0,8.0,7.0,0.0,0.0,4.0,10.0,0.0,0.0,7.0,8.0,0.0,0.0,4.0,10.0,0.0,0.0,8.0,8.0,0.0,0.0,5.0,12.0,0.0,0.0,12.0,5.0,0.0,0.0,3.0,15.0,5.0,9.0,14.0,2.0,0.0,0.0,0.0,8.0,14.0,12.0,3.0,0.0,0.0,0
0.0,0.0,13.0,15.0,11.0,12.0,11.0,0.0,0.0,4.0,16.0,15.0,16.0,13.0,9.0,1.0,0.0,3.0,16.0,9.0,0.0,0.0,0.0,0.0,0.0,0.0,12.0,16.0,9.0,0.0,0.0,0.0,0.0,0.0,0.0,12.0,14.0,1.0,0.0,0.0,0.0,1.0,1.0,7.0,16.0,2.0,0.0,0.0,0.0,8.0,12.0,11.0,16.0,3.0,0.0,0.0,0.0,1.0,13.0,16.0,12.0,0.0,0.0,0.0,5
0.0,0.0,6.0,12.0,13.0,12.0,0.0,0.0,0.0,0.0,14.0,12.0,7.0,16.0,1.0,0.0,0.0,0.0,6.0,6.0,14.0,9.0,0.0,0.0,0.0,0.0,0.0,14.0,11.0,1.0,0.0,0.0,0.0,0.0,0.0,5.0,16.0,5.0,0.0,0.0,0.0,0.0,0.0,0.0,6.0,14.0,1.0,0.0,0.0,0.0,10.0,8.0,3.0,16.0,1.0,0.0,0.0,0.0,4.0,14.0,16.0,12.0,0.0,0.0,3
0.0,0.0,0.0,7.0,13.0,2.0,0.0,0.0,0.0,0.0,0.0,14.0,14.0,2.0,0.0,0.0,0.0,0.0,5.0,16.0,4.0,0.0,0.0,0.0,0.0,1.0,11.0,16.0,4.0,0.0,0.0,0.0,0.0,5.0,16.0,16.0,15.0,12.0,0.0,0.0,0.0,0.0,9.0,16.0,1.0,13.0,7.0,0.0,0.0,0.0,4.0,16.0,6.0,15.0,5.0,0.0,0.0,0.0,0.0,6.0,14.0,14.0,1.0,0.0,6
0.0,0.0,2.0,14.0,13.0,8.0,0.0,0.0,0.0,0.0,12.0,13.0,12.0,13.0,0.0,0.0,0.0,0.0,11.0,6.0,6.0,16.0,4.0,0.0,0.0,0.0,5.0,16.0,15.0,16.0,8.0,0.0,0.0,0.0,0.0,2.0,4.0,11.0,8.0,0.0,0.0,0.0,0.0,0.0,0.0,11.0,9.0,0.0,0.0,2.0,13.0,7.0,1.0,11.0,10.0,0.0,0.0,0.0,2.0,10.0,15.0,16.0,2.0,0.0,9
0.0,0.0,1.0,12.0,8.0,0.0,0.0,0.0,0.0,0.0,11.0,15.0,5.0,0.0,0.0,0.0,0.0,2.0,16.0,5.0,0.0,0.0,0.0,0.0,0.0,5.0,16.0,0.0,0.0,0.0,0.0,0.0,0.0,5.0,12.0,8.0,14.0,14.0,3.0,0.0,0.0,4.0,16.0,16.0,9.0,12.0,8.0,0.0,0.0,0.0,13.0,8.0,0.0,11.0,8.0,0.0,0.0,0.0,1.0,14.0,16.0,11.0,1.0,0.0,6
0.0,0.0,1.0,8.0,10.0,8.0,3.0,0.0,0.0,0.0,1.0,16.0,16.0,16.0,8.0,0.0,0.0,0.0,0.0,14.0,16.0,16.0,3.0,0.0,0.0,0.0,1.0,16.0,16.0,15.0,0.0,0.0,0.0,0.0,6.0,16.0,16.0,10.0,0.0,0.0,0.0,0.0,10.0,16.0,15.0,4.0,0.0,0.0,0.0,0.0,8.0,16.0,14.0,0.0,0.0,0.0,0.0,0.0,1.0,8.0,8.0,1.0,0.0,0.0,1
0.0,0.0,12.0,16.0,14.0,4.0,0.0,0.0,0.0,0.0,8.0,14.0,16.0,10.0,0.0,0.0,0.0,0.0,0.0,0.0,14.0,13.0,0.0,0.0,0.0,0.0,0.0,0.0,13.0,10.0,0.0,0.0,0.0,2.0,15.0,16.0,16.0,13.0,3.0,0.0,0.0,1.0,8.0,12.0,15.0,12.0,4.0,0.0,0.0,0.0,2.0,15.0,8.0,0.0,0.0,0.0,0.0,0.0,12.0,13.0,0.0,0.0,0.0,0.0,7
0.0,1.0,15.0,16.0,16.0,16.0,5.0,0.0,0.0,7.0,16.0,16.0,12.0,9.0,1.0,0.0,0.0,13.0,16.0,3.0,0.0,0.0,0.0,0.0,0.0,5.0,16.0,11.0,0.0,0.0,0.0,0.0,0.0,0.0,10.0,16.0,6.0,0.0,0.0,0.0,0.0,0.0,1.0,15.0,11.0,0.0,0.0,0.0,0.0,1.0,4.0,14.0,12.0,0.0,0.0,0.0,0.0,3.0,15.0,16.0,6.0,0.0,0.0,0.0,5
0.0,0.0,0.0,8.0,15.0,0.0,0.0,0.0,0.0,0.0,3.0,15.0,3.0,0.0,0.0,0.0,0.0,0.0,12.0,10.0,0.0,1.0,0.0,0.0,0.0,4.0,16.0,4.0,11.0,11.0,0.0,0.0,0.0,11.0,15.0,2.0,14.0,10.0,1.0,0.0,0.0,13.0,16.0,16.0,16.0,13.0,1.0,0.0,0.0,0.0,4.0,12.0,12.0,0.0,0.0,0.0,0.0,0.0,0.0,11.0,9.0,0.0,0.0,0.0,4
0.0,0.0,0.0,5.0,15.0,4.0,0.0,0.0,0.0,0.0,1.0,15.0,11.0,0.0,0.0,0.0,0.0,0.0,12.0,14.0,2.0,0.0,0.0,0.0,0.0,5.0,16.0,7.0,7.0,10.0,0.0,0.0,0.0,12.0,16.0,16.0,16.0,12.0,0.0,0.0,0.0,11.0,12.0,14.0,16.0,14.0,1.0,0.0,0.0,0.0,0.0,0.0,16.0,9.0,0.0,0.0,0.0,0.0,0.0,4.0,16.0,6.0,0.0,0.0,4
0.0,0.0,5.0,16.0,16.0,7.0,0.0,0.0,0.0,0.0,6.0,9.0,13.0,11.0,0.0,0.0,0.0,0.0,0.0,0.0,10.0,12.0,0.0,0.0,0.0,0.0,1.0,6.0,13.0,8.0,0.0,0.0,0.0,0.0,8.0,16.0,16.0,15.0,6.0,0.0,0.0,0.0,1.0,11.0,14.0,8.0,2.0,0.0,0.0,0.0,0.0,13.0,7.0,0.0,0.0,0.0,0.0,0.0,4.0,16.0,2.0,0.0,0.0,0.0,7
0.0,5.0,16.0,12.0,1.0,0.0,0.0,0.0,0.0,5.0,14.0,15.0,8.0,0.0,0.0,0.0,0.0,0.0,0.0,14.0,10.0,0.0,0.0,0.0,0.0,0.0,2.0,16.0,7.0,0.0,0.0,0.0,0.0,0.0,7.0,16.0,3.0,0.0,0.0,0.0,0.0,2.0,14.0,10.0,0.0,0.0,0.0,0.0,0.0,11.0,16.0,9.0,8.0,8.0,3.0,0.0,0.0,8.0,16.0,16.0,16.0,16.0,4.0,0.0,2
0.0,0.0,1.0,8.0,14.0,14.0,2.0,0.0,0.0,1.0,13.0,16.0,16.0,16.0,5.0,0.0,0.0,7.0,16.0,10.0,10.0,16.0,4.0,0.0,0.0,3.0,16.0,14.0,15.0,12.0,0.0,0.0,0.0,0.0,3.0,12.0,16.0,10.0,0.0,0.0,0.0,0.0,0.0,9.0,16.0,16.0,3.0,0.0,0.0,0.0,0.0,15.0,16.0,16.0,4.0,0.0,0.0,0.0,0.0,11.0,16.0,12.0,2.0,0.0,8
0.0,0.0,4.0,12.0,16.0,16.0,4.0,0.0,0.0,0.0,9.0,7.0,4.0,14.0,12.0,0.0,0.0,0.0,0.0,0.0,0.0,11.0,14.0,0.0,0.0,0.0,0.0,0.0,3.0,16.0,6.0,0.0,0.0,0.0,0.0,1.0,13.0,6.0,0.0,0.0,0.0,0.0,1.0,12.0,8.0,0.0,0.0,0.0,0.0,0.0,6.0,16.0,9.0,5.0,0.0,0.0,0.0,0.0,3.0,12.0,13.0,9.0,0.0,0.0,2
0.0,0.0,10.0,15.0,13.0,1.0,0.0,0.0,0.0,4.0,16.0,7.0,13.0,7.0,0.0,0.0,0.0,2.0,11.0,0.0,12.0,6.0,0.0,0.0,0.0,0.0,0.0,4.0,14.0,0.0,0.0,0.0,0.0,0.0,1.0,15.0,6.0,0.0,0.0,0.0,0.0,0.0,9.0,12.0,0.0,0.0,0.0,0.0,0.0,4.0,16.0,7.0,7.0,13.0,3.0,0.0,0.0,0.0,10.0,16.0,12.0,3.0,0.0,0.0,2
0.0,1.0,13.0,16.0,16.0,16.0,12.0,1.0,0.0,6.0,16.0,14.0,12.0,11.0,5.0,0.0,0.0,2.0,15.0,15.0,5.0,0.0,0.0,0.0,0.0,0.0,8.0,14.0,15.0,1.0,0.0,0.0,0.0,0.0,0.0,3.0,16.0,6.0,0.0,0.0,0.0,0.0,0.0,3.0,16.0,5.0,0.0,0.0,0.0,0.0,7.0,10.0,16.0,4.0,0.0,0.0,0.0,0.0,15.0,16.0,10.0,0.0,0.0,0.0,5
0.0,0.0,6.0,16.0,16.0,7.0,0.0,0.0,0.0,0.0,13.0,12.0,15.0,10.0,0.0,0.0,0.0,0.0,3.0,6.0,13.0,9.0,0.0,0.0,0.0,0.0,8.0,16.0,16.0,15.0,6.0,0.0,0.0,0.0,1.0,9.0,14.0,8.0,5.0,0.0,0.0,0.0,0.0,11.0,9.0,0.0,0.0,0.0,0.0,0.0,4.0,16.0,3.0,0.0,0.0,0.0,0.0,0.0,10.0,10.0,0.0,0.0,0.0,0.0,7
0.0,0.0,2.0,10.0,13.0,12.0,3.0,0.0,0.0,0.0,11.0,13.0,8.0,16.0,7.0,0.0,0.0,0.0,12.0,9.0,9.0,16.0,8.0,0.0,0.0,0.0,6.0,10.0,13.0,14.0,5.0,0.0,0.0,0.0,0.0,0.0,0.0,12.0,8.0,0.0,0.0,8.0,1.0,0.0,0.0,15.0,2.0,0.0,0.0,4.0,14.0,9.0,4.0,16.0,0.0,0.0,0.0,0.0,2.0,12.0,16.0,14.0,0.0,0.0,9
0.0,1.0,12.0,12.0,15.0,16.0,7.0,0.0,0.0,7.0,16.0,16.0,13.0,6.0,1.0,0.0,0.0,12.0,16.0,3.0,0.0,0.0,0.0,0.0,0.0,3.0,14.0,15.0,1.0,0.0,0.0,0.0,0.0,0.0,1.0,16.0,7.0,0.0,0.0,0.0,0.0,0.0,0.0,15.0,8.0,0.0,0.0,0.0,0.0,5.0,7.0,16.0,7.0,0.0,0.0,0.0,0.0,3.0,15.0,16.0,5.0,0.0,0.0,0.0,5
0.0,0.0,0.0,9.0,14.0,1.0,0.0,0.0,0.0,0.0,2.0,16.0,8.0,0.0,0.0,0.0,0.0,0.0,12.0,14.0,1.0,0.0,0.0,0.0,0.0,5.0,16.0,4.0,2.0,1.0,0.0,0.0,0.0,12.0,13.0,1.0,14.0,8.0,1.0,0.0,1.0,16.0,16.0,16.0,16.0,15.0,3.0,0.0,0.0,5.0,8.0,11.0,15.0,1.0,0.0,0.0,0.0,0.0,0.0,10.0,16.0,3.0,0.0,0.0,4
0.0,0.0,1.0,11.0,14.0,15.0,3.0,0.0,0.0,1.0,13.0,16.0,12.0,16.0,8.0,0.0,0.0,8.0,16.0,4.0,6.0,16.0,5.0,0.0,0.0,5.0,15.0,11.0,13.0,14.0,0.0,0.0,0.0,0.0,2.0,12.0,16.0,13.0,0.0,0.0,0.0,0.0,0.0,13.0,16.0,16.0,6.0,0.0,0.0,0.0,0.0,16.0,16.0,16.0,7.0,0.0,0.0,0.0,0.0,11.0,13.0,12.0,1.0,0.0,8
0.0,0.0,6.0,14.0,16.0,5.0,0.0,0.0,0.0,2.0,16.0,16.0,16.0,7.0,0.0,0.0,0.0,2.0,15.0,16.0,15.0,2.0,0.0,0.0,0.0,0.0,6.0,16.0,15.0,7.0,0.0,0.0,0.0,0.0,14.0,10.0,6.0,16.0,3.0,0.0,0.0,1.0,16.0,3.0,0.0,16.0,7.0,0.0,0.0,0.0,10.0,11.0,11.0,15.0,3.0,0.0,0.0,0.0,3.0,14.0,16.0,6.0,0.0,0.0,8
0.0,0.0,0.0,4.0,15.0,6.0,0.0,0.0,0.0,0.0,0.0,13.0,13.0,1.0,0.0,0.0,0.0,0.0,7.0,16.0,2.0,0.0,0.0,0.0,0.0,4.0,15.0,8.0,0.0,5.0,0.0,0.0,0.0,11.0,14.0,1.0,6.0,16.0,5.0,0.0,1.0,16.0,14.0,12.0,16.0,16.0,3.0,0.0,0.0,10.0,12.0,10.0,16.0,10.0,0.0,0.0,0.0,0.0,0.0,6.0,16.0,2.0,0.0,0.0,4
0.0,0.0,1.0,9.0,15.0,11.0,3.0,0.0,0.0,0.0,12.0,9.0,1.0,11.0,6.0,0.0,0.0,0.0,13.0,7.0,6.0,16.0,8.0,0.0,0.0,0.0,4.0,10.0,12.0,15.0,4.0,0.0,0.0,0.0,0.0,0.0,0.0,12.0,6.0,0.0,0.0,8.0,7.0,0.0,0.0,15.0,5.0,0.0,0.0,1.0,12.0,10.0,4.0,16.0,3.0,0.0,0.0,0.0,0.0,13.0,16.0,8.0,0.0,0.0,9
0.0,0.0,0.0,14.0,12.0,2.0,0.0,0.0,0.0,0.0,0.0,6.0,8.0,14.0,1.0,0.0,0.0,0.0,9.0,11.0,0.0,13.0,5.0,0.0,0.0,2.0,16.0,8.0,0.0,8.0,8.0,0.0,0.0,5.0,13.0,0.0,0.0,8.0,7.0,0.0,0.0,6.0,13.0,0.0,0.0,11.0,4.0,0.0,0.0,0.0,12.0,10.0,6.0,14.0,0.0,0.0,0.0,0.0,1.0,11.0,14.0,7.0,0.0,0.0,0
0.0,0.0,0.0,10.0,13.0,5.0,0.0,0.0,0.0,3.0,14.0,16.0,12.0,15.0,0.0,0.0,0.0,10.0,16.0,8.0,11.0,16.0,0.0,0.0,0.0,8.0,14.0,5.0,14.0,9.0,0.0,0.0,0.0,0.0,7.0,14.0,16.0,5.0,0.0,0.0,0.0,0.0,0.0,11.0,16.0,16.0,1.0,0.0,0.0,0.0,0.0,14.0,16.0,16.0,4.0,0.0,0.0,0.0,0.0,11.0,16.0,11.0,0.0,0.0,8
0.0,0.0,4.0,11.0,12.0,14.0,0.0,0.0,0.0,0.0,15.0,12.0,14.0,16.0,4.0,0.0,0.0,0.0,16.0,9.0,16.0,13.0,3.0,0.0,0.0,0.0,5.0,12.0,11.0,12.0,7.0,0.0,0.0,0.0,0.0,0.0,0.0,8.0,8.0,0.0,0.0,0.0,0.0,0.0,0.0,10.0,7.0,0.0,0.0,6.0,13.0,4.0,0.0,14.0,4.0,0.0,0.0,0.0,7.0,13.0,16.0,14.0,1.0,0.0,9
0.0,0.0,2.0,8.0,7.0,0.0,0.0,0.0,0.0,0.0,6.0,15.0,16.0,2.0,0.0,0.0,0.0,6.0,15.0,11.0,16.0,4.0,0.0,0.0,0.0,5.0,16.0,10.0,16.0,1.0,0.0,0.0,0.0,2.0,15.0,16.0,13.0,0.0,0.0,0.0,0.0,0.0,2.0,16.0,12.0,9.0,3.0,0.0,0.0,0.0,4.0,14.0,0.0,12.0,14.0,1.0,0.0,0.0,1.0,12.0,10.0,7.0,0.0,0.0,8
0.0,0.0,10.0,15.0,1.0,0.0,0.0,0.0,0.0,0.0,11.0,16.0,1.0,0.0,0.0,0.0,0.0,1.0,16.0,16.0,1.0,0.0,0.0,0.0,0.0,0.0,8.0,16.0,5.0,0.0,0.0,0.0,0.0,0.0,0.0,14.0,10.0,0.0,0.0,0.0,0.0,0.0,0.0,10.0,14.0,0.0,0.0,0.0,0.0,0.0,5.0,11.0,15.0,6.0,4.0,1.0,0.0,0.0,10.0,16.0,16.0,16.0,16.0,10.0,1
0.0,1.0,15.0,16.0,10.0,0.0,0.0,0.0,0.0,4.0,16.0,9.0,16.0,4.0,0.0,0.0,0.0,2.0,12.0,5.0,16.0,3.0,0.0,0.0,0.0,0.0,0.0,6.0,16.0,3.0,0.0,0.0,0.0,0.0,1.0,15.0,13.0,0.0,0.0,0.0,0.0,0.0,8.0,16.0,4.0,0.0,0.0,0.0,0.0,2.0,16.0,13.0,4.0,4.0,3.0,0.0,0.0,2.0,13.0,16.0,16.0,16.0,16.0,2.0,2
0.0,0.0,6.0,13.0,12.0,2.0,0.0,0.0,0.0,0.0,7.0,7.0,10.0,12.0,0.0,0.0,0.0,0.0,0.0,1.0,12.0,9.0,0.0,0.0,0.0,0.0,0.0,7.0,16.0,7.0,0.0,0.0,0.0,0.0,0.0,0.0,5.0,14.0,1.0,0.0,0.0,1.0,7.0,0.0,0.0,7.0,11.0,0.0,0.0,1.0,16.0,4.0,0.0,9.0,11.0,0.0,0.0,0.0,5.0,13.0,12.0,16.0,3.0,0.0,3
0.0,0.0,0.0,4.0,15.0,2.0,0.0,0.0,0.0,0.0,1.0,16.0,9.0,0.0,0.0,0.0,0.0,0.0,9.0,15.0,1.0,11.0,9.0,0.0,0.0,3.0,14.0,8.0,0.0,14.0,10.0,0.0,0.0,10.0,16.0,12.0,12.0,16.0,8.0,0.0,0.0,13.0,16.0,14.0,15.0,16.0,5.0,0.0,0.0,0.0,0.0,0.0,15.0,13.0,0.0,0.0,0.0,0.0,0.0,4.0,16.0,9.0,0.0,0.0,4
0.0,0.0,14.0,12.0,12.0,13.0,3.0,0.0,0.0,0.0,16.0,8.0,8.0,6.0,1.0,0.0,0.0,0.0,14.0,7.0,5.0,0.0,0.0,0.0,0.0,0.0,15.0,15.0,16.0,2.0,0.0,0.0,0.0,0.0,13.0,3.0,6.0,8.0,0.0,0.0,0.0,0.0,0.0,0.0,3.0,13.0,0.0,0.0,0.0,0.0,5.0,4.0,8.0,12.0,1.0,0.0,0.0,1.0,15.0,15.0,11.0,3.0,0.0,0.0,5
0.0,0.0,1.0,10.0,10.0,0.0,0.0,0.0,0.0,1.0,13.0,10.0,1.0,0.0,0.0,0.0,0.0,4.0,14.0,0.0,0.0,0.0,0.0,0.0,0.0,6.0,12.0,0.0,0.0,0.0,0.0,0.0,0.0,8.0,11.0,5.0,10.0,11.0,1.0,0.0,0.0,5.0,16.0,13.0,6.0,10.0,8.0,0.0,0.0,0.0,10.0,9.0,0.0,7.0,11.0,0.0,0.0,0.0,1.0,12.0,16.0,14.0,2.0,0.0,6
0.0,0.0,3.0,14.0,8.0,6.0,4.0,0.0,0.0,0.0,11.0,16.0,16.0,16.0,15.0,1.0,0.0,3.0,16.0,3.0,2.0,15.0,6.0,0.0,0.0,5.0,8.0,0.0,9.0,14.0,0.0,0.0,0.0,0.0,7.0,9.0,15.0,13.0,4.0,0.0,0.0,0.0,10.0,16.0,16.0,15.0,3.0,0.0,0.0,0.0,0.0,13.0,7.0,0.0,0.0,0.0,0.0,0.0,6.0,15.0,2.0,0.0,0.0,0.0,7
0.0,0.0,7.0,15.0,14.0,6.0,0.0,0.0,0.0,5.0,16.0,5.0,10.0,16.0,4.0,0.0,0.0,6.0,15.0,2.0,10.0,14.0,1.0,0.0,0.0,1.0,13.0,16.0,14.0,1.0,0.0,0.0,0.0,0.0,10.0,13.0,15.0,8.0,0.0,0.0,0.0,0.0,15.0,2.0,3.0,15.0,6.0,0.0,0.0,0.0,15.0,3.0,8.0,15.0,6.0,0.0,0.0,0.0,6.0,16.0,11.0,4.0,0.0,0.0,8
0.0,0.0,7.0,14.0,9.0,0.0,0.0,0.0,0.0,1.0,16.0,5.0,10.0,7.0,0.0,0.0,0.0,0.0,13.0,2.0,3.0,13.0,0.0,0.0,0.0,0.0,5.0,15.0,16.0,16.0,1.0,0.0,0.0,0.0,0.0,0.0,5.0,10.0,7.0,0.0,0.0,0.0,0.0,0.0,0.0,2.0,14.0,0.0,0.0,0.0,4.0,2.0,0.0,0.0,14.0,3.0,0.0,0.0,5.0,15.0,16.0,16.0,12.0,1.0,9
0.0,0.0,3.0,13.0,13.0,3.0,0.0,0.0,0.0,0.0,14.0,8.0,7.0,15.0,1.0,0.0,0.0,3.0,16.0,0.0,0.0,9.0,6.0,0.0,0.0,6.0,13.0,0.0,0.0,4.0,8.0,0.0,0.0,4.0,9.0,0.0,0.0,4.0,8.0,0.0,0.0,1.0,13.0,0.0,0.0,5.0,8.0,0.0,0.0,0.0,14.0,7.0,0.0,11.0,4.0,0.0,0.0,0.0,3.0,15.0,16.0,14.0,0.0,0.0,0
0.0,0.0,16.0,8.0,0.0,0.0,0.0,0.0,0.0,2.0,16.0,13.0,0.0,0.0,0.0,0.0,0.0,2.0,16.0,16.0,6.0,0.0,0.0,0.0,0.0,0.0,8.0,16.0,10.0,0.0,0.0,0.0,0.0,0.0,0.0,14.0,12.0,0.0,0.0,0.0,0.0,0.0,0.0,10.0,16.0,2.0,0.0,0.0,0.0,0.0,5.0,12.0,16.0,11.0,8.0,3.0,0.0,0.0,12.0,16.0,16.0,16.0,16.0,9.0,1
0.0,4.0,16.0,15.0,1.0,0.0,0.0,0.0,0.0,8.0,14.0,16.0,4.0,0.0,0.0,0.0,0.0,5.0,8.0,16.0,4.0,0.0,0.0,0.0,0.0,0.0,0.0,12.0,8.0,0.0,0.0,0.0,0.0,0.0,1.0,15.0,7.0,0.0,0.0,0.0,0.0,0.0,5.0,16.0,3.0,6.0,9.0,0.0,0.0,3.0,15.0,15.0,8.0,13.0,15.0,0.0,0.0,4.0,15.0,16.0,16.0,16.0,7.0,0.0,2
0.0,0.0,9.0,16.0,10.0,1.0,0.0,0.0,0.0,0.0,8.0,3.0,16.0,4.0,0.0,0.0,0.0,0.0,0.0,5.0,14.0,2.0,0.0,0.0,0.0,0.0,2.0,16.0,15.0,7.0,0.0,0.0,0.0,0.0,0.0,0.0,3.0,15.0,2.0,0.0,0.0,4.0,6.0,0.0,0.0,13.0,7.0,0.0,0.0,6.0,13.0,1.0,5.0,16.0,3.0,0.0,0.0,0.0,10.0,16.0,15.0,5.0,0.0,0.0,3
0.0,0.0,0.0,2.0,14.0,5.0,0.0,0.0,0.0,0.0,0.0,13.0,15.0,0.0,0.0,0.0,0.0,0.0,3.0,16.0,3.0,9.0,12.0,0.0,0.0,1.0,14.0,8.0,0.0,15.0,13.0,0.0,0.0,11.0,16.0,10.0,8.0,16.0,10.0,0.0,3.0,16.0,16.0,16.0,16.0,15.0,3.0,0.0,0.0,0.0,0.0,2.0,16.0,12.0,0.0,0.0,0.0,0.0,0.0,4.0,16.0,7.0,0.0,0.0,4
0.0,1.0,12.0,13.0,13.0,0.0,0.0,0.0,0.0,4.0,11.0,6.0,3.0,0.0,0.0,0.0,0.0,7.0,11.0,8.0,6.0,1.0,0.0,0.0,0.0,5.0,15.0,12.0,13.0,12.0,0.0,0.0,0.0,0.0,0.0,0.0,0.0,13.0,4.0,0.0,0.0,0.0,0.0,0.0,0.0,8.0,8.0,0.0,0.0,2.0,10.0,8.0,7.0,15.0,3.0,0.0,0.0,1.0,13.0,16.0,12.0,5.0,0.0,0.0,5
0.0,0.0,1.0,13.0,0.0,0.0,0.0,0.0,0.0,0.0,7.0,10.0,0.0,0.0,0.0,0.0,0.0,1.0,16.0,2.0,0.0,0.0,0.0,0.0,0.0,4.0,13.0,0.0,0.0,0.0,0.0,0.0,0.0,7.0,12.0,4.0,11.0,9.0,1.0,0.0,0.0,4.0,16.0,15.0,8.0,12.0,7.0,0.0,0.0,2.0,14.0,10.0,3.0,13.0,7.0,0.0,0.0,0.0,2.0,13.0,16.0,8.0,1.0,0.0,6
0.0,0.0,6.0,16.0,16.0,12.0,3.0,0.0,0.0,0.0,13.0,12.0,10.0,16.0,2.0,0.0,0.0,1.0,16.0,3.0,10.0,11.0,0.0,0.0,0.0,1.0,7.0,1.0,16.0,3.0,0.0,0.0,0.0,0.0,0.0,7.0,15.0,4.0,1.0,0.0,0.0,0.0,10.0,16.0,16.0,16.0,4.0,0.0,0.0,0.0,2.0,16.0,8.0,3.0,0.0,0.0,0.0,0.0,6.0,16.0,3.0,0.0,0.0,0.0,7
0.0,0.0,7.0,13.0,11.0,1.0,0.0,0.0,0.0,6.0,14.0,12.0,14.0,9.0,0.0,0.0,0.0,5.0,14.0,3.0,10.0,9.0,0.0,0.0,0.0,0.0,8.0,15.0,14.0,2.0,0.0,0.0,0.0,0.0,1.0,14.0,16.0,6.0,0.0,0.0,0.0,0.0,9.0,9.0,3.0,15.0,4.0,0.0,0.0,0.0,12.0,5.0,1.0,11.0,8.0,0.0,0.0,0.0,7.0,16.0,16.0,9.0,1.0,0.0,8
0.0,0.0,7.0,14.0,10.0,0.0,0.0,0.0,0.0,7.0,15.0,4.0,9.0,11.0,0.0,0.0,0.0,9.0,13.0,0.0,7.0,16.0,0.0,0.0,0.0,3.0,15.0,16.0,16.0,16.0,3.0,0.0,0.0,0.0,0.0,4.0,4.0,12.0,8.0,0.0,0.0,0.0,0.0,0.0,0.0,4.0,12.0,0.0,0.0,0.0,11.0,5.0,0.0,7.0,13.0,0.0,0.0,0.0,5.0,13.0,16.0,14.0,6.0,0.0,9
0.0,0.0,6.0,14.0,13.0,3.0,0.0,0.0,0.0,0.0,14.0,10.0,7.0,13.0,0.0,0.0,0.0,4.0,13.0,0.0,0.0,12.0,3.0,0.0,0.0,5.0,11.0,0.0,0.0,7.0,6.0,0.0,0.0,4.0,11.0,0.0,0.0,4.0,8.0,0.0,0.0,2.0,12.0,0.0,0.0,6.0,6.0,0.0,0.0,0.0,12.0,8.0,2.0,14.0,2.0,0.0,0.0,0.0,4.0,15.0,16.0,9.0,0.0,0.0,0
0.0,0.0,11.0,12.0,0.0,0.0,0.0,0.0,0.0,0.0,13.0,16.0,0.0,0.0,0.0,0.0,0.0,3.0,15.0,16.0,4.0,0.0,0.0,0.0,0.0,13.0,15.0,16.0,6.0,0.0,0.0,0.0,0.0,3.0,3.0,15.0,10.0,0.0,0.0,0.0,0.0,0.0,0.0,11.0,16.0,0.0,0.0,0.0,0.0,0.0,2.0,10.0,16.0,6.0,3.0,0.0,0.0,0.0,7.0,16.0,16.0,16.0,16.0,5.0,1
0.0,2.0,13.0,16.0,10.0,0.0,0.0,0.0,0.0,12.0,15.0,9.0,16.0,2.0,0.0,0.0,0.0,10.0,8.0,1.0,16.0,6.0,0.0,0.0,0.0,1.0,1.0,2.0,16.0,6.0,0.0,0.0,0.0,0.0,0.0,10.0,15.0,2.0,0.0,0.0,0.0,0.0,2.0,15.0,9.0,0.0,0.0,0.0,0.0,2.0,15.0,16.0,9.0,8.0,6.0,0.0,0.0,1.0,13.0,16.0,16.0,16.0,16.0,3.0,2
0.0,2.0,13.0,16.0,15.0,1.0,0.0,0.0,0.0,7.0,13.0,10.0,16.0,4.0,0.0,0.0,0.0,0.0,0.0,8.0,16.0,2.0,0.0,0.0,0.0,0.0,8.0,16.0,16.0,10.0,0.0,0.0,0.0,0.0,1.0,4.0,10.0,16.0,8.0,0.0,0.0,0.0,0.0,0.0,0.0,16.0,9.0,0.0,0.0,2.0,12.0,6.0,6.0,16.0,6.0,0.0,0.0,1.0,15.0,16.0,16.0,9.0,1.0,0.0,3
0.0,0.0,0.0,2.0,15.0,7.0,0.0,0.0,0.0,0.0,0.0,11.0,15.0,2.0,5.0,0.0,0.0,0.0,5.0,16.0,6.0,6.0,16.0,0.0,0.0,2.0,16.0,10.0,4.0,13.0,13.0,0.0,0.0,13.0,16.0,16.0,16.0,16.0,10.0,0.0,0.0,6.0,4.0,4.0,11.0,16.0,4.0,0.0,0.0,0.0,0.0,0.0,14.0,14.0,0.0,0.0,0.0,0.0,0.0,3.0,16.0,7.0,0.0,0.0,4
0.0,0.0,9.0,12.0,14.0,2.0,0.0,0.0,0.0,0.0,12.0,6.0,4.0,0.0,0.0,0.0,0.0,0.0,12.0,1.0,3.0,0.0,0.0,0.0,0.0,0.0,9.0,16.0,16.0,12.0,0.0,0.0,0.0,0.0,4.0,4.0,0.0,12.0,6.0,0.0,0.0,0.0,0.0,0.0,0.0,4.0,12.0,0.0,0.0,0.0,9.0,7.0,4.0,10.0,11.0,0.0,0.0,0.0,9.0,14.0,16.0,14.0,5.0,0.0,5
0.0,0.0,3.0,15.0,1.0,0.0,0.0,0.0,0.0,0.0,12.0,8.0,0.0,0.0,0.0,0.0,0.0,3.0,13.0,0.0,0.0,0.0,0.0,0.0,0.0,4.0,12.0,0.0,0.0,0.0,0.0,0.0,0.0,5.0,10.0,11.0,16.0,14.0,1.0,0.0,0.0,2.0,16.0,10.0,4.0,7.0,10.0,0.0,0.0,0.0,15.0,8.0,2.0,12.0,8.0,0.0,0.0,0.0,3.0,12.0,16.0,8.0,0.0,0.0,6
0.0,0.0,3.0,14.0,13.0,12.0,14.0,0.0,0.0,0.0,11.0,14.0,12.0,15.0,9.0,0.0,0.0,0.0,16.0,5.0,3.0,16.0,2.0,0.0,0.0,1.0,9.0,1.0,10.0,12.0,0.0,0.0,0.0,0.0,0.0,7.0,16.0,14.0,6.0,0.0,0.0,0.0,4.0,16.0,16.0,11.0,1.0,0.0,0.0,0.0,0.0,15.0,5.0,0.0,0.0,0.0,0.0,0.0,6.0,13.0,0.0,0.0,0.0,0.0,7
0.0,0.0,10.0,14.0,10.0,1.0,0.0,0.0,0.0,4.0,14.0,6.0,13.0,7.0,0.0,0.0,0.0,6.0,12.0,0.0,7.0,7.0,0.0,0.0,0.0,1.0,16.0,10.0,15.0,1.0,0.0,0.0,0.0,0.0,5.0,16.0,15.0,3.0,0.0,0.0,0.0,0.0,13.0,6.0,6.0,15.0,5.0,0.0,0.0,3.0,15.0,0.0,4.0,12.0,7.0,0.0,0.0,0.0,12.0,16.0,15.0,8.0,0.0,0.0,8
0.0,1.0,10.0,15.0,15.0,3.0,0.0,0.0,0.0,6.0,13.0,4.0,10.0,12.0,0.0,0.0,0.0,4.0,11.0,0.0,7.0,15.0,0.0,0.0,0.0,2.0,14.0,16.0,16.0,14.0,2.0,0.0,0.0,0.0,1.0,4.0,3.0,10.0,6.0,0.0,0.0,0.0,0.0,0.0,0.0,2.0,12.0,0.0,0.0,0.0,3.0,3.0,0.0,2.0,13.0,0.0,0.0,0.0,10.0,16.0,16.0,16.0,11.0,0.0,9
0.0,0.0,3.0,15.0,9.0,0.0,0.0,0.0,0.0,0.0,14.0,8.0,11.0,5.0,0.0,0.0,0.0,3.0,16.0,3.0,1.0,14.0,2.0,0.0,0.0,5.0,12.0,0.0,0.0,12.0,4.0,0.0,0.0,2.0,12.0,0.0,0.0,6.0,8.0,0.0,0.0,2.0,14.0,0.0,0.0,12.0,5.0,0.0,0.0,0.0,12.0,8.0,5.0,15.0,0.0,0.0,0.0,0.0,1.0,13.0,14.0,5.0,0.0,0.0,0
0.0,0.0,9.0,15.0,14.0,8.0,0.0,0.0,0.0,6.0,16.0,4.0,2.0,16.0,3.0,0.0,0.0,5.0,16.0,5.0,5.0,16.0,4.0,0.0,0.0,0.0,9.0,16.0,16.0,16.0,4.0,0.0,0.0,0.0,0.0,0.0,0.0,9.0,8.0,0.0,0.0,0.0,0.0,0.0,0.0,8.0,8.0,0.0,0.0,2.0,10.0,2.0,1.0,12.0,6.0,0.0,0.0,1.0,13.0,14.0,14.0,11.0,1.0,0.0,9
0.0,1.0,10.0,12.0,12.0,11.0,0.0,0.0,0.0,7.0,14.0,8.0,8.0,6.0,0.0,0.0,0.0,7.0,11.0,7.0,3.0,0.0,0.0,0.0,0.0,8.0,16.0,13.0,13.0,8.0,0.0,0.0,0.0,1.0,3.0,0.0,1.0,14.0,5.0,0.0,0.0,0.0,0.0,0.0,0.0,4.0,12.0,0.0,0.0,0.0,11.0,3.0,0.0,10.0,12.0,0.0,0.0,0.0,10.0,16.0,16.0,14.0,4.0,0.0,5
0.0,0.0,10.0,12.0,12.0,15.0,4.0,0.0,0.0,0.0,16.0,8.0,8.0,5.0,3.0,0.0,0.0,4.0,15.0,8.0,6.0,0.0,0.0,0.0,0.0,6.0,15.0,12.0,14.0,8.0,0.0,0.0,0.0,0.0,1.0,0.0,2.0,16.0,0.0,0.0,0.0,0.0,0.0,0.0,0.0,14.0,3.0,0.0,0.0,0.0,11.0,4.0,8.0,15.0,3.0,0.0,0.0,0.0,10.0,16.0,15.0,5.0,0.0,0.0,5
0.0,0.0,1.0,11.0,15.0,0.0,0.0,0.0,0.0,0.0,11.0,15.0,5.0,0.0,0.0,0.0,0.0,3.0,15.0,1.0,0.0,0.0,0.0,0.0,0.0,5.0,12.0,0.0,0.0,0.0,0.0,0.0,0.0,8.0,15.0,15.0,16.0,14.0,3.0,0.0,0.0,2.0,16.0,11.0,2.0,7.0,12.0,0.0,0.0,0.0,14.0,11.0,4.0,9.0,13.0,0.0,0.0,0.0,2.0,11.0,16.0,15.0,6.0,0.0,6
0.0,3.0,12.0,12.0,14.0,4.0,0.0,0.0,0.0,1.0,13.0,4.0,4.0,0.0,0.0,0.0,0.0,4.0,14.0,4.0,3.0,0.0,0.0,0.0,0.0,5.0,13.0,12.0,14.0,10.0,0.0,0.0,0.0,0.0,0.0,0.0,0.0,11.0,6.0,0.0,0.0,0.0,0.0,0.0,0.0,4.0,8.0,0.0,0.0,0.0,6.0,2.0,0.0,8.0,8.0,0.0,0.0,2.0,13.0,16.0,16.0,16.0,2.0,0.0,5
0.0,0.0,6.0,14.0,11.0,1.0,0.0,0.0,0.0,0.0,15.0,5.0,6.0,15.0,0.0,0.0,0.0,4.0,16.0,0.0,0.0,9.0,3.0,0.0,0.0,8.0,9.0,0.0,0.0,4.0,8.0,0.0,0.0,7.0,8.0,0.0,0.0,4.0,8.0,0.0,0.0,4.0,8.0,0.0,0.0,9.0,4.0,0.0,0.0,1.0,13.0,2.0,3.0,14.0,0.0,0.0,0.0,0.0,5.0,14.0,15.0,4.0,0.0,0.0,0
0.0,0.0,6.0,14.0,15.0,7.0,0.0,0.0,0.0,3.0,15.0,6.0,2.0,14.0,3.0,0.0,0.0,4.0,13.0,0.0,1.0,16.0,4.0,0.0,0.0,0.0,10.0,11.0,9.0,16.0,6.0,0.0,0.0,0.0,1.0,8.0,10.0,14.0,5.0,0.0,0.0,0.0,0.0,0.0,0.0,8.0,11.0,0.0,0.0,1.0,12.0,5.0,0.0,10.0,11.0,0.0,0.0,0.0,7.0,13.0,16.0,16.0,4.0,0.0,9
0.0,0.0,7.0,14.0,15.0,4.0,0.0,0.0,0.0,7.0,15.0,4.0,9.0,12.0,0.0,0.0,0.0,6.0,15.0,1.0,4.0,14.0,0.0,0.0,0.0,0.0,9.0,13.0,14.0,7.0,0.0,0.0,0.0,0.0,2.0,16.0,16.0,4.0,0.0,0.0,0.0,0.0,14.0,7.0,3.0,15.0,4.0,0.0,0.0,0.0,16.0,3.0,0.0,13.0,8.0,0.0,0.0,0.0,7.0,16.0,16.0,10.0,1.0,0.0,8
0.0,0.0,7.0,13.0,10.0,1.0,0.0,0.0,0.0,1.0,15.0,3.0,9.0,10.0,0.0,0.0,0.0,3.0,16.0,4.0,13.0,11.0,0.0,0.0,0.0,0.0,6.0,12.0,12.0,16.0,0.0,0.0,0.0,0.0,0.0,0.0,0.0,12.0,5.0,0.0,0.0,0.0,0.0,0.0,0.0,5.0,11.0,0.0,0.0,1.0,11.0,2.0,0.0,7.0,11.0,0.0,0.0,0.0,7.0,13.0,16.0,15.0,4.0,0.0,9
0.0,0.0,1.0,11.0,15.0,6.0,0.0,0.0,0.0,2.0,15.0,10.0,16.0,15.0,0.0,0.0,0.0,1.0,14.0,5.0,6.0,11.0,0.0,0.0,0.0,0.0,5.0,14.0,14.0,3.0,0.0,0.0,0.0,0.0,1.0,14.0,16.0,6.0,0.0,0.0,0.0,0.0,10.0,8.0,6.0,15.0,1.0,0.0,0.0,0.0,9.0,9.0,4.0,16.0,3.0,0.0,0.0,0.0,1.0,15.0,15.0,6.0,0.0,0.0,8
0.0,0.0,0.0,7.0,8.0,0.0,0.0,0.0,0.0,0.0,0.0,15.0,2.0,0.0,3.0,1.0,0.0,0.0,8.0,10.0,0.0,2.0,16.0,2.0,0.0,1.0,15.0,4.0,3.0,9.0,12.0,0.0,0.0,8.0,16.0,16.0,16.0,16.0,6.0,0.0,0.0,1.0,4.0,3.0,9.0,14.0,0.0,0.0,0.0,0.0,0.0,0.0,15.0,3.0,0.0,0.0,0.0,0.0,0.0,9.0,10.0,0.0,0.0,0.0,4
0.0,0.0,3.0,15.0,4.0,0.0,0.0,0.0,0.0,0.0,0.0,15.0,11.0,0.0,0.0,0.0,0.0,0.0,0.0,15.0,16.0,2.0,0.0,0.0,0.0,0.0,0.0,14.0,16.0,8.0,0.0,0.0,0.0,0.0,0.0,7.0,13.0,14.0,0.0,0.0,0.0,0.0,0.0,0.0,4.0,16.0,4.0,0.0,0.0,0.0,3.0,9.0,13.0,16.0,12.0,5.0,0.0,0.0,3.0,15.0,16.0,16.0,16.0,16.0,1
0.0,0.0,7.0,16.0,14.0,13.0,10.0,0.0,0.0,0.0,10.0,12.0,10.0,16.0,4.0,0.0,0.0,0.0,15.0,5.0,8.0,13.0,0.0,0.0,0.0,1.0,7.0,1.0,16.0,3.0,0.0,0.0,0.0,2.0,11.0,13.0,16.0,12.0,6.0,0.0,0.0,4.0,12.0,15.0,14.0,11.0,2.0,0.0,0.0,0.0,3.0,16.0,3.0,0.0,0.0,0.0,0.0,0.0,9.0,13.0,0.0,0.0,0.0,0.0,7
0.0,0.0,0.0,15.0,16.0,16.0,12.0,4.0,0.0,0.0,4.0,14.0,0.0,10.0,12.0,0.0,0.0,0.0,8.0,7.0,1.0,15.0,4.0,0.0,0.0,0.0,0.0,0.0,8.0,12.0,0.0,0.0,0.0,0.0,1.0,8.0,14.0,12.0,3.0,0.0,0.0,0.0,6.0,13.0,16.0,13.0,2.0,0.0,0.0,0.0,0.0,10.0,10.0,0.0,0.0,0.0,0.0,0.0,2.0,16.0,2.0,0.0,0.0,0.0,7
0.0,1.0,10.0,16.0,15.0,1.0,0.0,0.0,0.0,3.0,15.0,10.0,16.0,4.0,0.0,0.0,0.0,0.0,1.0,11.0,15.0,0.0,0.0,0.0,0.0,0.0,12.0,16.0,15.0,3.0,0.0,0.0,0.0,0.0,0.0,1.0,11.0,15.0,1.0,0.0,0.0,8.0,3.0,0.0,3.0,16.0,7.0,0.0,0.0,13.0,15.0,6.0,8.0,16.0,6.0,0.0,0.0,0.0,12.0,16.0,16.0,7.0,0.0,0.0,3
0.0,3.0,16.0,16.0,16.0,2.0,0.0,0.0,0.0,4.0,14.0,10.0,5.0,0.0,0.0,0.0,0.0,6.0,16.0,16.0,10.0,3.0,0.0,0.0,0.0,4.0,15.0,12.0,14.0,13.0,0.0,0.0,0.0,0.0,2.0,0.0,1.0,15.0,8.0,0.0,0.0,0.0,0.0,0.0,0.0,8.0,13.0,0.0,0.0,3.0,16.0,10.0,7.0,9.0,16.0,0.0,0.0,3.0,13.0,15.0,16.0,16.0,8.0,0.0,5
0.0,0.0,10.0,9.0,0.0,0.0,0.0,0.0,0.0,0.0,8.0,16.0,2.0,0.0,0.0,0.0,0.0,0.0,8.0,16.0,6.0,0.0,0.0,0.0,0.0,0.0,5.0,16.0,13.0,1.0,0.0,0.0,0.0,0.0,1.0,5.0,14.0,6.0,0.0,0.0,0.0,0.0,0.0,0.0,8.0,11.0,0.0,0.0,0.0,0.0,8.0,12.0,9.0,16.0,6.0,4.0,0.0,0.0,7.0,16.0,16.0,16.0,16.0,14.0,1
0.0,3.0,15.0,16.0,7.0,0.0,0.0,0.0,0.0,12.0,13.0,11.0,16.0,0.0,0.0,0.0,0.0,12.0,5.0,4.0,16.0,0.0,0.0,0.0,0.0,0.0,0.0,3.0,16.0,4.0,0.0,0.0,0.0,0.0,0.0,6.0,16.0,3.0,0.0,0.0,0.0,0.0,0.0,11.0,16.0,0.0,0.0,0.0,0.0,1.0,12.0,16.0,14.0,8.0,5.0,0.0,0.0,2.0,13.0,16.0,16.0,16.0,16.0,2.0,2
0.0,0.0,7.0,16.0,16.0,16.0,8.0,0.0,0.0,0.0,10.0,12.0,10.0,16.0,2.0,0.0,0.0,0.0,13.0,6.0,7.0,13.0,0.0,0.0,0.0,0.0,10.0,1.0,13.0,5.0,0.0,0.0,0.0,0.0,9.0,10.0,16.0,8.0,3.0,0.0,0.0,1.0,12.0,15.0,16.0,16.0,5.0,0.0,0.0,0.0,1.0,16.0,2.0,3.0,0.0,0.0,0.0,0.0,9.0,14.0,0.0,0.0,0.0,0.0,7
0.0,0.0,7.0,14.0,12.0,1.0,0.0,0.0,0.0,7.0,14.0,5.0,8.0,10.0,0.0,0.0,0.0,8.0,11.0,1.0,7.0,10.0,0.0,0.0,0.0,1.0,9.0,16.0,15.0,4.0,0.0,0.0,0.0,0.0,1.0,14.0,14.0,12.0,0.0,0.0,0.0,0.0,7.0,11.0,0.0,12.0,7.0,0.0,0.0,0.0,11.0,5.0,0.0,11.0,8.0,0.0,0.0,0.0,4.0,14.0,16.0,12.0,1.0,0.0,8
0.0,1.0,13.0,16.0,7.0,0.0,0.0,0.0,0.0,5.0,16.0,12.0,15.0,3.0,0.0,0.0,0.0,0.0,9.0,6.0,15.0,9.0,0.0,0.0,0.0,0.0,0.0,0.0,14.0,10.0,0.0,0.0,0.0,0.0,0.0,0.0,14.0,11.0,0.0,0.0,0.0,0.0,0.0,8.0,16.0,4.0,1.0,0.0,0.0,0.0,9.0,16.0,16.0,6.0,16.0,5.0,0.0,0.0,8.0,12.0,13.0,16.0,16.0,11.0,2
0.0,0.0,3.0,12.0,9.0,0.0,0.0,0.0,0.0,0.0,12.0,12.0,11.0,13.0,0.0,0.0,0.0,2.0,15.0,2.0,0.0,12.0,5.0,0.0,0.0,4.0,8.0,0.0,0.0,6.0,8.0,0.0,0.0,8.0,7.0,0.0,0.0,4.0,8.0,0.0,0.0,7.0,7.0,0.0,0.0,9.0,7.0,0.0,0.0,3.0,13.0,4.0,7.0,16.0,2.0,0.0,0.0,0.0,6.0,16.0,15.0,5.0,0.0,0.0,0
0.0,0.0,8.0,6.0,0.0,0.0,0.0,0.0,0.0,0.0,6.0,14.0,0.0,0.0,0.0,0.0,0.0,0.0,6.0,16.0,3.0,0.0,0.0,0.0,0.0,0.0,10.0,16.0,9.0,0.0,0.0,0.0,0.0,0.0,1.0,6.0,16.0,2.0,0.0,0.0,0.0,0.0,0.0,0.0,13.0,7.0,0.0,0.0,0.0,0.0,4.0,8.0,14.0,14.0,8.0,4.0,0.0,0.0,9.0,16.0,16.0,16.0,16.0,13.0,1
0.0,0.0,11.0,16.0,7.0,0.0,0.0,0.0,0.0,1.0,16.0,11.0,15.0,0.0,0.0,0.0,0.0,2.0,16.0,5.0,16.0,4.0,0.0,0.0,0.0,0.0,2.0,2.0,16.0,3.0,0.0,0.0,0.0,0.0,0.0,5.0,16.0,0.0,0.0,0.0,0.0,0.0,0.0,9.0,14.0,0.0,0.0,0.0,0.0,0.0,9.0,16.0,14.0,7.0,6.0,0.0,0.0,0.0,13.0,14.0,14.0,16.0,16.0,6.0,2
0.0,0.0,2.0,12.0,9.0,0.0,0.0,0.0,0.0,0.0,12.0,10.0,1.0,0.0,0.0,0.0,0.0,4.0,14.0,0.0,0.0,0.0,0.0,0.0,0.0,8.0,9.0,0.0,0.0,0.0,0.0,0.0,0.0,8.0,9.0,5.0,11.0,8.0,0.0,0.0,0.0,4.0,16.0,14.0,6.0,12.0,5.0,0.0,0.0,0.0,13.0,7.0,0.0,10.0,8.0,0.0,0.0,0.0,3.0,14.0,16.0,16.0,5.0,0.0,6
0.0,0.0,8.0,15.0,11.0,1.0,0.0,0.0,0.0,0.0,10.0,4.0,10.0,6.0,0.0,0.0,0.0,0.0,0.0,1.0,13.0,6.0,0.0,0.0,0.0,0.0,0.0,15.0,16.0,2.0,0.0,0.0,0.0,0.0,0.0,4.0,8.0,15.0,1.0,0.0,0.0,1.0,1.0,0.0,0.0,9.0,7.0,0.0,0.0,4.0,13.0,5.0,3.0,10.0,8.0,0.0,0.0,0.0,7.0,14.0,16.0,15.0,2.0,0.0,3
0.0,0.0,8.0,12.0,13.0,5.0,0.0,0.0,0.0,4.0,13.0,4.0,9.0,11.0,0.0,0.0,0.0,0.0,0.0,6.0,13.0,4.0,0.0,0.0,0.0,0.0,0.0,10.0,15.0,4.0,0.0,0.0,0.0,0.0,0.0,0.0,4.0,15.0,2.0,0.0,0.0,7.0,8.0,0.0,0.0,12.0,7.0,0.0,0.0,8.0,9.0,1.0,3.0,16.0,3.0,0.0,0.0,0.0,10.0,16.0,16.0,6.0,0.0,0.0,3
0.0,0.0,4.0,15.0,16.0,16.0,16.0,1.0,0.0,0.0,10.0,13.0,8.0,15.0,8.0,0.0,0.0,0.0,14.0,5.0,3.0,16.0,2.0,0.0,0.0,0.0,1.0,0.0,12.0,11.0,0.0,0.0,0.0,0.0,2.0,5.0,16.0,9.0,1.0,0.0,0.0,0.0,15.0,16.0,16.0,14.0,3.0,0.0,0.0,0.0,1.0,15.0,9.0,0.0,0.0,0.0,0.0,0.0,7.0,14.0,2.0,0.0,0.0,0.0,7
0.0,0.0,1.0,14.0,16.0,8.0,0.0,0.0,0.0,0.0,2.0,10.0,5.0,14.0,0.0,0.0,0.0,0.0,0.0,2.0,7.0,15.0,0.0,0.0,0.0,0.0,0.0,6.0,16.0,10.0,0.0,0.0,0.0,0.0,0.0,0.0,3.0,14.0,4.0,0.0,0.0,0.0,13.0,0.0,0.0,4.0,12.0,0.0,0.0,0.0,13.0,6.0,4.0,8.0,13.0,0.0,0.0,0.0,0.0,12.0,16.0,15.0,6.0,0.0,3
0.0,0.0,7.0,16.0,12.0,1.0,0.0,0.0,0.0,0.0,16.0,11.0,16.0,8.0,0.0,0.0,0.0,0.0,3.0,9.0,16.0,6.0,0.0,0.0,0.0,0.0,0.0,13.0,16.0,15.0,1.0,0.0,0.0,0.0,1.0,2.0,5.0,14.0,8.0,0.0,0.0,5.0,14.0,0.0,0.0,9.0,15.0,0.0,0.0,4.0,16.0,7.0,6.0,13.0,14.0,0.0,0.0,0.0,7.0,16.0,16.0,16.0,4.0,0.0,3
0.0,0.0,0.0,0.0,10.0,0.0,0.0,0.0,0.0,0.0,0.0,10.0,8.0,0.0,8.0,0.0,0.0,0.0,4.0,13.0,2.0,2.0,14.0,0.0,0.0,2.0,14.0,12.0,7.0,8.0,10.0,0.0,0.0,9.0,16.0,16.0,16.0,16.0,7.0,0.0,0.0,0.0,0.0,0.0,5.0,15.0,1.0,0.0,0.0,0.0,0.0,0.0,8.0,12.0,0.0,0.0,0.0,0.0,0.0,0.0,16.0,8.0,0.0,0.0,4
0.0,0.0,1.0,9.0,13.0,1.0,0.0,0.0,0.0,1.0,12.0,14.0,5.0,0.0,0.0,0.0,0.0,2.0,16.0,5.0,0.0,0.0,0.0,0.0,0.0,5.0,15.0,0.0,3.0,0.0,0.0,0.0,0.0,3.0,16.0,16.0,16.0,15.0,3.0,0.0,0.0,2.0,16.0,11.0,1.0,9.0,11.0,0.0,0.0,0.0,11.0,13.0,6.0,12.0,11.0,0.0,0.0,0.0,0.0,6.0,16.0,15.0,2.0,0.0,6
0.0,0.0,2.0,14.0,10.0,0.0,0.0,0.0,0.0,0.0,12.0,10.0,0.0,0.0,0.0,0.0,0.0,2.0,15.0,2.0,0.0,0.0,0.0,0.0,0.0,7.0,12.0,1.0,4.0,6.0,0.0,0.0,0.0,7.0,16.0,16.0,15.0,15.0,8.0,0.0,0.0,0.0,16.0,13.0,0.0,4.0,12.0,0.0,0.0,0.0,10.0,12.0,4.0,8.0,15.0,0.0,0.0,0.0,2.0,11.0,16.0,15.0,5.0,0.0,6
0.0,0.0,1.0,11.0,10.0,0.0,0.0,0.0,0.0,0.0,13.0,10.0,0.0,0.0,0.0,0.0,0.0,3.0,13.0,0.0,0.0,0.0,0.0,0.0,0.0,5.0,11.0,0.0,0.0,0.0,0.0,0.0,0.0,5.0,14.0,12.0,12.0,7.0,0.0,0.0,0.0,0.0,16.0,12.0,5.0,11.0,10.0,0.0,0.0,0.0,10.0,11.0,4.0,10.0,12.0,0.0,0.0,0.0,1.0,12.0,16.0,12.0,3.0,0.0,6
0.0,0.0,0.0,3.0,16.0,2.0,0.0,0.0,0.0,0.0,0.0,10.0,13.0,3.0,8.0,0.0,0.0,0.0,1.0,16.0,5.0,9.0,16.0,0.0,0.0,2.0,12.0,14.0,5.0,15.0,9.0,0.0,0.0,12.0,16.0,16.0,16.0,16.0,7.0,0.0,0.0,5.0,5.0,6.0,14.0,16.0,0.0,0.0,0.0,0.0,0.0,1.0,13.0,12.0,0.0,0.0,0.0,0.0,0.0,3.0,16.0,4.0,0.0,0.0,4
0.0,0.0,5.0,15.0,14.0,3.0,0.0,0.0,0.0,2.0,14.0,7.0,4.0,13.0,0.0,0.0,0.0,2.0,15.0,5.0,5.0,16.0,1.0,0.0,0.0,0.0,7.0,15.0,16.0,16.0,3.0,0.0,0.0,0.0,0.0,1.0,3.0,7.0,10.0,0.0,0.0,0.0,0.0,0.0,0.0,2.0,14.0,0.0,0.0,0.0,8.0,9.0,4.0,2.0,16.0,1.0,0.0,0.0,4.0,11.0,13.0,16.0,11.0,0.0,9
0.0,0.0,5.0,15.0,2.0,0.0,0.0,0.0,0.0,0.0,1.0,16.0,8.0,0.0,0.0,0.0,0.0,0.0,0.0,14.0,12.0,0.0,0.0,0.0,0.0,0.0,2.0,16.0,16.0,3.0,0.0,0.0,0.0,0.0,2.0,9.0,14.0,6.0,0.0,0.0,0.0,0.0,0.0,0.0,6.0,13.0,0.0,0.0,0.0,0.0,2.0,10.0,12.0,16.0,4.0,4.0,0.0,0.0,4.0,15.0,16.0,16.0,16.0,16.0,1
0.0,0.0,12.0,12.0,14.0,15.0,1.0,0.0,0.0,1.0,15.0,11.0,6.0,5.0,0.0,0.0,0.0,6.0,15.0,12.0,4.0,0.0,0.0,0.0,0.0,6.0,11.0,8.0,13.0,6.0,0.0,0.0,0.0,0.0,0.0,0.0,1.0,13.0,0.0,0.0,0.0,0.0,0.0,0.0,0.0,9.0,3.0,0.0,0.0,2.0,6.0,1.0,6.0,14.0,3.0,0.0,0.0,1.0,11.0,16.0,13.0,8.0,0.0,0.0,5
0.0,0.0,8.0,14.0,11.0,2.0,0.0,0.0,0.0,6.0,16.0,7.0,6.0,13.0,1.0,0.0,0.0,8.0,11.0,0.0,0.0,10.0,4.0,0.0,0.0,7.0,8.0,0.0,0.0,5.0,7.0,0.0,0.0,8.0,4.0,0.0,0.0,7.0,8.0,0.0,0.0,2.0,10.0,0.0,0.0,7.0,10.0,0.0,0.0,0.0,14.0,3.0,4.0,15.0,3.0,0.0,0.0,0.0,5.0,16.0,16.0,7.0,0.0,0.0,0
0.0,0.0,8.0,16.0,11.0,1.0,0.0,0.0,0.0,0.0,14.0,2.0,5.0,9.0,0.0,0.0,0.0,0.0,14.0,1.0,5.0,12.0,0.0,0.0,0.0,0.0,6.0,16.0,16.0,14.0,1.0,0.0,0.0,0.0,0.0,3.0,7.0,10.0,7.0,0.0,0.0,0.0,0.0,0.0,0.0,4.0,12.0,0.0,0.0,0.0,6.0,1.0,0.0,2.0,14.0,0.0,0.0,0.0,9.0,16.0,16.0,16.0,12.0,0.0,9
0.0,0.0,12.0,9.0,9.0,8.0,1.0,0.0,0.0,2.0,15.0,8.0,8.0,8.0,2.0,0.0,0.0,8.0,12.0,8.0,5.0,0.0,0.0,0.0,0.0,8.0,15.0,9.0,14.0,9.0,0.0,0.0,0.0,2.0,1.0,0.0,1.0,14.0,3.0,0.0,0.0,0.0,0.0,0.0,0.0,6.0,11.0,0.0,0.0,1.0,8.0,4.0,5.0,14.0,9.0,0.0,0.0,1.0,11.0,16.0,12.0,7.0,0.0,0.0,5
0.0,1.0,14.0,16.0,12.0,0.0,0.0,0.0,0.0,5.0,16.0,9.0,16.0,6.0,0.0,0.0,0.0,3.0,11.0,0.0,14.0,9.0,0.0,0.0,0.0,0.0,0.0,0.0,10.0,10.0,0.0,0.0,0.0,0.0,0.0,0.0,14.0,10.0,0.0,0.0,0.0,0.0,0.0,10.0,16.0,5.0,0.0,0.0,0.0,2.0,15.0,16.0,14.0,8.0,12.0,2.0,0.0,0.0,11.0,16.0,16.0,16.0,15.0,5.0,2
0.0,0.0,5.0,12.0,16.0,15.0,2.0,0.0,0.0,6.0,15.0,9.0,10.0,15.0,4.0,0.0,0.0,3.0,14.0,3.0,1.0,14.0,4.0,0.0,0.0,0.0,10.0,16.0,15.0,13.0,1.0,0.0,0.0,0.0,6.0,15.0,15.0,10.0,0.0,0.0,0.0,0.0,15.0,3.0,2.0,15.0,3.0,0.0,0.0,0.0,16.0,8.0,1.0,14.0,4.0,0.0,0.0,0.0,4.0,15.0,16.0,11.0,2.0,0.0,8
0.0,0.0,13.0,16.0,11.0,0.0,0.0,0.0,0.0,2.0,16.0,11.0,16.0,4.0,0.0,0.0,0.0,0.0,14.0,9.0,15.0,9.0,0.0,0.0,0.0,0.0,0.0,2.0,16.0,8.0,0.0,0.0,0.0,0.0,0.0,4.0,16.0,4.0,0.0,0.0,0.0,0.0,0.0,9.0,16.0,1.0,0.0,0.0,0.0,0.0,9.0,16.0,15.0,8.0,11.0,5.0,0.0,0.0,9.0,12.0,13.0,16.0,16.0,11.0,2
0.0,0.0,10.0,10.0,12.0,7.0,0.0,0.0,0.0,0.0,15.0,13.0,5.0,12.0,5.0,0.0,0.0,4.0,13.0,4.0,0.0,2.0,8.0,0.0,0.0,8.0,4.0,0.0,0.0,3.0,8.0,0.0,0.0,8.0,4.0,0.0,0.0,7.0,5.0,0.0,0.0,6.0,6.0,0.0,0.0,11.0,2.0,0.0,0.0,1.0,13.0,3.0,3.0,12.0,0.0,0.0,0.0,0.0,7.0,15.0,16.0,7.0,0.0,0.0,0
0.0,0.0,10.0,7.0,3.0,0.0,0.0,0.0,0.0,1.0,15.0,12.0,14.0,6.0,0.0,0.0,0.0,5.0,12.0,0.0,2.0,13.0,0.0,0.0,0.0,4.0,12.0,0.0,0.0,4.0,7.0,0.0,0.0,8.0,5.0,0.0,0.0,4.0,8.0,0.0,0.0,5.0,8.0,0.0,0.0,5.0,10.0,0.0,0.0,0.0,14.0,3.0,4.0,14.0,6.0,0.0,0.0,0.0,7.0,16.0,16.0,10.0,0.0,0.0,0
0.0,0.0,8.0,11.0,0.0,0.0,0.0,0.0,0.0,0.0,7.0,16.0,3.0,0.0,0.0,0.0,0.0,0.0,6.0,16.0,10.0,0.0,0.0,0.0,0.0,0.0,10.0,16.0,15.0,1.0,0.0,0.0,0.0,0.0,0.0,2.0,16.0,2.0,0.0,0.0,0.0,0.0,0.0,0.0,15.0,9.0,0.0,0.0,0.0,0.0,6.0,12.0,16.0,15.0,8.0,5.0,0.0,0.0,4.0,15.0,16.0,16.0,16.0,16.0,1
0.0,0.0,3.0,16.0,12.0,12.0,7.0,0.0,0.0,0.0,12.0,13.0,13.0,16.0,6.0,0.0,0.0,0.0,2.0,0.0,6.0,14.0,0.0,0.0,0.0,0.0,1.0,4.0,13.0,10.0,1.0,0.0,0.0,0.0,9.0,16.0,16.0,16.0,8.0,0.0,0.0,0.0,4.0,12.0,12.0,7.0,1.0,0.0,0.0,0.0,0.0,14.0,6.0,0.0,0.0,0.0,0.0,0.0,4.0,16.0,2.0,0.0,0.0,0.0,7
0.0,0.0,1.0,12.0,9.0,0.0,0.0,0.0,0.0,0.0,11.0,10.0,2.0,0.0,0.0,0.0,0.0,4.0,14.0,0.0,0.0,0.0,0.0,0.0,0.0,5.0,9.0,0.0,0.0,0.0,0.0,0.0,0.0,8.0,10.0,11.0,16.0,14.0,1.0,0.0,0.0,2.0,16.0,10.0,3.0,7.0,11.0,0.0,0.0,0.0,13.0,8.0,1.0,8.0,12.0,0.0,0.0,0.0,2.0,12.0,16.0,15.0,5.0,0.0,6
0.0,0.0,3.0,15.0,16.0,12.0,0.0,0.0,0.0,0.0,6.0,16.0,6.0,14.0,6.0,0.0,0.0,0.0,0.0,3.0,1.0,15.0,6.0,0.0,0.0,0.0,0.0,1.0,14.0,16.0,3.0,0.0,0.0,5.0,8.0,2.0,13.0,16.0,3.0,0.0,0.0,5.0,16.0,0.0,0.0,9.0,13.0,0.0,0.0,1.0,15.0,11.0,8.0,12.0,16.0,1.0,0.0,0.0,3.0,14.0,16.0,16.0,9.0,0.0,3
0.0,3.0,15.0,15.0,3.0,0.0,0.0,0.0,0.0,8.0,14.0,12.0,10.0,0.0,0.0,0.0,0.0,5.0,11.0,6.0,14.0,0.0,0.0,0.0,0.0,0.0,0.0,7.0,14.0,0.0,0.0,0.0,0.0,0.0,0.0,10.0,12.0,0.0,0.0,0.0,0.0,0.0,0.0,15.0,9.0,0.0,0.0,0.0,0.0,1.0,11.0,16.0,12.0,8.0,5.0,0.0,0.0,5.0,16.0,16.0,16.0,16.0,16.0,0.0,2
0.0,0.0,11.0,10.0,0.0,0.0,0.0,0.0,0.0,0.0,13.0,15.0,0.0,0.0,0.0,0.0,0.0,0.0,12.0,16.0,5.0,0.0,0.0,0.0,0.0,1.0,15.0,16.0,5.0,0.0,0.0,0.0,0.0,0.0,3.0,13.0,10.0,0.0,0.0,0.0,0.0,0.0,0.0,10.0,14.0,0.0,0.0,0.0,0.0,0.0,5.0,11.0,16.0,9.0,5.0,1.0,0.0,0.0,12.0,16.0,16.0,16.0,16.0,12.0,1
0.0,0.0,0.0,4.0,15.0,2.0,0.0,0.0,0.0,0.0,0.0,13.0,13.0,0.0,0.0,0.0,0.0,0.0,3.0,16.0,6.0,0.0,10.0,1.0,0.0,0.0,12.0,12.0,1.0,7.0,15.0,1.0,0.0,5.0,16.0,3.0,0.0,14.0,10.0,0.0,2.0,16.0,13.0,8.0,8.0,16.0,3.0,0.0,8.0,16.0,16.0,16.0,16.0,13.0,0.0,0.0,0.0,0.0,0.0,7.0,16.0,6.0,0.0,0.0,4
0.0,0.0,0.0,6.0,14.0,3.0,0.0,0.0,0.0,0.0,5.0,15.0,7.0,1.0,0.0,0.0,0.0,0.0,10.0,10.0,0.0,0.0,0.0,0.0,0.0,0.0,12.0,5.0,0.0,0.0,0.0,0.0,0.0,0.0,14.0,16.0,16.0,11.0,2.0,0.0,0.0,2.0,16.0,13.0,3.0,8.0,12.0,0.0,0.0,0.0,8.0,15.0,5.0,4.0,16.0,2.0,0.0,0.0,0.0,4.0,14.0,16.0,13.0,0.0,6
0.0,0.0,6.0,14.0,13.0,3.0,0.0,0.0,0.0,0.0,12.0,2.0,3.0,14.0,0.0,0.0,0.0,0.0,0.0,0.0,8.0,13.0,0.0,0.0,0.0,0.0,0.0,12.0,16.0,3.0,0.0,0.0,0.0,0.0,0.0,0.0,8.0,13.0,1.0,0.0,0.0,1.0,7.0,0.0,0.0,7.0,11.0,0.0,0.0,3.0,13.0,2.0,0.0,7.0,13.0,0.0,0.0,0.0,5.0,14.0,14.0,15.0,6.0,0.0,3
0.0,0.0,10.0,13.0,1.0,0.0,0.0,0.0,0.0,0.0,7.0,16.0,5.0,0.0,0.0,0.0,0.0,0.0,6.0,16.0,6.0,0.0,0.0,0.0,0.0,0.0,6.0,16.0,13.0,0.0,0.0,0.0,0.0,0.0,0.0,6.0,16.0,2.0,0.0,0.0,0.0,0.0,0.0,3.0,16.0,8.0,0.0,0.0,0.0,0.0,7.0,11.0,16.0,14.0,9.0,4.0,0.0,0.0,6.0,15.0,13.0,14.0,16.0,15.0,1
0.0,0.0,2.0,15.0,16.0,9.0,0.0,0.0,0.0,0.0,3.0,13.0,11.0,16.0,0.0,0.0,0.0,0.0,0.0,2.0,13.0,12.0,0.0,0.0,0.0,0.0,0.0,9.0,16.0,11.0,0.0,0.0,0.0,3.0,3.0,1.0,6.0,15.0,8.0,0.0,0.0,11.0,13.0,0.0,0.0,10.0,12.0,0.0,0.0,3.0,16.0,12.0,7.0,16.0,8.0,0.0,0.0,0.0,3.0,15.0,16.0,10.0,0.0,0.0,3
0.0,0.0,3.0,13.0,13.0,3.0,0.0,0.0,0.0,0.0,12.0,7.0,3.0,13.0,0.0,0.0,0.0,0.0,16.0,0.0,5.0,12.0,0.0,0.0,0.0,0.0,10.0,13.0,14.0,16.0,2.0,0.0,0.0,0.0,1.0,7.0,6.0,13.0,4.0,0.0,0.0,1.0,4.0,0.0,0.0,5.0,11.0,0.0,0.0,2.0,14.0,6.0,2.0,9.0,11.0,0.0,0.0,0.0,4.0,10.0,16.0,16.0,4.0,0.0,9
0.0,0.0,2.0,13.0,1.0,0.0,0.0,0.0,0.0,0.0,0.0,15.0,6.0,0.0,0.0,0.0,0.0,0.0,0.0,15.0,10.0,0.0,0.0,0.0,0.0,0.0,0.0,13.0,16.0,1.0,0.0,0.0,0.0,0.0,0.0,6.0,15.0,6.0,0.0,0.0,0.0,0.0,0.0,0.0,12.0,9.0,0.0,0.0,0.0,0.0,5.0,12.0,14.0,16.0,9.0,2.0,0.0,0.0,2.0,12.0,12.0,12.0,13.0,8.0,1
0.0,0.0,4.0,15.0,14.0,12.0,11.0,0.0,0.0,0.0,7.0,15.0,13.0,16.0,10.0,0.0,0.0,0.0,10.0,7.0,6.0,16.0,2.0,0.0,0.0,0.0,7.0,1.0,12.0,12.0,0.0,0.0,0.0,0.0,5.0,8.0,16.0,12.0,1.0,0.0,0.0,4.0,16.0,16.0,16.0,14.0,2.0,0.0,0.0,0.0,0.0,15.0,9.0,1.0,0.0,0.0,0.0,0.0,5.0,15.0,2.0,0.0,0.0,0.0,7
0.0,0.0,0.0,5.0,12.0,12.0,0.0,0.0,0.0,0.0,5.0,16.0,6.0,1.0,0.0,0.0,0.0,0.0,15.0,5.0,0.0,0.0,0.0,0.0,0.0,5.0,13.0,2.0,7.0,4.0,0.0,0.0,0.0,7.0,15.0,16.0,13.0,15.0,3.0,0.0,0.0,3.0,16.0,9.0,0.0,1.0,12.0,0.0,0.0,0.0,10.0,12.0,2.0,6.0,13.0,0.0,0.0,0.0,0.0,8.0,15.0,16.0,5.0,0.0,6
0.0,0.0,3.0,11.0,16.0,15.0,0.0,0.0,0.0,0.0,15.0,16.0,5.0,13.0,0.0,0.0,0.0,2.0,16.0,9.0,0.0,12.0,0.0,0.0,0.0,1.0,9.0,15.0,10.0,10.0,0.0,0.0,0.0,0.0,0.0,6.0,16.0,12.0,1.0,0.0,0.0,0.0,2.0,14.0,2.0,16.0,5.0,0.0,0.0,0.0,8.0,10.0,1.0,14.0,4.0,0.0,0.0,0.0,3.0,15.0,16.0,9.0,0.0,0.0,8
0.0,0.0,0.0,1.0,15.0,3.0,0.0,0.0,0.0,0.0,0.0,8.0,13.0,0.0,9.0,7.0,0.0,0.0,2.0,15.0,4.0,0.0,15.0,5.0,0.0,2.0,13.0,14.0,11.0,10.0,15.0,0.0,0.0,11.0,15.0,13.0,16.0,16.0,10.0,0.0,0.0,0.0,0.0,0.0,3.0,16.0,5.0,0.0,0.0,0.0,0.0,0.0,9.0,14.0,0.0,0.0,0.0,0.0,0.0,2.0,16.0,6.0,0.0,0.0,4
0.0,0.0,9.0,15.0,14.0,2.0,0.0,0.0,0.0,0.0,9.0,3.0,9.0,8.0,0.0,0.0,0.0,0.0,0.0,0.0,6.0,10.0,0.0,0.0,0.0,0.0,0.0,10.0,15.0,2.0,0.0,0.0,0.0,0.0,2.0,10.0,11.0,15.0,2.0,0.0,0.0,3.0,1.0,0.0,0.0,14.0,4.0,0.0,0.0,10.0,13.0,7.0,2.0,12.0,4.0,0.0,0.0,0.0,7.0,14.0,16.0,10.0,0.0,0.0,3
0.0,0.0,1.0,14.0,2.0,0.0,0.0,0.0,0.0,0.0,0.0,16.0,5.0,0.0,0.0,0.0,0.0,0.0,0.0,14.0,10.0,0.0,0.0,0.0,0.0,0.0,0.0,11.0,16.0,1.0,0.0,0.0,0.0,0.0,0.0,3.0,14.0,6.0,0.0,0.0,0.0,0.0,0.0,0.0,8.0,12.0,0.0,0.0,0.0,0.0,10.0,14.0,13.0,16.0,8.0,3.0,0.0,0.0,2.0,11.0,12.0,15.0,16.0,15.0,1
0.0,0.0,0.0,1.0,15.0,2.0,0.0,0.0,0.0,0.0,0.0,5.0,15.0,0.0,4.0,0.0,0.0,0.0,0.0,13.0,8.0,1.0,16.0,3.0,0.0,0.0,5.0,15.0,2.0,5.0,15.0,0.0,0.0,5.0,15.0,16.0,16.0,16.0,8.0,0.0,0.0,14.0,12.0,12.0,14.0,16.0,2.0,0.0,0.0,0.0,0.0,0.0,12.0,12.0,0.0,0.0,0.0,0.0,0.0,2.0,16.0,5.0,0.0,0.0,4
0.0,0.0,6.0,16.0,12.0,1.0,0.0,0.0,0.0,3.0,16.0,5.0,9.0,13.0,0.0,0.0,0.0,5.0,12.0,0.0,0.0,12.0,6.0,0.0,0.0,8.0,14.0,2.0,0.0,7.0,8.0,0.0,0.0,7.0,12.0,2.0,0.0,4.0,8.0,0.0,0.0,4.0,12.0,0.0,0.0,9.0,7.0,0.0,0.0,3.0,16.0,5.0,7.0,14.0,2.0,0.0,0.0,0.0,7.0,16.0,13.0,3.0,0.0,0.0,0
0.0,3.0,10.0,11.0,12.0,12.0,6.0,0.0,0.0,8.0,14.0,11.0,8.0,8.0,4.0,0.0,0.0,8.0,10.0,7.0,3.0,0.0,0.0,0.0,0.0,8.0,16.0,14.0,15.0,4.0,0.0,0.0,0.0,2.0,2.0,0.0,6.0,9.0,0.0,0.0,0.0,0.0,0.0,0.0,4.0,12.0,0.0,0.0,0.0,1.0,8.0,4.0,10.0,10.0,0.0,0.0,0.0,2.0,15.0,16.0,13.0,2.0,0.0,0.0,5
0.0,0.0,14.0,16.0,15.0,3.0,0.0,0.0,0.0,0.0,6.0,5.0,13.0,8.0,0.0,0.0,0.0,0.0,0.0,8.0,16.0,5.0,0.0,0.0,0.0,0.0,0.0,11.0,16.0,10.0,0.0,0.0,0.0,1.0,3.0,0.0,4.0,15.0,8.0,0.0,0.0,6.0,15.0,0.0,0.0,9.0,15.0,0.0,0.0,5.0,16.0,5.0,6.0,14.0,14.0,0.0,0.0,1.0,11.0,16.0,16.0,14.0,2.0,0.0,3
0.0,0.0,2.0,14.0,5.0,0.0,0.0,0.0,0.0,0.0,9.0,12.0,0.0,0.0,0.0,0.0,0.0,1.0,15.0,1.0,0.0,0.0,0.0,0.0,0.0,3.0,15.0,0.0,0.0,0.0,0.0,0.0,0.0,6.0,16.0,16.0,16.0,13.0,1.0,0.0,0.0,2.0,16.0,8.0,4.0,7.0,11.0,0.0,0.0,0.0,12.0,11.0,1.0,8.0,11.0,0.0,0.0,0.0,3.0,12.0,16.0,15.0,4.0,0.0,6
0.0,1.0,12.0,16.0,10.0,1.0,0.0,0.0,0.0,8.0,12.0,3.0,11.0,8.0,0.0,0.0,0.0,12.0,13.0,6.0,12.0,8.0,0.0,0.0,0.0,3.0,15.0,16.0,16.0,16.0,1.0,0.0,0.0,0.0,0.0,0.0,0.0,13.0,6.0,0.0,0.0,0.0,0.0,0.0,0.0,6.0,11.0,0.0,0.0,0.0,13.0,0.0,0.0,5.0,12.0,0.0,0.0,0.0,12.0,16.0,16.0,16.0,8.0,0.0,9
0.0,0.0,0.0,12.0,4.0,0.0,0.0,0.0,0.0,0.0,6.0,14.0,1.0,0.0,0.0,0.0,0.0,0.0,14.0,2.0,0.0,0.0,0.0,0.0,0.0,2.0,14.0,1.0,4.0,2.0,0.0,0.0,0.0,4.0,16.0,15.0,12.0,15.0,5.0,0.0,0.0,3.0,16.0,6.0,0.0,5.0,11.0,0.0,0.0,0.0,9.0,11.0,4.0,13.0,5.0,0.0,0.0,0.0,1.0,11.0,16.0,9.0,0.0,0.0,6
0.0,0.0,11.0,10.0,0.0,0.0,0.0,0.0,0.0,0.0,11.0,15.0,0.0,0.0,0.0,0.0,0.0,0.0,11.0,16.0,5.0,0.0,0.0,0.0,0.0,0.0,13.0,16.0,11.0,0.0,0.0,0.0,0.0,0.0,2.0,7.0,16.0,2.0,0.0,0.0,0.0,0.0,0.0,2.0,14.0,6.0,0.0,0.0,0.0,0.0,6.0,10.0,15.0,13.0,8.0,3.0,0.0,0.0,8.0,16.0,16.0,16.0,16.0,12.0,1
0.0,0.0,4.0,15.0,16.0,13.0,13.0,10.0,0.0,0.0,12.0,13.0,10.0,15.0,14.0,2.0,0.0,2.0,16.0,6.0,2.0,14.0,6.0,0.0,0.0,1.0,5.0,0.0,9.0,11.0,0.0,0.0,0.0,0.0,7.0,12.0,16.0,14.0,6.0,0.0,0.0,0.0,8.0,15.0,15.0,11.0,2.0,0.0,0.0,0.0,2.0,16.0,8.0,0.0,0.0,0.0,0.0,0.0,7.0,15.0,4.0,0.0,0.0,0.0,7
0.0,0.0,9.0,12.0,12.0,12.0,6.0,0.0,0.0,1.0,14.0,6.0,4.0,4.0,2.0,0.0,0.0,4.0,15.0,12.0,9.0,1.0,0.0,0.0,0.0,4.0,15.0,8.0,11.0,11.0,0.0,0.0,0.0,0.0,1.0,0.0,0.0,14.0,4.0,0.0,0.0,0.0,0.0,0.0,0.0,10.0,8.0,0.0,0.0,0.0,10.0,1.0,0.0,8.0,8.0,0.0,0.0,0.0,9.0,16.0,16.0,15.0,4.0,0.0,5
0.0,0.0,0.0,6.0,16.0,0.0,0.0,0.0,0.0,0.0,0.0,12.0,13.0,0.0,0.0,0.0,0.0,0.0,5.0,15.0,3.0,6.0,15.0,0.0,0.0,1.0,14.0,11.0,0.0,13.0,13.0,0.0,0.0,10.0,16.0,13.0,12.0,16.0,5.0,0.0,0.0,11.0,12.0,12.0,16.0,14.0,2.0,0.0,0.0,0.0,0.0,3.0,16.0,9.0,0.0,0.0,0.0,0.0,0.0,8.0,16.0,3.0,0.0,0.0,4
0.0,0.0,0.0,9.0,13.0,0.0,0.0,0.0,0.0,0.0,2.0,16.0,8.0,0.0,7.0,1.0,0.0,0.0,10.0,13.0,1.0,6.0,16.0,5.0,0.0,6.0,16.0,11.0,8.0,14.0,15.0,0.0,0.0,13.0,16.0,16.0,16.0,16.0,9.0,0.0,0.0,2.0,2.0,0.0,11.0,16.0,1.0,0.0,0.0,0.0,0.0,4.0,16.0,7.0,0.0,0.0,0.0,0.0,0.0,9.0,15.0,2.0,0.0,0.0,4
0.0,0.0,6.0,16.0,16.0,16.0,12.0,0.0,0.0,0.0,13.0,10.0,8.0,16.0,5.0,0.0,0.0,1.0,15.0,1.0,9.0,12.0,0.0,0.0,0.0,0.0,4.0,0.0,13.0,7.0,0.0,0.0,0.0,0.0,10.0,16.0,16.0,16.0,9.0,0.0,0.0,0.0,7.0,14.0,12.0,8.0,3.0,0.0,0.0,0.0,3.0,15.0,5.0,0.0,0.0,0.0,0.0,0.0,8.0,15.0,0.0,0.0,0.0,0.0,7
0.0,0.0,8.0,12.0,5.0,0.0,0.0,0.0,0.0,3.0,16.0,8.0,12.0,1.0,0.0,0.0,0.0,0.0,14.0,0.0,12.0,3.0,0.0,0.0,0.0,0.0,3.0,0.0,12.0,3.0,0.0,0.0,0.0,0.0,0.0,3.0,14.0,0.0,0.0,0.0,0.0,0.0,0.0,5.0,12.0,0.0,0.0,0.0,0.0,0.0,5.0,16.0,6.0,4.0,4.0,0.0,0.0,0.0,14.0,16.0,16.0,16.0,14.0,0.0,2
0.0,0.0,10.0,16.0,8.0,0.0,0.0,0.0,0.0,7.0,13.0,4.0,14.0,7.0,0.0,0.0,0.0,7.0,13.0,2.0,7.0,8.0,0.0,0.0,0.0,0.0,7.0,16.0,16.0,5.0,0.0,0.0,0.0,1.0,12.0,13.0,15.0,6.0,0.0,0.0,0.0,3.0,16.0,2.0,4.0,13.0,6.0,0.0,0.0,4.0,16.0,4.0,1.0,11.0,12.0,0.0,0.0,0.0,7.0,15.0,16.0,14.0,2.0,0.0,8
0.0,0.0,9.0,16.0,7.0,0.0,0.0,0.0,0.0,0.0,14.0,13.0,16.0,2.0,0.0,0.0,0.0,0.0,7.0,9.0,15.0,8.0,0.0,0.0,0.0,0.0,0.0,1.0,13.0,9.0,0.0,0.0,0.0,0.0,0.0,0.0,14.0,7.0,0.0,0.0,0.0,0.0,0.0,4.0,16.0,5.0,0.0,0.0,0.0,0.0,7.0,16.0,16.0,8.0,6.0,0.0,0.0,0.0,9.0,15.0,12.0,16.0,16.0,9.0,2
0.0,3.0,15.0,16.0,8.0,0.0,0.0,0.0,0.0,9.0,16.0,11.0,15.0,2.0,0.0,0.0,0.0,11.0,10.0,4.0,16.0,2.0,0.0,0.0,0.0,2.0,4.0,6.0,16.0,1.0,0.0,0.0,0.0,0.0,0.0,10.0,13.0,0.0,0.0,0.0,0.0,0.0,2.0,14.0,13.0,0.0,0.0,0.0,0.0,3.0,16.0,16.0,16.0,16.0,13.0,1.0,0.0,3.0,16.0,12.0,8.0,12.0,11.0,1.0,2
0.0,0.0,7.0,12.0,13.0,4.0,0.0,0.0,0.0,0.0,16.0,6.0,6.0,2.0,0.0,0.0,0.0,4.0,13.0,7.0,8.0,2.0,0.0,0.0,0.0,7.0,16.0,10.0,10.0,14.0,1.0,0.0,0.0,2.0,2.0,0.0,0.0,10.0,6.0,0.0,0.0,0.0,0.0,0.0,0.0,8.0,8.0,0.0,0.0,0.0,11.0,1.0,0.0,10.0,8.0,0.0,0.0,0.0,8.0,15.0,15.0,15.0,2.0,0.0,5
0.0,0.0,4.0,16.0,8.0,11.0,7.0,0.0,0.0,0.0,10.0,16.0,15.0,16.0,6.0,0.0,0.0,3.0,16.0,4.0,6.0,15.0,0.0,0.0,0.0,3.0,8.0,0.0,13.0,8.0,0.0,0.0,0.0,0.0,6.0,16.0,16.0,13.0,6.0,0.0,0.0,0.0,3.0,14.0,13.0,9.0,3.0,0.0,0.0,0.0,0.0,14.0,6.0,0.0,0.0,0.0,0.0,0.0,4.0,15.0,2.0,0.0,0.0,0.0,7
0.0,0.0,6.0,12.0,13.0,2.0,0.0,0.0,0.0,3.0,16.0,6.0,1.0,15.0,0.0,0.0,0.0,5.0,16.0,13.0,12.0,16.0,2.0,0.0,0.0,2.0,13.0,16.0,12.0,15.0,4.0,0.0,0.0,0.0,0.0,0.0,0.0,8.0,8.0,0.0,0.0,0.0,1.0,0.0,0.0,8.0,8.0,0.0,0.0,3.0,16.0,2.0,0.0,10.0,7.0,0.0,0.0,0.0,5.0,11.0,16.0,13.0,1.0,0.0,9
0.0,2.0,16.0,16.0,16.0,16.0,4.0,0.0,0.0,4.0,16.0,6.0,8.0,7.0,1.0,0.0,0.0,4.0,16.0,7.0,2.0,0.0,0.0,0.0,0.0,4.0,16.0,16.0,16.0,6.0,0.0,0.0,0.0,0.0,5.0,4.0,10.0,15.0,0.0,0.0,0.0,0.0,0.0,0.0,1.0,14.0,6.0,0.0,0.0,2.0,14.0,4.0,4.0,16.0,8.0,0.0,0.0,3.0,13.0,16.0,16.0,15.0,1.0,0.0,5
0.0,0.0,0.0,9.0,13.0,0.0,6.0,8.0,0.0,0.0,3.0,15.0,3.0,0.0,15.0,9.0,0.0,1.0,13.0,12.0,4.0,7.0,15.0,3.0,0.0,7.0,16.0,16.0,16.0,16.0,10.0,0.0,0.0,6.0,12.0,10.0,14.0,14.0,2.0,0.0,0.0,0.0,0.0,0.0,13.0,10.0,0.0,0.0,0.0,0.0,0.0,6.0,16.0,2.0,0.0,0.0,0.0,0.0,0.0,12.0,11.0,0.0,0.0,0.0,4
0.0,0.0,0.0,10.0,9.0,0.0,0.0,0.0,0.0,0.0,5.0,15.0,0.0,0.0,9.0,5.0,0.0,0.0,14.0,10.0,0.0,7.0,16.0,4.0,0.0,5.0,16.0,7.0,5.0,16.0,6.0,0.0,0.0,11.0,16.0,16.0,16.0,14.0,0.0,0.0,0.0,3.0,4.0,11.0,16.0,8.0,0.0,0.0,0.0,0.0,0.0,7.0,16.0,2.0,0.0,0.0,0.0,0.0,0.0,12.0,12.0,0.0,0.0,0.0,4
0.0,0.0,11.0,14.0,5.0,0.0,0.0,0.0,0.0,6.0,12.0,4.0,13.0,4.0,0.0,0.0,0.0,10.0,10.0,0.0,4.0,14.0,0.0,0.0,0.0,7.0,13.0,5.0,13.0,16.0,2.0,0.0,0.0,1.0,10.0,12.0,12.0,14.0,8.0,0.0,0.0,0.0,0.0,0.0,0.0,7.0,12.0,0.0,0.0,0.0,1.0,0.0,0.0,1.0,15.0,0.0,0.0,0.0,11.0,8.0,4.0,5.0,16.0,1.0,9
0.0,0.0,9.0,13.0,16.0,5.0,0.0,0.0,0.0,3.0,16.0,8.0,4.0,13.0,0.0,0.0,0.0,6.0,10.0,1.0,0.0,9.0,2.0,0.0,0.0,5.0,4.0,0.0,0.0,4.0,8.0,0.0,0.0,8.0,4.0,0.0,0.0,4.0,8.0,0.0,0.0,6.0,6.0,0.0,0.0,4.0,9.0,0.0,0.0,0.0,13.0,2.0,0.0,7.0,8.0,0.0,0.0,0.0,8.0,12.0,13.0,15.0,2.0,0.0,0
0.0,0.0,2.0,11.0,14.0,8.0,1.0,0.0,0.0,3.0,14.0,9.0,8.0,13.0,4.0,0.0,0.0,6.0,11.0,1.0,4.0,14.0,1.0,0.0,0.0,0.0,9.0,14.0,15.0,6.0,0.0,0.0,0.0,0.0,0.0,12.0,14.0,10.0,0.0,0.0,0.0,0.0,4.0,12.0,2.0,13.0,5.0,0.0,0.0,0.0,4.0,11.0,1.0,11.0,8.0,0.0,0.0,0.0,1.0,9.0,16.0,14.0,2.0,0.0,8
0.0,1.0,11.0,13.0,10.0,1.0,0.0,0.0,0.0,8.0,12.0,3.0,13.0,10.0,0.0,0.0,0.0,8.0,11.0,2.0,11.0,16.0,1.0,0.0,0.0,1.0,15.0,16.0,16.0,16.0,2.0,0.0,0.0,0.0,2.0,8.0,3.0,9.0,6.0,0.0,0.0,0.0,0.0,0.0,0.0,7.0,9.0,0.0,0.0,2.0,12.0,3.0,0.0,9.0,12.0,0.0,0.0,1.0,9.0,15.0,16.0,13.0,3.0,0.0,9
0.0,0.0,8.0,16.0,15.0,6.0,0.0,0.0,0.0,5.0,14.0,4.0,4.0,15.0,0.0,0.0,0.0,6.0,13.0,0.0,1.0,15.0,2.0,0.0,0.0,1.0,11.0,11.0,13.0,10.0,0.0,0.0,0.0,0.0,1.0,16.0,16.0,3.0,0.0,0.0,0.0,0.0,12.0,9.0,5.0,13.0,2.0,0.0,0.0,0.0,16.0,2.0,1.0,13.0,8.0,0.0,0.0,0.0,8.0,15.0,16.0,14.0,1.0,0.0,8
0.0,0.0,3.0,12.0,12.0,2.0,0.0,0.0,0.0,0.0,11.0,10.0,7.0,14.0,2.0,0.0,0.0,0.0,11.0,1.0,0.0,8.0,4.0,0.0,0.0,2.0,14.0,2.0,0.0,5.0,7.0,0.0,0.0,8.0,9.0,0.0,0.0,6.0,8.0,0.0,0.0,3.0,13.0,0.0,0.0,12.0,7.0,0.0,0.0,0.0,15.0,6.0,11.0,12.0,0.0,0.0,0.0,0.0,4.0,15.0,11.0,1.0,0.0,0.0,0
0.0,0.0,5.0,12.0,12.0,9.0,3.0,0.0,0.0,0.0,8.0,16.0,16.0,16.0,4.0,0.0,0.0,0.0,9.0,16.0,16.0,14.0,1.0,0.0,0.0,0.0,11.0,16.0,16.0,12.0,0.0,0.0,0.0,0.0,12.0,16.0,16.0,12.0,0.0,0.0,0.0,0.0,11.0,16.0,16.0,12.0,0.0,0.0,0.0,0.0,4.0,16.0,16.0,12.0,0.0,0.0,0.0,0.0,6.0,12.0,12.0,6.0,0.0,0.0,1
0.0,1.0,15.0,16.0,4.0,0.0,0.0,0.0,0.0,9.0,16.0,11.0,14.0,0.0,0.0,0.0,0.0,12.0,10.0,5.0,16.0,0.0,0.0,0.0,0.0,4.0,7.0,8.0,13.0,0.0,0.0,0.0,0.0,0.0,1.0,15.0,6.0,0.0,0.0,0.0,0.0,0.0,5.0,16.0,2.0,0.0,0.0,0.0,0.0,4.0,15.0,14.0,10.0,11.0,12.0,1.0,0.0,0.0,13.0,16.0,16.0,15.0,11.0,1.0,2
0.0,0.0,6.0,12.0,13.0,9.0,0.0,0.0,0.0,7.0,14.0,6.0,7.0,16.0,3.0,0.0,0.0,4.0,6.0,5.0,14.0,6.0,0.0,0.0,0.0,0.0,0.0,12.0,14.0,4.0,0.0,0.0,0.0,0.0,0.0,0.0,3.0,14.0,2.0,0.0,0.0,0.0,0.0,0.0,0.0,9.0,7.0,0.0,0.0,0.0,3.0,1.0,0.0,9.0,8.0,0.0,0.0,0.0,5.0,14.0,12.0,13.0,2.0,0.0,3
0.0,0.0,0.0,8.0,14.0,0.0,0.0,0.0,0.0,0.0,5.0,16.0,7.0,1.0,9.0,3.0,0.0,2.0,15.0,12.0,0.0,13.0,16.0,4.0,0.0,9.0,16.0,10.0,10.0,16.0,11.0,0.0,0.0,4.0,15.0,16.0,16.0,14.0,1.0,0.0,0.0,0.0,0.0,1.0,15.0,9.0,0.0,0.0,0.0,0.0,0.0,5.0,16.0,3.0,0.0,0.0,0.0,0.0,0.0,11.0,14.0,0.0,0.0,0.0,4
0.0,1.0,8.0,15.0,16.0,16.0,9.0,0.0,0.0,8.0,16.0,12.0,8.0,8.0,5.0,0.0,0.0,8.0,14.0,7.0,0.0,0.0,0.0,0.0,0.0,9.0,16.0,16.0,12.0,0.0,0.0,0.0,0.0,8.0,13.0,8.0,16.0,3.0,0.0,0.0,0.0,0.0,0.0,1.0,16.0,4.0,0.0,0.0,0.0,0.0,0.0,8.0,15.0,1.0,0.0,0.0,0.0,0.0,12.0,15.0,5.0,0.0,0.0,0.0,5
0.0,0.0,5.0,13.0,1.0,0.0,0.0,0.0,0.0,0.0,12.0,13.0,1.0,0.0,0.0,0.0,0.0,0.0,16.0,3.0,0.0,0.0,0.0,0.0,0.0,3.0,16.0,0.0,0.0,0.0,0.0,0.0,0.0,3.0,16.0,16.0,14.0,9.0,0.0,0.0,0.0,2.0,16.0,8.0,3.0,8.0,9.0,0.0,0.0,0.0,14.0,2.0,0.0,3.0,16.0,1.0,0.0,0.0,6.0,15.0,16.0,14.0,5.0,0.0,6
0.0,0.0,6.0,12.0,10.0,14.0,8.0,0.0,0.0,0.0,15.0,14.0,13.0,16.0,3.0,0.0,0.0,1.0,12.0,0.0,9.0,11.0,0.0,0.0,0.0,0.0,0.0,4.0,16.0,8.0,2.0,0.0,0.0,0.0,9.0,16.0,16.0,16.0,9.0,0.0,0.0,0.0,2.0,15.0,6.0,0.0,0.0,0.0,0.0,0.0,3.0,15.0,1.0,0.0,0.0,0.0,0.0,0.0,8.0,11.0,0.0,0.0,0.0,0.0,7
0.0,0.0,7.0,15.0,16.0,8.0,0.0,0.0,0.0,0.0,16.0,7.0,6.0,15.0,3.0,0.0,0.0,4.0,16.0,0.0,7.0,13.0,4.0,0.0,0.0,0.0,16.0,2.0,8.0,14.0,8.0,0.0,0.0,0.0,12.0,14.0,14.0,7.0,0.0,0.0,0.0,0.0,9.0,16.0,6.0,0.0,0.0,0.0,0.0,0.0,11.0,3.0,14.0,2.0,0.0,0.0,0.0,0.0,5.0,11.0,10.0,10.0,0.0,0.0,8
0.0,1.0,11.0,16.0,11.0,1.0,0.0,0.0,0.0,6.0,11.0,16.0,16.0,7.0,0.0,0.0,0.0,1.0,2.0,9.0,16.0,11.0,0.0,0.0,0.0,2.0,14.0,12.0,16.0,12.0,0.0,0.0,0.0,0.0,3.0,8.0,4.0,13.0,4.0,0.0,0.0,0.0,0.0,0.0,0.0,10.0,8.0,0.0,0.0,0.0,4.0,12.0,16.0,14.0,6.0,0.0,0.0,0.0,14.0,8.0,4.0,0.0,0.0,0.0,9
0.0,0.0,2.0,14.0,9.0,1.0,0.0,0.0,0.0,1.0,12.0,12.0,11.0,8.0,0.0,0.0,0.0,4.0,14.0,1.0,0.0,13.0,3.0,0.0,0.0,8.0,13.0,0.0,0.0,10.0,6.0,0.0,0.0,5.0,16.0,1.0,0.0,8.0,9.0,0.0,0.0,0.0,16.0,0.0,0.0,11.0,9.0,0.0,0.0,0.0,13.0,11.0,10.0,15.0,4.0,0.0,0.0,0.0,3.0,15.0,16.0,5.0,0.0,0.0,0
0.0,0.0,6.0,10.0,8.0,3.0,0.0,0.0,0.0,0.0,6.0,16.0,16.0,9.0,0.0,0.0,0.0,0.0,9.0,16.0,16.0,6.0,0.0,0.0,0.0,0.0,7.0,16.0,16.0,10.0,0.0,0.0,0.0,0.0,11.0,16.0,16.0,8.0,0.0,0.0,0.0,0.0,7.0,16.0,16.0,9.0,0.0,0.0,0.0,0.0,10.0,16.0,16.0,6.0,0.0,0.0,0.0,0.0,4.0,9.0,12.0,11.0,2.0,0.0,1
0.0,0.0,8.0,15.0,15.0,2.0,0.0,0.0,0.0,2.0,16.0,13.0,12.0,10.0,0.0,0.0,0.0,3.0,15.0,1.0,9.0,11.0,0.0,0.0,0.0,0.0,0.0,1.0,15.0,8.0,0.0,0.0,0.0,0.0,0.0,10.0,13.0,1.0,0.0,0.0,0.0,0.0,8.0,16.0,7.0,0.0,0.0,0.0,0.0,6.0,16.0,16.0,13.0,7.0,6.0,1.0,0.0,0.0,7.0,5.0,12.0,16.0,15.0,2.0,2
0.0,0.0,7.0,13.0,16.0,5.0,0.0,0.0,0.0,6.0,15.0,7.0,6.0,14.0,0.0,0.0,0.0,9.0,5.0,1.0,10.0,9.0,0.0,0.0,0.0,0.0,0.0,8.0,16.0,5.0,0.0,0.0,0.0,0.0,0.0,1.0,6.0,15.0,1.0,0.0,0.0,0.0,0.0,0.0,0.0,1.0,12.0,0.0,0.0,0.0,4.0,5.0,2.0,5.0,13.0,0.0,0.0,0.0,6.0,12.0,16.0,14.0,5.0,0.0,3
0.0,0.0,0.0,6.0,15.0,1.0,0.0,0.0,0.0,0.0,5.0,16.0,10.0,0.0,8.0,6.0,0.0,2.0,16.0,11.0,0.0,9.0,16.0,6.0,0.0,8.0,16.0,14.0,14.0,16.0,13.0,1.0,0.0,6.0,12.0,12.0,12.0,16.0,3.0,0.0,0.0,0.0,0.0,0.0,13.0,11.0,0.0,0.0,0.0,0.0,0.0,6.0,16.0,5.0,0.0,0.0,0.0,0.0,0.0,10.0,14.0,0.0,0.0,0.0,4
0.0,1.0,7.0,15.0,16.0,16.0,14.0,0.0,0.0,10.0,16.0,11.0,6.0,3.0,1.0,0.0,0.0,7.0,16.0,16.0,12.0,0.0,0.0,0.0,0.0,8.0,16.0,12.0,16.0,4.0,0.0,0.0,0.0,1.0,4.0,0.0,13.0,8.0,0.0,0.0,0.0,0.0,0.0,0.0,15.0,8.0,0.0,0.0,0.0,0.0,0.0,7.0,16.0,2.0,0.0,0.0,0.0,0.0,13.0,15.0,5.0,0.0,0.0,0.0,5
0.0,0.0,2.0,12.0,1.0,0.0,0.0,0.0,0.0,0.0,11.0,12.0,0.0,0.0,0.0,0.0,0.0,2.0,16.0,4.0,0.0,0.0,0.0,0.0,0.0,6.0,16.0,10.0,10.0,5.0,0.0,0.0,0.0,5.0,16.0,15.0,12.0,14.0,6.0,0.0,0.0,4.0,16.0,3.0,0.0,8.0,12.0,0.0,0.0,0.0,14.0,9.0,4.0,11.0,13.0,0.0,0.0,0.0,3.0,14.0,16.0,12.0,3.0,0.0,6
0.0,0.0,3.0,15.0,16.0,16.0,12.0,0.0,0.0,0.0,12.0,12.0,7.0,16.0,6.0,0.0,0.0,4.0,12.0,0.0,9.0,13.0,0.0,0.0,0.0,0.0,1.0,1.0,13.0,7.0,0.0,0.0,0.0,0.0,8.0,13.0,16.0,16.0,6.0,0.0,0.0,0.0,12.0,15.0,12.0,6.0,1.0,0.0,0.0,0.0,0.0,15.0,5.0,0.0,0.0,0.0,0.0,0.0,3.0,16.0,2.0,0.0,0.0,0.0,7
0.0,0.0,14.0,16.0,8.0,0.0,0.0,0.0,0.0,0.0,16.0,4.0,13.0,8.0,8.0,0.0,0.0,0.0,12.0,7.0,12.0,14.0,5.0,0.0,0.0,0.0,4.0,15.0,16.0,5.0,0.0,0.0,0.0,0.0,0.0,14.0,14.0,0.0,0.0,0.0,0.0,0.0,8.0,10.0,11.0,2.0,0.0,0.0,0.0,0.0,13.0,0.0,12.0,3.0,0.0,0.0,0.0,0.0,14.0,15.0,12.0,1.0,0.0,0.0,8
0.0,0.0,12.0,15.0,13.0,2.0,0.0,0.0,0.0,1.0,16.0,5.0,5.0,13.0,0.0,0.0,0.0,1.0,7.0,13.0,0.0,8.0,4.0,0.0,0.0,6.0,11.0,13.0,13.0,15.0,4.0,0.0,0.0,1.0,9.0,12.0,12.0,13.0,1.0,0.0,0.0,0.0,0.0,0.0,0.0,11.0,6.0,0.0,0.0,0.0,0.0,0.0,0.0,5.0,14.0,0.0,0.0,0.0,10.0,13.0,12.0,15.0,6.0,0.0,9
0.0,0.0,3.0,12.0,7.0,0.0,0.0,0.0,0.0,0.0,14.0,12.0,12.0,4.0,0.0,0.0,0.0,2.0,14.0,0.0,1.0,13.0,0.0,0.0,0.0,1.0,12.0,0.0,0.0,7.0,5.0,0.0,0.0,2.0,13.0,0.0,0.0,2.0,10.0,0.0,0.0,0.0,15.0,3.0,0.0,3.0,14.0,0.0,0.0,0.0,7.0,12.0,8.0,11.0,12.0,0.0,0.0,0.0,2.0,11.0,16.0,11.0,2.0,0.0,0
0.0,0.0,3.0,13.0,10.0,1.0,0.0,0.0,0.0,0.0,3.0,16.0,16.0,4.0,0.0,0.0,0.0,0.0,1.0,16.0,16.0,2.0,0.0,0.0,0.0,0.0,6.0,16.0,16.0,1.0,0.0,0.0,0.0,0.0,4.0,16.0,16.0,1.0,0.0,0.0,0.0,0.0,4.0,16.0,16.0,3.0,0.0,0.0,0.0,0.0,7.0,16.0,16.0,0.0,0.0,0.0,0.0,0.0,2.0,14.0,16.0,5.0,0.0,0.0,1
0.0,0.0,13.0,16.0,13.0,1.0,0.0,0.0,0.0,6.0,16.0,10.0,15.0,5.0,0.0,0.0,0.0,3.0,15.0,0.0,11.0,9.0,0.0,0.0,0.0,0.0,4.0,0.0,12.0,8.0,0.0,0.0,0.0,0.0,0.0,0.0,15.0,8.0,0.0,0.0,0.0,0.0,0.0,8.0,16.0,4.0,0.0,0.0,0.0,0.0,5.0,16.0,16.0,13.0,10.0,1.0,0.0,0.0,13.0,16.0,16.0,16.0,16.0,9.0,2
0.0,0.0,6.0,14.0,16.0,11.0,0.0,0.0,0.0,6.0,14.0,7.0,4.0,16.0,4.0,0.0,0.0,7.0,7.0,0.0,5.0,16.0,2.0,0.0,0.0,0.0,0.0,14.0,16.0,5.0,0.0,0.0,0.0,0.0,0.0,4.0,13.0,11.0,0.0,0.0,0.0,0.0,0.0,0.0,0.0,11.0,8.0,0.0,0.0,0.0,0.0,2.0,4.0,10.0,12.0,0.0,0.0,0.0,9.0,16.0,16.0,11.0,3.0,0.0,3
0.0,0.0,0.0,8.0,16.0,0.0,0.0,0.0,0.0,0.0,3.0,16.0,8.0,0.0,0.0,0.0,0.0,1.0,13.0,12.0,0.0,4.0,13.0,1.0,0.0,6.0,16.0,9.0,7.0,15.0,10.0,0.0,0.0,9.0,16.0,16.0,16.0,15.0,2.0,0.0,0.0,0.0,4.0,1.0,14.0,10.0,0.0,0.0,0.0,0.0,0.0,3.0,16.0,5.0,0.0,0.0,0.0,0.0,0.0,11.0,13.0,0.0,0.0,0.0,4
0.0,0.0,5.0,10.0,14.0,16.0,11.0,0.0,0.0,2.0,15.0,15.0,5.0,4.0,1.0,0.0,0.0,2.0,16.0,9.0,4.0,1.0,0.0,0.0,0.0,2.0,16.0,16.0,16.0,11.0,0.0,0.0,0.0,2.0,9.0,1.0,0.0,14.0,4.0,0.0,0.0,0.0,0.0,0.0,1.0,14.0,3.0,0.0,0.0,0.0,0.0,2.0,13.0,7.0,0.0,0.0,0.0,0.0,7.0,14.0,7.0,0.0,0.0,0.0,5
0.0,0.0,1.0,9.0,15.0,1.0,0.0,0.0,0.0,0.0,9.0,14.0,4.0,0.0,0.0,0.0,0.0,0.0,16.0,3.0,0.0,0.0,0.0,0.0,0.0,6.0,13.0,0.0,0.0,0.0,0.0,0.0,0.0,4.0,14.0,12.0,16.0,13.0,3.0,0.0,0.0,2.0,15.0,13.0,4.0,3.0,13.0,0.0,0.0,0.0,9.0,8.0,2.0,4.0,16.0,1.0,0.0,0.0,0.0,9.0,12.0,12.0,8.0,0.0,6
0.0,0.0,5.0,12.0,16.0,12.0,4.0,0.0,0.0,1.0,12.0,7.0,5.0,16.0,5.0,0.0,0.0,2.0,9.0,0.0,8.0,9.0,0.0,0.0,0.0,0.0,2.0,3.0,12.0,1.0,0.0,0.0,0.0,4.0,12.0,14.0,15.0,12.0,4.0,0.0,0.0,5.0,4.0,16.0,1.0,0.0,0.0,0.0,0.0,0.0,1.0,12.0,0.0,0.0,0.0,0.0,0.0,0.0,3.0,12.0,0.0,0.0,0.0,0.0,7
0.0,2.0,15.0,12.0,1.0,0.0,0.0,0.0,0.0,4.0,16.0,13.0,13.0,0.0,0.0,0.0,0.0,0.0,14.0,3.0,15.0,12.0,5.0,0.0,0.0,0.0,5.0,16.0,16.0,11.0,0.0,0.0,0.0,2.0,13.0,13.0,14.0,2.0,0.0,0.0,0.0,5.0,13.0,0.0,6.0,8.0,0.0,0.0,0.0,4.0,11.0,0.0,1.0,15.0,0.0,0.0,0.0,2.0,12.0,16.0,16.0,7.0,0.0,0.0,8
0.0,0.0,9.0,13.0,6.0,0.0,0.0,0.0,0.0,0.0,14.0,7.0,11.0,3.0,0.0,0.0,0.0,4.0,7.0,8.0,5.0,8.0,0.0,0.0,0.0,8.0,10.0,15.0,14.0,9.0,0.0,0.0,0.0,0.0,4.0,7.0,9.0,13.0,1.0,0.0,0.0,0.0,0.0,0.0,0.0,5.0,11.0,0.0,0.0,0.0,2.0,0.0,2.0,12.0,6.0,0.0,0.0,0.0,10.0,14.0,14.0,7.0,0.0,0.0,9
0.0,0.0,5.0,15.0,9.0,0.0,0.0,0.0,0.0,0.0,15.0,6.0,11.0,6.0,0.0,0.0,0.0,7.0,9.0,0.0,0.0,14.0,0.0,0.0,0.0,5.0,9.0,0.0,0.0,8.0,6.0,0.0,0.0,4.0,13.0,0.0,0.0,4.0,8.0,0.0,0.0,1.0,16.0,0.0,0.0,4.0,11.0,0.0,0.0,0.0,15.0,7.0,5.0,16.0,4.0,0.0,0.0,0.0,2.0,15.0,15.0,5.0,0.0,0.0,0
0.0,0.0,12.0,14.0,6.0,0.0,0.0,0.0,0.0,2.0,16.0,7.0,13.0,10.0,0.0,0.0,0.0,0.0,16.0,2.0,1.0,13.0,4.0,0.0,0.0,0.0,9.0,13.0,8.0,16.0,2.0,0.0,0.0,0.0,6.0,16.0,16.0,13.0,0.0,0.0,0.0,0.0,0.0,2.0,3.0,16.0,0.0,0.0,0.0,0.0,1.0,6.0,13.0,10.0,0.0,0.0,0.0,0.0,13.0,9.0,8.0,2.0,0.0,0.0,9
0.0,0.0,8.0,15.0,16.0,16.0,6.0,0.0,0.0,2.0,16.0,11.0,5.0,0.0,0.0,0.0,0.0,3.0,16.0,5.0,0.0,0.0,0.0,0.0,0.0,5.0,16.0,16.0,13.0,0.0,0.0,0.0,0.0,10.0,13.0,6.0,15.0,5.0,0.0,0.0,0.0,3.0,1.0,0.0,11.0,8.0,0.0,0.0,0.0,0.0,0.0,6.0,16.0,4.0,0.0,0.0,0.0,0.0,9.0,16.0,8.0,0.0,0.0,0.0,5
0.0,0.0,6.0,11.0,16.0,16.0,3.0,0.0,0.0,5.0,16.0,15.0,5.0,0.0,0.0,0.0,0.0,11.0,16.0,15.0,2.0,0.0,0.0,0.0,0.0,12.0,15.0,12.0,12.0,0.0,0.0,0.0,0.0,2.0,1.0,4.0,16.0,0.0,0.0,0.0,0.0,0.0,0.0,0.0,16.0,4.0,0.0,0.0,0.0,0.0,0.0,2.0,16.0,3.0,0.0,0.0,0.0,0.0,5.0,16.0,13.0,0.0,0.0,0.0,5
0.0,0.0,0.0,6.0,13.0,3.0,0.0,0.0,0.0,0.0,1.0,14.0,11.0,0.0,0.0,0.0,0.0,0.0,7.0,15.0,2.0,0.0,0.0,0.0,0.0,0.0,10.0,12.0,0.0,0.0,0.0,0.0,0.0,0.0,13.0,15.0,16.0,13.0,5.0,0.0,0.0,0.0,10.0,16.0,5.0,11.0,14.0,0.0,0.0,0.0,7.0,15.0,5.0,10.0,14.0,0.0,0.0,0.0,0.0,3.0,14.0,16.0,9.0,0.0,6
0.0,0.0,7.0,16.0,16.0,16.0,6.0,0.0,0.0,0.0,12.0,13.0,5.0,1.0,0.0,0.0,0.0,0.0,15.0,7.0,1.0,0.0,0.0,0.0,0.0,3.0,16.0,16.0,13.0,0.0,0.0,0.0,0.0,11.0,15.0,5.0,16.0,4.0,0.0,0.0,0.0,5.0,3.0,1.0,16.0,3.0,0.0,0.0,0.0,0.0,0.0,11.0,12.0,0.0,0.0,0.0,0.0,0.0,7.0,15.0,1.0,0.0,0.0,0.0,5
0.0,0.0,0.0,12.0,6.0,0.0,0.0,0.0,0.0,0.0,8.0,15.0,13.0,4.0,0.0,0.0,0.0,5.0,16.0,6.0,3.0,12.0,0.0,0.0,0.0,7.0,14.0,1.0,0.0,11.0,5.0,0.0,0.0,3.0,14.0,0.0,0.0,7.0,10.0,0.0,0.0,1.0,14.0,2.0,0.0,9.0,9.0,0.0,0.0,0.0,9.0,11.0,6.0,15.0,5.0,0.0,0.0,0.0,0.0,10.0,16.0,11.0,0.0,0.0,0
0.0,0.0,10.0,13.0,9.0,1.0,0.0,0.0,0.0,2.0,16.0,7.0,10.0,8.0,0.0,0.0,0.0,0.0,12.0,12.0,7.0,11.0,0.0,0.0,0.0,3.0,16.0,16.0,16.0,7.0,0.0,0.0,0.0,0.0,5.0,8.0,12.0,10.0,1.0,0.0,0.0,0.0,0.0,0.0,0.0,11.0,7.0,0.0,0.0,0.0,0.0,0.0,0.0,3.0,15.0,0.0,0.0,0.0,11.0,16.0,16.0,16.0,8.0,0.0,9
0.0,1.0,13.0,14.0,2.0,0.0,0.0,0.0,0.0,7.0,14.0,9.0,5.0,0.0,0.0,0.0,0.0,6.0,13.0,3.0,12.0,6.0,4.0,0.0,0.0,1.0,14.0,12.0,14.0,16.0,4.0,0.0,0.0,0.0,2.0,16.0,16.0,7.0,0.0,0.0,0.0,0.0,11.0,14.0,8.0,13.0,0.0,0.0,0.0,4.0,16.0,4.0,2.0,14.0,2.0,0.0,0.0,1.0,12.0,14.0,13.0,6.0,0.0,0.0,8
0.0,0.0,5.0,15.0,14.0,3.0,0.0,0.0,0.0,0.0,12.0,7.0,2.0,12.0,0.0,0.0,0.0,0.0,16.0,3.0,0.0,12.0,1.0,0.0,0.0,0.0,12.0,11.0,10.0,15.0,0.0,0.0,0.0,0.0,2.0,10.0,15.0,13.0,1.0,0.0,0.0,0.0,0.0,0.0,0.0,14.0,4.0,0.0,0.0,0.0,0.0,6.0,12.0,15.0,2.0,0.0,0.0,0.0,7.0,13.0,4.0,0.0,0.0,0.0,9
0.0,0.0,4.0,15.0,16.0,6.0,0.0,0.0,0.0,0.0,13.0,11.0,11.0,15.0,0.0,0.0,0.0,0.0,15.0,13.0,15.0,16.0,7.0,0.0,0.0,0.0,7.0,16.0,16.0,11.0,2.0,0.0,0.0,0.0,5.0,15.0,16.0,2.0,0.0,0.0,0.0,0.0,16.0,9.0,12.0,11.0,0.0,0.0,0.0,2.0,16.0,6.0,8.0,16.0,0.0,0.0,0.0,0.0,7.0,14.0,13.0,8.0,0.0,0.0,8
0.0,0.0,0.0,3.0,16.0,5.0,0.0,0.0,0.0,0.0,3.0,14.0,10.0,0.0,9.0,11.0,0.0,1.0,13.0,11.0,0.0,2.0,15.0,8.0,0.0,7.0,16.0,9.0,11.0,16.0,15.0,1.0,0.0,6.0,15.0,13.0,12.0,16.0,9.0,0.0,0.0,0.0,0.0,0.0,8.0,15.0,2.0,0.0,0.0,0.0,0.0,1.0,15.0,7.0,0.0,0.0,0.0,0.0,0.0,5.0,15.0,2.0,0.0,0.0,4
0.0,0.0,6.0,15.0,12.0,5.0,0.0,0.0,0.0,0.0,8.0,16.0,16.0,13.0,1.0,0.0,0.0,0.0,8.0,16.0,16.0,12.0,0.0,0.0,0.0,0.0,8.0,16.0,16.0,10.0,0.0,0.0,0.0,0.0,16.0,16.0,16.0,5.0,0.0,0.0,0.0,5.0,16.0,16.0,16.0,1.0,0.0,0.0,0.0,3.0,15.0,16.0,16.0,2.0,0.0,0.0,0.0,0.0,10.0,16.0,15.0,3.0,0.0,0.0,1
0.0,0.0,5.0,10.0,11.0,13.0,12.0,0.0,0.0,2.0,14.0,8.0,8.0,13.0,10.0,0.0,0.0,1.0,6.0,0.0,4.0,13.0,0.0,0.0,0.0,0.0,0.0,1.0,15.0,2.0,0.0,0.0,0.0,0.0,0.0,11.0,15.0,8.0,1.0,0.0,0.0,2.0,15.0,15.0,8.0,7.0,0.0,0.0,0.0,1.0,9.0,12.0,0.0,0.0,0.0,0.0,0.0,0.0,7.0,11.0,0.0,0.0,0.0,0.0,7
0.0,0.0,2.0,15.0,16.0,15.0,0.0,0.0,0.0,0.0,12.0,9.0,11.0,12.0,0.0,0.0,0.0,5.0,15.0,0.0,13.0,7.0,0.0,0.0,0.0,5.0,6.0,3.0,14.0,5.0,2.0,0.0,0.0,0.0,0.0,9.0,16.0,16.0,9.0,0.0,0.0,0.0,7.0,16.0,9.0,2.0,0.0,0.0,0.0,0.0,1.0,15.0,3.0,0.0,0.0,0.0,0.0,0.0,3.0,16.0,0.0,0.0,0.0,0.0,7
0.0,0.0,7.0,14.0,15.0,7.0,0.0,0.0,0.0,6.0,16.0,8.0,7.0,16.0,4.0,0.0,0.0,11.0,6.0,1.0,10.0,14.0,1.0,0.0,0.0,1.0,0.0,4.0,16.0,6.0,0.0,0.0,0.0,0.0,0.0,2.0,11.0,13.0,1.0,0.0,0.0,0.0,0.0,0.0,0.0,11.0,7.0,0.0,0.0,0.0,3.0,4.0,8.0,14.0,3.0,0.0,0.0,0.0,10.0,13.0,12.0,4.0,0.0,0.0,3
0.0,1.0,9.0,16.0,16.0,15.0,3.0,0.0,0.0,8.0,16.0,12.0,8.0,8.0,3.0,0.0,0.0,6.0,16.0,9.0,3.0,0.0,0.0,0.0,0.0,8.0,16.0,16.0,16.0,4.0,0.0,0.0,0.0,3.0,6.0,4.0,13.0,11.0,0.0,0.0,0.0,0.0,0.0,0.0,8.0,13.0,0.0,0.0,0.0,0.0,5.0,8.0,15.0,10.0,0.0,0.0,0.0,0.0,11.0,16.0,11.0,1.0,0.0,0.0,5
0.0,0.0,2.0,16.0,10.0,0.0,0.0,0.0,0.0,0.0,4.0,16.0,16.0,5.0,0.0,0.0,0.0,0.0,8.0,16.0,16.0,3.0,0.0,0.0,0.0,0.0,9.0,16.0,16.0,3.0,0.0,0.0,0.0,0.0,8.0,16.0,16.0,3.0,0.0,0.0,0.0,0.0,8.0,16.0,16.0,1.0,0.0,0.0,0.0,0.0,5.0,16.0,14.0,0.0,0.0,0.0,0.0,0.0,1.0,12.0,16.0,3.0,0.0,0.0,1
0.0,0.0,0.0,10.0,11.0,1.0,0.0,0.0,0.0,0.0,1.0,15.0,8.0,8.0,0.0,0.0,0.0,5.0,4.0,10.0,0.0,12.0,0.0,0.0,0.0,7.0,8.0,10.0,0.0,7.0,5.0,0.0,0.0,6.0,10.0,0.0,0.0,2.0,9.0,0.0,0.0,1.0,13.0,0.0,0.0,2.0,11.0,0.0,0.0,0.0,6.0,11.0,4.0,10.0,11.0,0.0,0.0,0.0,0.0,9.0,15.0,14.0,5.0,0.0,0
0.0,2.0,0.0,8.0,9.0,0.0,0.0,0.0,0.0,13.0,5.0,14.0,8.0,7.0,0.0,0.0,0.0,12.0,5.0,2.0,0.0,9.0,0.0,0.0,0.0,7.0,5.0,0.0,0.0,3.0,5.0,0.0,0.0,3.0,10.0,0.0,0.0,2.0,10.0,0.0,0.0,1.0,13.0,0.0,0.0,1.0,12.0,0.0,0.0,0.0,5.0,13.0,5.0,9.0,13.0,0.0,0.0,0.0,0.0,9.0,16.0,16.0,7.0,0.0,0
0.0,0.0,6.0,16.0,13.0,12.0,14.0,1.0,0.0,0.0,14.0,4.0,4.0,15.0,4.0,0.0,0.0,1.0,7.0,0.0,10.0,7.0,0.0,0.0,0.0,0.0,0.0,2.0,13.0,1.0,0.0,0.0,0.0,2.0,9.0,14.0,16.0,12.0,0.0,0.0,0.0,4.0,6.0,15.0,2.0,4.0,1.0,0.0,0.0,0.0,6.0,7.0,0.0,0.0,0.0,0.0,0.0,0.0,10.0,4.0,0.0,0.0,0.0,0.0,7
0.0,0.0,9.0,16.0,6.0,0.0,0.0,0.0,0.0,3.0,16.0,1.0,16.0,10.0,8.0,0.0,0.0,0.0,15.0,6.0,16.0,8.0,0.0,0.0,0.0,0.0,3.0,16.0,11.0,0.0,0.0,0.0,0.0,0.0,1.0,14.0,12.0,0.0,0.0,0.0,0.0,0.0,6.0,9.0,11.0,2.0,0.0,0.0,0.0,0.0,12.0,1.0,13.0,0.0,0.0,0.0,0.0,0.0,12.0,14.0,3.0,0.0,0.0,0.0,8
0.0,0.0,11.0,16.0,15.0,3.0,0.0,0.0,0.0,5.0,16.0,12.0,11.0,13.0,0.0,0.0,0.0,3.0,13.0,1.0,5.0,15.0,0.0,0.0,0.0,0.0,0.0,0.0,12.0,11.0,0.0,0.0,0.0,0.0,0.0,1.0,16.0,7.0,0.0,0.0,0.0,0.0,0.0,10.0,15.0,0.0,0.0,0.0,0.0,0.0,12.0,16.0,16.0,11.0,1.0,0.0,0.0,0.0,13.0,13.0,8.0,13.0,16.0,8.0,2
0.0,0.0,6.0,16.0,15.0,5.0,0.0,0.0,0.0,1.0,16.0,14.0,8.0,15.0,1.0,0.0,0.0,9.0,13.0,1.0,0.0,12.0,6.0,0.0,0.0,5.0,9.0,0.0,0.0,9.0,10.0,0.0,0.0,6.0,9.0,0.0,0.0,9.0,11.0,0.0,0.0,7.0,16.0,1.0,0.0,11.0,11.0,0.0,0.0,3.0,16.0,11.0,13.0,16.0,8.0,0.0,0.0,0.0,8.0,16.0,16.0,12.0,1.0,0.0,0
0.0,0.0,0.0,14.0,14.0,9.0,0.0,0.0,0.0,0.0,4.0,16.0,16.0,10.0,0.0,0.0,0.0,0.0,13.0,16.0,15.0,2.0,0.0,0.0,0.0,1.0,15.0,16.0,11.0,0.0,0.0,0.0,0.0,7.0,16.0,16.0,5.0,0.0,0.0,0.0,0.0,3.0,16.0,16.0,7.0,0.0,0.0,0.0,0.0,0.0,16.0,16.0,8.0,0.0,0.0,0.0,0.0,0.0,3.0,12.0,12.0,0.0,0.0,0.0,1
0.0,0.0,9.0,16.0,14.0,0.0,0.0,0.0,0.0,0.0,16.0,8.0,13.0,7.0,0.0,0.0,0.0,0.0,12.0,0.0,8.0,8.0,0.0,0.0,0.0,0.0,0.0,0.0,12.0,8.0,0.0,0.0,0.0,0.0,0.0,0.0,16.0,5.0,0.0,0.0,0.0,0.0,0.0,9.0,13.0,0.0,0.0,0.0,0.0,0.0,10.0,16.0,15.0,10.0,9.0,1.0,0.0,0.0,12.0,14.0,13.0,16.0,16.0,5.0,2
0.0,0.0,1.0,14.0,16.0,8.0,0.0,0.0,0.0,0.0,10.0,16.0,11.0,4.0,0.0,0.0,0.0,0.0,1.0,11.0,1.0,0.0,0.0,0.0,0.0,1.0,12.0,3.0,0.0,0.0,0.0,0.0,0.0,2.0,16.0,14.0,13.0,8.0,1.0,0.0,0.0,3.0,16.0,16.0,13.0,16.0,8.0,0.0,0.0,0.0,12.0,16.0,7.0,15.0,12.0,0.0,0.0,0.0,1.0,13.0,16.0,16.0,8.0,0.0,6
0.0,0.0,11.0,16.0,16.0,10.0,0.0,0.0,1.0,14.0,16.0,9.0,11.0,16.0,1.0,0.0,1.0,14.0,3.0,0.0,12.0,14.0,0.0,0.0,0.0,0.0,0.0,6.0,16.0,7.0,0.0,0.0,0.0,0.0,0.0,0.0,8.0,16.0,5.0,0.0,0.0,0.0,0.0,0.0,0.0,12.0,10.0,0.0,0.0,0.0,2.0,4.0,5.0,14.0,13.0,0.0,0.0,0.0,11.0,16.0,16.0,16.0,4.0,0.0,3
0.0,0.0,9.0,16.0,16.0,15.0,4.0,0.0,0.0,8.0,16.0,9.0,7.0,14.0,11.0,0.0,0.0,5.0,5.0,1.0,13.0,15.0,1.0,0.0,0.0,0.0,0.0,10.0,16.0,7.0,0.0,0.0,0.0,0.0,0.0,1.0,11.0,16.0,4.0,0.0,0.0,0.0,0.0,0.0,0.0,14.0,8.0,0.0,0.0,0.0,3.0,4.0,6.0,16.0,4.0,0.0,0.0,0.0,14.0,16.0,16.0,8.0,0.0,0.0,3
0.0,0.0,10.0,16.0,13.0,12.0,15.0,5.0,0.0,4.0,16.0,8.0,12.0,16.0,6.0,0.0,0.0,6.0,12.0,2.0,16.0,7.0,0.0,0.0,0.0,1.0,5.0,9.0,14.0,1.0,0.0,0.0,0.0,1.0,7.0,16.0,12.0,2.0,0.0,0.0,0.0,8.0,16.0,16.0,12.0,5.0,0.0,0.0,0.0,1.0,11.0,10.0,0.0,0.0,0.0,0.0,0.0,0.0,14.0,6.0,0.0,0.0,0.0,0.0,7
0.0,1.0,13.0,16.0,16.0,10.0,0.0,0.0,0.0,8.0,15.0,8.0,15.0,15.0,0.0,0.0,0.0,3.0,8.0,5.0,16.0,6.0,0.0,0.0,0.0,0.0,0.0,4.0,16.0,9.0,0.0,0.0,0.0,0.0,0.0,0.0,6.0,16.0,5.0,0.0,0.0,0.0,0.0,0.0,0.0,5.0,16.0,0.0,0.0,0.0,8.0,6.0,6.0,13.0,12.0,0.0,0.0,1.0,15.0,16.0,16.0,14.0,3.0,0.0,3
0.0,1.0,12.0,16.0,16.0,9.0,0.0,0.0,0.0,11.0,15.0,9.0,7.0,16.0,3.0,0.0,0.0,13.0,3.0,1.0,10.0,15.0,1.0,0.0,0.0,0.0,0.0,11.0,16.0,8.0,0.0,0.0,0.0,0.0,0.0,5.0,15.0,16.0,5.0,0.0,0.0,0.0,0.0,0.0,0.0,10.0,13.0,0.0,0.0,0.0,7.0,4.0,8.0,15.0,9.0,0.0,0.0,0.0,13.0,16.0,16.0,12.0,1.0,0.0,3
0.0,0.0,1.0,14.0,11.0,0.0,0.0,0.0,0.0,0.0,9.0,15.0,2.0,0.0,4.0,0.0,0.0,2.0,16.0,6.0,0.0,7.0,16.0,2.0,0.0,8.0,16.0,6.0,6.0,16.0,12.0,0.0,0.0,5.0,16.0,16.0,16.0,15.0,3.0,0.0,0.0,0.0,1.0,4.0,16.0,8.0,0.0,0.0,0.0,0.0,0.0,9.0,16.0,1.0,0.0,0.0,0.0,0.0,0.0,15.0,16.0,0.0,0.0,0.0,4
0.0,0.0,1.0,14.0,6.0,0.0,0.0,0.0,0.0,0.0,7.0,15.0,1.0,0.0,0.0,0.0,0.0,0.0,13.0,7.0,0.0,0.0,0.0,0.0,0.0,0.0,13.0,5.0,0.0,0.0,0.0,0.0,0.0,0.0,14.0,7.0,5.0,4.0,1.0,0.0,0.0,0.0,10.0,16.0,13.0,14.0,14.0,0.0,0.0,0.0,9.0,14.0,1.0,4.0,16.0,3.0,0.0,0.0,1.0,12.0,13.0,16.0,9.0,1.0,6
0.0,0.0,0.0,7.0,11.0,0.0,0.0,0.0,0.0,0.0,1.0,16.0,10.0,0.0,0.0,0.0,0.0,0.0,7.0,11.0,0.0,0.0,0.0,0.0,0.0,0.0,11.0,8.0,1.0,1.0,0.0,0.0,0.0,0.0,12.0,16.0,16.0,15.0,5.0,0.0,0.0,0.0,14.0,11.0,0.0,1.0,15.0,0.0,0.0,0.0,6.0,11.0,1.0,3.0,14.0,2.0,0.0,0.0,0.0,8.0,16.0,16.0,7.0,0.0,6
0.0,0.0,0.0,13.0,13.0,0.0,0.0,0.0,0.0,0.0,7.0,16.0,3.0,0.0,0.0,0.0,0.0,0.0,12.0,11.0,0.0,0.0,0.0,0.0,0.0,0.0,14.0,6.0,0.0,0.0,0.0,0.0,0.0,1.0,16.0,12.0,16.0,11.0,3.0,0.0,0.0,2.0,16.0,15.0,9.0,9.0,15.0,2.0,0.0,0.0,11.0,12.0,1.0,3.0,16.0,6.0,0.0,0.0,1.0,13.0,16.0,16.0,15.0,1.0,6
0.0,0.0,3.0,15.0,7.0,0.0,0.0,0.0,0.0,3.0,15.0,11.0,1.0,1.0,7.0,0.0,0.0,8.0,16.0,2.0,0.0,13.0,15.0,0.0,0.0,8.0,16.0,13.0,14.0,16.0,5.0,0.0,0.0,0.0,8.0,9.0,15.0,13.0,0.0,0.0,0.0,0.0,0.0,8.0,16.0,2.0,0.0,0.0,0.0,0.0,0.0,12.0,12.0,0.0,0.0,0.0,0.0,0.0,3.0,16.0,4.0,0.0,0.0,0.0,4
0.0,0.0,7.0,12.0,11.0,1.0,0.0,0.0,0.0,0.0,12.0,10.0,5.0,14.0,0.0,0.0,0.0,6.0,13.0,13.0,3.0,15.0,0.0,0.0,0.0,8.0,9.0,11.0,16.0,8.0,0.0,0.0,0.0,1.0,11.0,10.0,9.0,11.0,1.0,0.0,0.0,0.0,0.0,0.0,0.0,13.0,6.0,0.0,0.0,0.0,0.0,0.0,0.0,10.0,12.0,0.0,0.0,0.0,8.0,12.0,16.0,13.0,2.0,0.0,9
0.0,0.0,0.0,15.0,12.0,1.0,0.0,0.0,0.0,0.0,5.0,16.0,16.0,6.0,0.0,0.0,0.0,0.0,2.0,16.0,16.0,3.0,0.0,0.0,0.0,0.0,2.0,16.0,16.0,1.0,0.0,0.0,0.0,0.0,6.0,16.0,13.0,0.0,0.0,0.0,0.0,0.0,1.0,16.0,16.0,2.0,0.0,0.0,0.0,0.0,3.0,16.0,15.0,3.0,0.0,0.0,0.0,0.0,0.0,15.0,16.0,1.0,0.0,0.0,1
0.0,0.0,0.0,8.0,16.0,16.0,7.0,0.0,0.0,0.0,15.0,16.0,10.0,8.0,1.0,0.0,0.0,3.0,16.0,12.0,5.0,0.0,0.0,0.0,0.0,8.0,16.0,16.0,16.0,3.0,0.0,0.0,0.0,8.0,11.0,2.0,13.0,9.0,0.0,0.0,0.0,0.0,0.0,0.0,11.0,13.0,0.0,0.0,0.0,0.0,0.0,0.0,12.0,11.0,0.0,0.0,0.0,0.0,0.0,11.0,14.0,2.0,0.0,0.0,5
0.0,0.0,5.0,16.0,8.0,0.0,0.0,0.0,0.0,0.0,10.0,5.0,12.0,6.0,0.0,0.0,0.0,4.0,14.0,0.0,2.0,13.0,0.0,0.0,0.0,4.0,10.0,0.0,0.0,9.0,8.0,0.0,0.0,5.0,8.0,0.0,0.0,8.0,8.0,0.0,0.0,2.0,11.0,0.0,0.0,9.0,6.0,0.0,0.0,0.0,15.0,6.0,8.0,15.0,1.0,0.0,0.0,0.0,4.0,13.0,12.0,3.0,0.0,0.0,0
0.0,1.0,12.0,15.0,10.0,2.0,0.0,0.0,0.0,4.0,14.0,1.0,6.0,12.0,2.0,0.0,0.0,7.0,15.0,0.0,1.0,14.0,4.0,0.0,0.0,3.0,15.0,12.0,15.0,10.0,0.0,0.0,0.0,0.0,3.0,15.0,1.0,0.0,0.0,0.0,0.0,0.0,0.0,3.0,13.0,1.0,0.0,0.0,0.0,0.0,0.0,0.0,10.0,6.0,0.0,0.0,0.0,0.0,11.0,12.0,13.0,4.0,0.0,0.0,9
0.0,1.0,12.0,16.0,16.0,16.0,4.0,0.0,0.0,4.0,16.0,10.0,4.0,1.0,1.0,0.0,0.0,6.0,13.0,0.0,0.0,0.0,0.0,0.0,0.0,6.0,16.0,12.0,5.0,0.0,0.0,0.0,0.0,7.0,11.0,11.0,15.0,0.0,0.0,0.0,0.0,0.0,0.0,4.0,16.0,2.0,0.0,0.0,0.0,0.0,2.0,13.0,10.0,0.0,0.0,0.0,0.0,2.0,16.0,11.0,0.0,0.0,0.0,0.0,5
0.0,0.0,10.0,16.0,8.0,0.0,0.0,0.0,0.0,4.0,16.0,13.0,16.0,3.0,0.0,0.0,0.0,0.0,12.0,1.0,11.0,6.0,0.0,0.0,0.0,0.0,0.0,0.0,12.0,8.0,0.0,0.0,0.0,0.0,0.0,0.0,14.0,5.0,0.0,0.0,0.0,0.0,0.0,7.0,16.0,6.0,4.0,0.0,0.0,0.0,5.0,16.0,16.0,16.0,16.0,4.0,0.0,0.0,11.0,15.0,9.0,8.0,6.0,0.0,2
0.0,1.0,14.0,14.0,6.0,0.0,0.0,0.0,0.0,2.0,16.0,1.0,14.0,2.0,0.0,0.0,0.0,0.0,10.0,7.0,10.0,6.0,4.0,0.0,0.0,0.0,1.0,12.0,16.0,14.0,5.0,0.0,0.0,0.0,3.0,14.0,16.0,4.0,0.0,0.0,0.0,1.0,15.0,5.0,6.0,12.0,0.0,0.0,0.0,4.0,10.0,0.0,1.0,15.0,0.0,0.0,0.0,1.0,12.0,12.0,12.0,5.0,0.0,0.0,8
0.0,1.0,11.0,16.0,16.0,10.0,0.0,0.0,0.0,8.0,16.0,11.0,7.0,16.0,1.0,0.0,0.0,7.0,11.0,0.0,5.0,16.0,2.0,0.0,0.0,0.0,2.0,0.0,7.0,14.0,0.0,0.0,0.0,0.0,0.0,0.0,11.0,12.0,0.0,0.0,0.0,0.0,0.0,3.0,16.0,6.0,0.0,0.0,0.0,0.0,5.0,15.0,16.0,11.0,6.0,0.0,0.0,0.0,14.0,16.0,13.0,13.0,16.0,5.0,2
0.0,0.0,2.0,14.0,14.0,6.0,0.0,0.0,0.0,0.0,10.0,15.0,11.0,15.0,2.0,0.0,0.0,3.0,16.0,3.0,0.0,12.0,6.0,0.0,0.0,3.0,9.0,0.0,0.0,9.0,10.0,0.0,0.0,10.0,11.0,0.0,0.0,8.0,12.0,0.0,0.0,7.0,16.0,1.0,0.0,11.0,13.0,0.0,0.0,0.0,15.0,14.0,12.0,15.0,10.0,0.0,0.0,0.0,3.0,14.0,16.0,13.0,5.0,0.0,0
0.0,0.0,5.0,15.0,13.0,2.0,0.0,0.0,0.0,1.0,15.0,11.0,8.0,13.0,0.0,0.0,0.0,5.0,14.0,0.0,0.0,14.0,5.0,0.0,0.0,9.0,16.0,1.0,0.0,7.0,9.0,0.0,0.0,9.0,13.0,0.0,0.0,5.0,14.0,0.0,0.0,6.0,16.0,2.0,0.0,5.0,15.0,0.0,0.0,2.0,14.0,11.0,5.0,14.0,12.0,0.0,0.0,0.0,5.0,15.0,16.0,15.0,3.0,0.0,0
0.0,0.0,4.0,15.0,12.0,2.0,0.0,0.0,0.0,0.0,9.0,16.0,14.0,2.0,0.0,0.0,0.0,0.0,12.0,16.0,15.0,0.0,0.0,0.0,0.0,0.0,11.0,16.0,12.0,1.0,0.0,0.0,0.0,0.0,9.0,16.0,14.0,0.0,0.0,0.0,0.0,0.0,10.0,16.0,12.0,0.0,0.0,0.0,0.0,0.0,9.0,16.0,14.0,0.0,0.0,0.0,0.0,0.0,4.0,12.0,12.0,0.0,0.0,0.0,1
0.0,0.0,10.0,15.0,8.0,13.0,6.0,0.0,0.0,0.0,13.0,14.0,14.0,15.0,2.0,0.0,0.0,1.0,15.0,0.0,13.0,7.0,0.0,0.0,0.0,2.0,7.0,9.0,16.0,13.0,13.0,0.0,0.0,0.0,10.0,16.0,11.0,7.0,2.0,0.0,0.0,0.0,4.0,16.0,2.0,0.0,0.0,0.0,0.0,0.0,7.0,13.0,0.0,0.0,0.0,0.0,0.0,0.0,12.0,4.0,0.0,0.0,0.0,0.0,7
0.0,0.0,0.0,9.0,15.0,2.0,0.0,0.0,0.0,0.0,5.0,16.0,11.0,1.0,0.0,0.0,0.0,0.0,13.0,15.0,1.0,0.0,0.0,0.0,0.0,2.0,16.0,11.0,0.0,0.0,0.0,0.0,0.0,2.0,16.0,11.0,4.0,4.0,0.0,0.0,0.0,2.0,15.0,16.0,16.0,14.0,10.0,1.0,0.0,0.0,9.0,16.0,7.0,3.0,15.0,6.0,0.0,0.0,0.0,7.0,15.0,16.0,16.0,6.0,6
0.0,1.0,10.0,14.0,13.0,4.0,0.0,0.0,0.0,12.0,11.0,5.0,8.0,14.0,0.0,0.0,0.0,8.0,3.0,2.0,12.0,8.0,0.0,0.0,0.0,0.0,3.0,15.0,15.0,4.0,0.0,0.0,0.0,0.0,1.0,4.0,7.0,14.0,5.0,0.0,0.0,0.0,0.0,0.0,0.0,7.0,12.0,0.0,0.0,0.0,0.0,0.0,1.0,11.0,11.0,0.0,0.0,0.0,12.0,16.0,16.0,9.0,1.0,0.0,3
0.0,1.0,15.0,16.0,10.0,0.0,0.0,0.0,0.0,7.0,15.0,10.0,16.0,0.0,0.0,0.0,0.0,4.0,12.0,1.0,16.0,4.0,0.0,0.0,0.0,0.0,2.0,3.0,16.0,1.0,0.0,0.0,0.0,0.0,0.0,4.0,15.0,0.0,0.0,0.0,0.0,0.0,0.0,11.0,12.0,0.0,0.0,0.0,0.0,0.0,11.0,16.0,14.0,14.0,15.0,3.0,0.0,1.0,15.0,16.0,16.0,16.0,16.0,5.0,2
0.0,0.0,3.0,15.0,12.0,2.0,0.0,0.0,0.0,0.0,1.0,16.0,16.0,6.0,0.0,0.0,0.0,0.0,4.0,16.0,16.0,2.0,0.0,0.0,0.0,0.0,3.0,16.0,16.0,6.0,0.0,0.0,0.0,0.0,4.0,16.0,16.0,0.0,0.0,0.0,0.0,0.0,1.0,15.0,16.0,6.0,0.0,0.0,0.0,0.0,4.0,16.0,16.0,4.0,0.0,0.0,0.0,0.0,4.0,16.0,16.0,6.0,0.0,0.0,1
0.0,0.0,11.0,8.0,4.0,13.0,16.0,3.0,0.0,2.0,16.0,16.0,16.0,14.0,9.0,1.0,0.0,4.0,13.0,6.0,16.0,4.0,0.0,0.0,0.0,0.0,2.0,15.0,10.0,0.0,0.0,0.0,0.0,5.0,13.0,16.0,14.0,12.0,2.0,0.0,0.0,8.0,15.0,15.0,12.0,12.0,2.0,0.0,0.0,0.0,15.0,9.0,0.0,0.0,0.0,0.0,0.0,0.0,16.0,7.0,0.0,0.0,0.0,0.0,7
0.0,0.0,0.0,9.0,12.0,0.0,0.0,0.0,0.0,0.0,4.0,16.0,5.0,0.0,1.0,0.0,0.0,2.0,14.0,9.0,0.0,5.0,15.0,1.0,0.0,8.0,16.0,9.0,12.0,16.0,9.0,0.0,0.0,5.0,16.0,13.0,13.0,13.0,0.0,0.0,0.0,0.0,0.0,1.0,15.0,7.0,0.0,0.0,0.0,0.0,0.0,4.0,16.0,1.0,0.0,0.0,0.0,0.0,0.0,12.0,12.0,0.0,0.0,0.0,4
0.0,0.0,1.0,13.0,2.0,0.0,0.0,0.0,0.0,0.0,8.0,15.0,1.0,0.0,0.0,0.0,0.0,0.0,14.0,7.0,0.0,0.0,0.0,0.0,0.0,0.0,14.0,6.0,0.0,0.0,0.0,0.0,0.0,0.0,16.0,5.0,9.0,9.0,3.0,0.0,0.0,0.0,12.0,16.0,13.0,9.0,14.0,1.0,0.0,0.0,8.0,15.0,0.0,1.0,14.0,5.0,0.0,0.0,1.0,11.0,16.0,16.0,13.0,1.0,6
0.0,1.0,10.0,15.0,16.0,11.0,0.0,0.0,0.0,8.0,11.0,4.0,7.0,14.0,0.0,0.0,0.0,7.0,1.0,2.0,13.0,7.0,0.0,0.0,0.0,0.0,0.0,10.0,16.0,6.0,0.0,0.0,0.0,0.0,0.0,0.0,1.0,14.0,5.0,0.0,0.0,0.0,0.0,0.0,0.0,7.0,9.0,0.0,0.0,0.0,2.0,0.0,3.0,11.0,7.0,0.0,0.0,0.0,15.0,16.0,16.0,7.0,0.0,0.0,3
0.0,0.0,13.0,14.0,10.0,2.0,0.0,0.0,0.0,0.0,6.0,16.0,16.0,16.0,0.0,0.0,0.0,0.0,0.0,16.0,16.0,16.0,4.0,0.0,0.0,0.0,4.0,16.0,16.0,14.0,2.0,0.0,0.0,0.0,8.0,16.0,16.0,7.0,0.0,0.0,0.0,3.0,15.0,16.0,16.0,4.0,0.0,0.0,0.0,1.0,16.0,16.0,14.0,1.0,0.0,0.0,0.0,0.0,14.0,16.0,13.0,3.0,0.0,0.0,1
0.0,0.0,3.0,11.0,14.0,12.0,3.0,0.0,0.0,2.0,13.0,10.0,4.0,10.0,12.0,0.0,0.0,2.0,11.0,2.0,0.0,9.0,9.0,0.0,0.0,0.0,0.0,3.0,10.0,10.0,1.0,0.0,0.0,0.0,7.0,16.0,16.0,2.0,0.0,0.0,0.0,0.0,3.0,0.0,14.0,3.0,0.0,0.0,0.0,0.0,0.0,1.0,13.0,2.0,0.0,0.0,0.0,3.0,7.0,14.0,5.0,0.0,0.0,0.0,3
0.0,0.0,11.0,12.0,2.0,0.0,0.0,0.0,0.0,0.0,15.0,8.0,13.0,2.0,0.0,0.0,0.0,0.0,7.0,11.0,9.0,9.0,0.0,0.0,0.0,4.0,12.0,12.0,16.0,7.0,0.0,0.0,0.0,2.0,10.0,12.0,9.0,12.0,1.0,0.0,0.0,0.0,0.0,0.0,0.0,7.0,11.0,0.0,0.0,0.0,0.0,0.0,0.0,0.0,16.0,2.0,0.0,0.0,6.0,12.0,12.0,13.0,11.0,0.0,9
0.0,0.0,1.0,11.0,14.0,5.0,0.0,0.0,0.0,0.0,0.0,15.0,16.0,11.0,0.0,0.0,0.0,0.0,5.0,16.0,16.0,8.0,0.0,0.0,0.0,0.0,5.0,16.0,16.0,5.0,0.0,0.0,0.0,0.0,4.0,16.0,16.0,3.0,0.0,0.0,0.0,0.0,9.0,16.0,16.0,2.0,0.0,0.0,0.0,0.0,8.0,16.0,14.0,0.0,0.0,0.0,0.0,0.0,2.0,13.0,16.0,9.0,0.0,0.0,1
0.0,0.0,4.0,13.0,16.0,16.0,7.0,0.0,0.0,0.0,15.0,10.0,7.0,16.0,1.0,0.0,0.0,7.0,12.0,0.0,12.0,7.0,0.0,0.0,0.0,9.0,5.0,3.0,16.0,2.0,0.0,0.0,0.0,2.0,11.0,16.0,16.0,12.0,7.0,0.0,0.0,5.0,10.0,16.0,12.0,8.0,3.0,0.0,0.0,0.0,3.0,15.0,2.0,0.0,0.0,0.0,0.0,0.0,6.0,14.0,0.0,0.0,0.0,0.0,7
0.0,0.0,0.0,13.0,6.0,0.0,0.0,0.0,0.0,0.0,5.0,16.0,8.0,0.0,0.0,0.0,0.0,0.0,11.0,8.0,0.0,0.0,0.0,0.0,0.0,0.0,13.0,4.0,0.0,0.0,0.0,0.0,0.0,0.0,14.0,15.0,16.0,14.0,5.0,0.0,0.0,0.0,13.0,7.0,0.0,0.0,13.0,1.0,0.0,0.0,10.0,6.0,0.0,5.0,14.0,0.0,0.0,0.0,2.0,13.0,12.0,15.0,4.0,0.0,6
0.0,0.0,10.0,15.0,8.0,0.0,0.0,0.0,0.0,0.0,16.0,4.0,11.0,3.0,5.0,0.0,0.0,0.0,14.0,5.0,7.0,10.0,7.0,0.0,0.0,0.0,4.0,13.0,12.0,11.0,0.0,0.0,0.0,0.0,2.0,14.0,12.0,0.0,0.0,0.0,0.0,1.0,14.0,7.0,12.0,4.0,0.0,0.0,0.0,7.0,10.0,0.0,3.0,12.0,0.0,0.0,0.0,1.0,10.0,11.0,12.0,10.0,0.0,0.0,8
0.0,0.0,0.0,8.0,12.0,0.0,0.0,0.0,0.0,0.0,5.0,16.0,3.0,0.0,2.0,0.0,0.0,1.0,16.0,5.0,1.0,10.0,15.0,1.0,0.0,9.0,16.0,4.0,9.0,16.0,7.0,0.0,0.0,7.0,16.0,16.0,16.0,7.0,0.0,0.0,0.0,0.0,2.0,8.0,16.0,2.0,0.0,0.0,0.0,0.0,0.0,10.0,13.0,0.0,0.0,0.0,0.0,0.0,0.0,12.0,10.0,0.0,0.0,0.0,4
0.0,1.0,12.0,16.0,13.0,7.0,0.0,0.0,0.0,12.0,11.0,4.0,4.0,15.0,0.0,0.0,0.0,8.0,3.0,0.0,6.0,14.0,2.0,0.0,0.0,0.0,0.0,9.0,16.0,8.0,0.0,0.0,0.0,0.0,0.0,1.0,5.0,13.0,3.0,0.0,0.0,0.0,0.0,0.0,0.0,7.0,8.0,0.0,0.0,0.0,0.0,0.0,0.0,9.0,10.0,0.0,0.0,0.0,10.0,10.0,13.0,14.0,1.0,0.0,3
0.0,0.0,1.0,12.0,11.0,1.0,0.0,0.0,0.0,0.0,1.0,16.0,16.0,4.0,0.0,0.0,0.0,0.0,3.0,16.0,15.0,2.0,0.0,0.0,0.0,0.0,9.0,16.0,12.0,0.0,0.0,0.0,0.0,0.0,12.0,16.0,5.0,0.0,0.0,0.0,0.0,0.0,14.0,16.0,6.0,0.0,0.0,0.0,0.0,0.0,9.0,16.0,8.0,0.0,0.0,0.0,0.0,0.0,2.0,11.0,13.0,1.0,0.0,0.0,1
0.0,0.0,0.0,9.0,11.0,0.0,0.0,0.0,0.0,0.0,5.0,15.0,1.0,0.0,0.0,0.0,0.0,2.0,16.0,4.0,0.0,3.0,9.0,0.0,0.0,7.0,14.0,0.0,1.0,14.0,12.0,0.0,0.0,9.0,16.0,12.0,14.0,15.0,1.0,0.0,0.0,0.0,6.0,8.0,15.0,6.0,0.0,0.0,0.0,0.0,0.0,4.0,16.0,1.0,0.0,0.0,0.0,0.0,0.0,9.0,13.0,0.0,0.0,0.0,4
0.0,0.0,5.0,15.0,12.0,1.0,0.0,0.0,0.0,0.0,8.0,8.0,6.0,12.0,0.0,0.0,0.0,2.0,5.0,0.0,0.0,12.0,2.0,0.0,0.0,4.0,14.0,0.0,0.0,8.0,6.0,0.0,0.0,7.0,11.0,0.0,0.0,9.0,7.0,0.0,0.0,3.0,13.0,0.0,0.0,12.0,3.0,0.0,0.0,0.0,16.0,5.0,9.0,14.0,1.0,0.0,0.0,0.0,5.0,15.0,11.0,4.0,0.0,0.0,0
0.0,1.0,13.0,16.0,16.0,11.0,0.0,0.0,0.0,10.0,16.0,7.0,0.0,0.0,0.0,0.0,0.0,5.0,15.0,4.0,0.0,0.0,0.0,0.0,0.0,2.0,16.0,14.0,5.0,0.0,0.0,0.0,0.0,3.0,15.0,16.0,16.0,3.0,0.0,0.0,0.0,0.0,1.0,0.0,11.0,11.0,0.0,0.0,0.0,0.0,1.0,5.0,15.0,9.0,0.0,0.0,0.0,0.0,13.0,16.0,13.0,1.0,0.0,0.0,5
0.0,1.0,13.0,16.0,16.0,12.0,1.0,0.0,0.0,12.0,15.0,6.0,12.0,16.0,3.0,0.0,0.0,13.0,10.0,10.0,16.0,9.0,0.0,0.0,0.0,0.0,5.0,16.0,15.0,4.0,0.0,0.0,0.0,0.0,0.0,2.0,10.0,14.0,1.0,0.0,0.0,0.0,0.0,0.0,1.0,16.0,7.0,0.0,0.0,0.0,3.0,1.0,5.0,16.0,9.0,0.0,0.0,1.0,14.0,16.0,16.0,11.0,1.0,0.0,3
0.0,0.0,2.0,14.0,15.0,3.0,0.0,0.0,0.0,0.0,7.0,16.0,11.0,0.0,0.0,0.0,0.0,0.0,13.0,15.0,1.0,0.0,0.0,0.0,0.0,1.0,16.0,11.0,0.0,0.0,0.0,0.0,0.0,2.0,16.0,9.0,0.0,0.0,0.0,0.0,0.0,2.0,16.0,16.0,16.0,9.0,0.0,0.0,0.0,0.0,13.0,16.0,10.0,16.0,7.0,0.0,0.0,0.0,3.0,15.0,16.0,16.0,4.0,0.0,6
0.0,0.0,12.0,16.0,15.0,6.0,0.0,0.0,0.0,0.0,15.0,12.0,7.0,15.0,1.0,0.0,0.0,1.0,15.0,15.0,7.0,16.0,4.0,0.0,0.0,1.0,12.0,16.0,16.0,14.0,1.0,0.0,0.0,0.0,0.0,4.0,10.0,13.0,0.0,0.0,0.0,0.0,0.0,0.0,1.0,15.0,3.0,0.0,0.0,0.0,3.0,0.0,2.0,16.0,6.0,0.0,0.0,0.0,13.0,16.0,16.0,15.0,1.0,0.0,9
0.0,0.0,1.0,10.0,7.0,0.0,0.0,0.0,0.0,0.0,6.0,13.0,0.0,0.0,0.0,0.0,0.0,0.0,13.0,5.0,0.0,0.0,0.0,0.0,0.0,2.0,16.0,1.0,5.0,2.0,0.0,0.0,0.0,3.0,16.0,15.0,11.0,9.0,5.0,0.0,0.0,2.0,16.0,6.0,0.0,2.0,14.0,0.0,0.0,0.0,10.0,10.0,1.0,5.0,15.0,0.0,0.0,0.0,1.0,12.0,15.0,14.0,6.0,0.0,6
0.0,0.0,3.0,16.0,12.0,2.0,0.0,0.0,0.0,0.0,6.0,16.0,16.0,3.0,0.0,0.0,0.0,0.0,9.0,16.0,16.0,0.0,0.0,0.0,0.0,0.0,9.0,16.0,16.0,1.0,0.0,0.0,0.0,0.0,9.0,16.0,16.0,0.0,0.0,0.0,0.0,0.0,9.0,16.0,13.0,0.0,0.0,0.0,0.0,0.0,7.0,16.0,13.0,0.0,0.0,0.0,0.0,0.0,3.0,14.0,16.0,3.0,0.0,0.0,1
0.0,0.0,11.0,16.0,12.0,12.0,16.0,7.0,0.0,3.0,16.0,9.0,8.0,16.0,10.0,0.0,0.0,1.0,10.0,0.0,6.0,14.0,2.0,0.0,0.0,0.0,1.0,8.0,15.0,15.0,11.0,0.0,0.0,0.0,12.0,16.0,15.0,7.0,2.0,0.0,0.0,0.0,4.0,13.0,7.0,0.0,0.0,0.0,0.0,0.0,4.0,16.0,3.0,0.0,0.0,0.0,0.0,0.0,12.0,12.0,0.0,0.0,0.0,0.0,7
0.0,0.0,2.0,10.0,16.0,12.0,0.0,0.0,0.0,2.0,15.0,14.0,8.0,1.0,0.0,0.0,0.0,2.0,16.0,4.0,0.0,0.0,0.0,0.0,0.0,6.0,16.0,14.0,13.0,3.0,0.0,0.0,0.0,10.0,16.0,7.0,11.0,12.0,0.0,0.0,0.0,0.0,1.0,0.0,4.0,16.0,0.0,0.0,0.0,0.0,0.0,0.0,7.0,16.0,2.0,0.0,0.0,0.0,2.0,14.0,16.0,8.0,0.0,0.0,5
0.0,0.0,0.0,5.0,14.0,0.0,0.0,0.0,0.0,0.0,1.0,15.0,5.0,0.0,0.0,0.0,0.0,0.0,11.0,9.0,0.0,0.0,3.0,0.0,0.0,4.0,14.0,1.0,0.0,8.0,15.0,0.0,0.0,10.0,14.0,12.0,13.0,16.0,6.0,0.0,0.0,5.0,12.0,9.0,11.0,15.0,0.0,0.0,0.0,0.0,0.0,0.0,11.0,9.0,0.0,0.0,0.0,0.0,0.0,4.0,14.0,1.0,0.0,0.0,4
0.0,0.0,0.0,11.0,8.0,0.0,0.0,0.0,0.0,0.0,8.0,15.0,2.0,0.0,2.0,1.0,0.0,2.0,16.0,5.0,0.0,4.0,16.0,3.0,0.0,5.0,16.0,8.0,11.0,16.0,9.0,0.0,0.0,4.0,15.0,14.0,13.0,16.0,2.0,0.0,0.0,0.0,0.0,0.0,10.0,10.0,0.0,0.0,0.0,0.0,0.0,3.0,16.0,3.0,0.0,0.0,0.0,0.0,0.0,9.0,11.0,0.0,0.0,0.0,4
0.0,0.0,8.0,16.0,14.0,15.0,0.0,0.0,0.0,0.0,13.0,11.0,15.0,11.0,0.0,0.0,0.0,4.0,14.0,1.0,13.0,5.0,0.0,0.0,0.0,3.0,7.0,8.0,16.0,4.0,3.0,0.0,0.0,0.0,14.0,16.0,16.0,13.0,7.0,0.0,0.0,0.0,5.0,13.0,2.0,0.0,0.0,0.0,0.0,0.0,6.0,10.0,0.0,0.0,0.0,0.0,0.0,0.0,10.0,6.0,0.0,0.0,0.0,0.0,7
0.0,2.0,15.0,15.0,3.0,0.0,0.0,0.0,0.0,11.0,15.0,11.0,12.0,0.0,0.0,0.0,0.0,8.0,10.0,0.0,16.0,0.0,0.0,0.0,0.0,1.0,3.0,2.0,16.0,0.0,0.0,0.0,0.0,0.0,0.0,4.0,12.0,0.0,0.0,0.0,0.0,0.0,1.0,12.0,9.0,0.0,0.0,0.0,0.0,0.0,14.0,16.0,13.0,13.0,15.0,3.0,0.0,2.0,13.0,14.0,12.0,12.0,8.0,1.0,2
0.0,0.0,9.0,14.0,14.0,3.0,0.0,0.0,0.0,4.0,13.0,1.0,4.0,11.0,0.0,0.0,0.0,1.0,14.0,1.0,11.0,7.0,6.0,0.0,0.0,0.0,15.0,13.0,9.0,12.0,3.0,0.0,0.0,0.0,1.0,14.0,14.0,0.0,0.0,0.0,0.0,0.0,5.0,14.0,12.0,0.0,0.0,0.0,0.0,0.0,12.0,1.0,9.0,5.0,0.0,0.0,0.0,0.0,11.0,12.0,13.0,3.0,0.0,0.0,8
0.0,0.0,5.0,16.0,15.0,3.0,0.0,0.0,0.0,0.0,13.0,15.0,14.0,7.0,0.0,0.0,0.0,0.0,13.0,4.0,13.0,8.0,0.0,0.0,0.0,0.0,0.0,0.0,16.0,5.0,0.0,0.0,0.0,0.0,0.0,7.0,16.0,0.0,0.0,0.0,0.0,0.0,6.0,15.0,9.0,0.0,0.0,0.0,0.0,2.0,16.0,16.0,16.0,9.0,13.0,3.0,0.0,0.0,5.0,2.0,9.0,16.0,14.0,3.0,2
0.0,0.0,7.0,16.0,13.0,2.0,0.0,0.0,0.0,0.0,14.0,15.0,13.0,9.0,0.0,0.0,0.0,0.0,14.0,8.0,9.0,10.0,0.0,0.0,0.0,0.0,1.0,2.0,9.0,12.0,0.0,0.0,0.0,0.0,0.0,0.0,13.0,8.0,0.0,0.0,0.0,0.0,0.0,5.0,16.0,4.0,0.0,0.0,0.0,0.0,6.0,15.0,16.0,5.0,5.0,5.0,0.0,0.0,6.0,16.0,16.0,16.0,16.0,13.0,2
0.0,0.0,10.0,16.0,15.0,8.0,2.0,0.0,0.0,9.0,16.0,12.0,8.0,9.0,3.0,0.0,0.0,13.0,16.0,9.0,0.0,0.0,0.0,0.0,0.0,7.0,16.0,16.0,10.0,0.0,0.0,0.0,0.0,7.0,13.0,8.0,16.0,4.0,0.0,0.0,0.0,0.0,0.0,1.0,16.0,5.0,0.0,0.0,0.0,0.0,2.0,12.0,15.0,1.0,0.0,0.0,0.0,0.0,13.0,16.0,6.0,0.0,0.0,0.0,5
0.0,0.0,8.0,11.0,8.0,10.0,14.0,8.0,0.0,3.0,15.0,11.0,12.0,16.0,5.0,1.0,0.0,1.0,16.0,0.0,11.0,8.0,0.0,0.0,0.0,0.0,1.0,5.0,16.0,5.0,0.0,0.0,0.0,0.0,3.0,15.0,16.0,14.0,0.0,0.0,0.0,0.0,7.0,16.0,3.0,0.0,0.0,0.0,0.0,0.0,6.0,13.0,0.0,0.0,0.0,0.0,0.0,0.0,11.0,7.0,0.0,0.0,0.0,0.0,7
0.0,0.0,8.0,15.0,9.0,0.0,0.0,0.0,0.0,1.0,16.0,10.0,16.0,9.0,0.0,0.0,0.0,2.0,6.0,2.0,16.0,16.0,1.0,0.0,0.0,3.0,9.0,9.0,16.0,14.0,0.0,0.0,0.0,0.0,7.0,5.0,12.0,5.0,0.0,0.0,0.0,0.0,0.0,0.0,7.0,12.0,1.0,0.0,0.0,0.0,0.0,0.0,2.0,16.0,4.0,0.0,0.0,0.0,9.0,13.0,12.0,10.0,1.0,0.0,9
0.0,0.0,1.0,10.0,16.0,13.0,0.0,0.0,0.0,2.0,15.0,15.0,9.0,6.0,0.0,0.0,0.0,5.0,16.0,1.0,0.0,0.0,0.0,0.0,0.0,8.0,16.0,14.0,5.0,0.0,0.0,0.0,0.0,11.0,16.0,13.0,15.0,3.0,0.0,0.0,0.0,1.0,3.0,0.0,11.0,12.0,0.0,0.0,0.0,0.0,0.0,2.0,13.0,10.0,0.0,0.0,0.0,0.0,1.0,14.0,15.0,3.0,0.0,0.0,5
0.0,0.0,0.0,9.0,16.0,3.0,0.0,0.0,0.0,0.0,7.0,16.0,7.0,0.0,0.0,0.0,0.0,2.0,15.0,8.0,0.0,1.0,7.0,0.0,0.0,9.0,14.0,0.0,2.0,13.0,14.0,0.0,0.0,8.0,16.0,14.0,15.0,16.0,6.0,0.0,0.0,1.0,7.0,8.0,16.0,12.0,0.0,0.0,0.0,0.0,0.0,7.0,16.0,5.0,0.0,0.0,0.0,0.0,0.0,12.0,12.0,0.0,0.0,0.0,4
0.0,0.0,15.0,12.0,3.0,0.0,0.0,0.0,0.0,0.0,15.0,9.0,14.0,1.0,0.0,0.0,0.0,0.0,12.0,10.0,15.0,1.0,0.0,0.0,0.0,0.0,5.0,16.0,4.0,10.0,7.0,0.0,0.0,0.0,0.0,11.0,14.0,11.0,0.0,0.0,0.0,0.0,1.0,12.0,13.0,11.0,0.0,0.0,0.0,0.0,12.0,6.0,0.0,9.0,4.0,0.0,0.0,0.0,15.0,4.0,5.0,13.0,6.0,0.0,8
0.0,1.0,14.0,16.0,16.0,11.0,2.0,0.0,0.0,0.0,14.0,9.0,2.0,10.0,11.0,0.0,0.0,0.0,5.0,16.0,5.0,14.0,5.0,0.0,0.0,0.0,0.0,12.0,16.0,16.0,5.0,0.0,0.0,0.0,7.0,14.0,14.0,8.0,0.0,0.0,0.0,1.0,14.0,3.0,6.0,11.0,0.0,0.0,0.0,4.0,8.0,0.0,8.0,11.0,0.0,0.0,0.0,2.0,13.0,12.0,15.0,2.0,0.0,0.0,8
0.0,0.0,1.0,10.0,15.0,2.0,0.0,0.0,0.0,0.0,7.0,16.0,7.0,3.0,5.0,0.0,0.0,3.0,16.0,7.0,3.0,16.0,11.0,0.0,0.0,9.0,14.0,1.0,10.0,14.0,2.0,0.0,0.0,11.0,16.0,16.0,16.0,10.0,0.0,0.0,0.0,2.0,4.0,8.0,16.0,3.0,0.0,0.0,0.0,0.0,0.0,9.0,13.0,0.0,0.0,0.0,0.0,0.0,0.0,12.0,9.0,0.0,0.0,0.0,4
0.0,0.0,2.0,12.0,9.0,0.0,0.0,0.0,0.0,0.0,1.0,15.0,7.0,9.0,0.0,0.0,0.0,0.0,0.0,11.0,1.0,14.0,1.0,0.0,0.0,0.0,10.0,8.0,11.0,13.0,1.0,0.0,0.0,0.0,9.0,14.0,16.0,9.0,0.0,0.0,0.0,0.0,0.0,0.0,1.0,10.0,3.0,0.0,0.0,0.0,0.0,0.0,0.0,3.0,14.0,2.0,0.0,0.0,5.0,14.0,13.0,14.0,10.0,1.0,9
0.0,0.0,2.0,12.0,12.0,1.0,0.0,0.0,0.0,2.0,12.0,12.0,6.0,11.0,0.0,0.0,0.0,10.0,13.0,0.0,0.0,10.0,2.0,0.0,0.0,8.0,11.0,0.0,0.0,6.0,6.0,0.0,0.0,7.0,9.0,0.0,0.0,4.0,9.0,0.0,0.0,3.0,13.0,0.0,0.0,8.0,12.0,0.0,0.0,0.0,12.0,12.0,9.0,16.0,7.0,0.0,0.0,0.0,1.0,12.0,16.0,9.0,1.0,0.0,0
0.0,3.0,14.0,5.0,0.0,0.0,0.0,0.0,0.0,2.0,15.0,15.0,3.0,1.0,1.0,0.0,0.0,0.0,6.0,16.0,4.0,13.0,8.0,0.0,0.0,0.0,0.0,14.0,14.0,13.0,1.0,0.0,0.0,0.0,2.0,15.0,13.0,1.0,0.0,0.0,0.0,1.0,14.0,8.0,15.0,0.0,0.0,0.0,0.0,5.0,12.0,0.0,12.0,3.0,0.0,0.0,0.0,2.0,14.0,13.0,15.0,3.0,0.0,0.0,8
0.0,0.0,15.0,15.0,10.0,2.0,0.0,0.0,0.0,0.0,16.0,5.0,8.0,11.0,0.0,0.0,0.0,0.0,9.0,12.0,1.0,14.0,4.0,0.0,0.0,0.0,6.0,16.0,16.0,15.0,2.0,0.0,0.0,0.0,0.0,4.0,11.0,1.0,0.0,0.0,0.0,0.0,0.0,0.0,7.0,7.0,0.0,0.0,0.0,0.0,0.0,0.0,2.0,11.0,0.0,0.0,0.0,0.0,10.0,12.0,13.0,11.0,0.0,0.0,9
0.0,3.0,16.0,9.0,2.0,0.0,0.0,0.0,0.0,3.0,16.0,13.0,12.0,0.0,0.0,0.0,0.0,0.0,12.0,11.0,14.0,10.0,6.0,0.0,0.0,0.0,2.0,15.0,16.0,10.0,2.0,0.0,0.0,0.0,6.0,14.0,15.0,1.0,0.0,0.0,0.0,3.0,15.0,4.0,9.0,7.0,0.0,0.0,0.0,6.0,13.0,1.0,10.0,9.0,0.0,0.0,0.0,2.0,11.0,12.0,14.0,4.0,0.0,0.0,8
0.0,0.0,4.0,14.0,14.0,2.0,0.0,0.0,0.0,5.0,16.0,11.0,7.0,10.0,0.0,0.0,0.0,4.0,16.0,4.0,0.0,11.0,1.0,0.0,0.0,7.0,14.0,1.0,0.0,7.0,5.0,0.0,0.0,4.0,10.0,0.0,0.0,7.0,7.0,0.0,0.0,1.0,12.0,0.0,0.0,12.0,3.0,0.0,0.0,0.0,9.0,6.0,6.0,13.0,0.0,0.0,0.0,0.0,0.0,10.0,14.0,4.0,0.0,0.0,0
0.0,0.0,0.0,5.0,15.0,13.0,1.0,0.0,0.0,0.0,2.0,14.0,16.0,14.0,0.0,0.0,0.0,1.0,13.0,16.0,16.0,12.0,0.0,0.0,0.0,9.0,16.0,14.0,16.0,6.0,0.0,0.0,0.0,3.0,5.0,6.0,16.0,4.0,0.0,0.0,0.0,0.0,0.0,8.0,16.0,2.0,0.0,0.0,0.0,0.0,0.0,9.0,16.0,3.0,0.0,0.0,0.0,0.0,0.0,4.0,15.0,13.0,1.0,0.0,1
0.0,2.0,14.0,16.0,6.0,0.0,0.0,0.0,0.0,12.0,14.0,12.0,15.0,0.0,0.0,0.0,0.0,11.0,2.0,8.0,12.0,0.0,0.0,0.0,0.0,0.0,0.0,11.0,11.0,0.0,0.0,0.0,0.0,0.0,2.0,16.0,4.0,0.0,0.0,0.0,0.0,0.0,7.0,13.0,0.0,0.0,0.0,0.0,0.0,1.0,14.0,13.0,8.0,8.0,7.0,0.0,0.0,2.0,15.0,16.0,16.0,15.0,8.0,0.0,2
0.0,1.0,9.0,15.0,16.0,6.0,0.0,0.0,0.0,13.0,15.0,10.0,16.0,11.0,0.0,0.0,0.0,5.0,3.0,4.0,16.0,7.0,0.0,0.0,0.0,0.0,0.0,8.0,16.0,7.0,0.0,0.0,0.0,0.0,0.0,1.0,13.0,15.0,5.0,0.0,0.0,0.0,0.0,0.0,2.0,13.0,11.0,0.0,0.0,0.0,12.0,5.0,3.0,13.0,14.0,0.0,0.0,0.0,10.0,16.0,16.0,14.0,5.0,0.0,3
0.0,0.0,0.0,8.0,15.0,0.0,0.0,0.0,0.0,0.0,5.0,16.0,6.0,0.0,0.0,0.0,0.0,1.0,14.0,10.0,0.0,7.0,7.0,0.0,0.0,5.0,16.0,3.0,1.0,16.0,7.0,0.0,0.0,8.0,16.0,11.0,13.0,16.0,3.0,0.0,0.0,1.0,11.0,15.0,16.0,13.0,3.0,0.0,0.0,0.0,0.0,7.0,16.0,1.0,0.0,0.0,0.0,0.0,0.0,12.0,10.0,0.0,0.0,0.0,4
0.0,0.0,5.0,12.0,16.0,9.0,0.0,0.0,0.0,7.0,16.0,10.0,3.0,0.0,0.0,0.0,0.0,8.0,13.0,0.0,0.0,0.0,0.0,0.0,0.0,9.0,14.0,4.0,6.0,0.0,0.0,0.0,0.0,4.0,14.0,12.0,13.0,13.0,1.0,0.0,0.0,0.0,0.0,0.0,0.0,15.0,4.0,0.0,0.0,0.0,0.0,0.0,4.0,15.0,7.0,0.0,0.0,0.0,4.0,12.0,13.0,8.0,0.0,0.0,5
0.0,0.0,6.0,15.0,4.0,0.0,0.0,0.0,0.0,1.0,14.0,7.0,0.0,0.0,0.0,0.0,0.0,4.0,15.0,1.0,0.0,0.0,0.0,0.0,0.0,5.0,11.0,0.0,2.0,1.0,0.0,0.0,0.0,4.0,13.0,12.0,16.0,13.0,3.0,0.0,0.0,1.0,16.0,2.0,1.0,8.0,10.0,0.0,0.0,0.0,12.0,4.0,0.0,11.0,12.0,0.0,0.0,0.0,4.0,13.0,12.0,14.0,2.0,0.0,6
0.0,0.0,8.0,14.0,16.0,16.0,2.0,0.0,0.0,0.0,11.0,6.0,7.0,16.0,1.0,0.0,0.0,0.0,0.0,0.0,10.0,12.0,0.0,0.0,0.0,1.0,11.0,16.0,16.0,16.0,12.0,0.0,0.0,2.0,12.0,13.0,13.0,2.0,0.0,0.0,0.0,0.0,1.0,14.0,4.0,0.0,0.0,0.0,0.0,0.0,8.0,12.0,0.0,0.0,0.0,0.0,0.0,0.0,12.0,7.0,0.0,0.0,0.0,0.0,7
0.0,1.0,10.0,9.0,11.0,5.0,0.0,0.0,1.0,14.0,8.0,1.0,2.0,11.0,0.0,0.0,0.0,14.0,3.0,0.0,11.0,5.0,0.0,0.0,0.0,2.0,12.0,12.0,11.0,0.0,0.0,0.0,0.0,0.0,2.0,15.0,14.0,4.0,0.0,0.0,0.0,0.0,11.0,5.0,1.0,12.0,2.0,0.0,0.0,0.0,13.0,0.0,0.0,14.0,2.0,0.0,0.0,0.0,9.0,13.0,16.0,9.0,0.0,0.0,8
0.0,0.0,9.0,16.0,15.0,3.0,0.0,0.0,0.0,6.0,16.0,11.0,10.0,12.0,0.0,0.0,0.0,7.0,15.0,1.0,1.0,15.0,5.0,0.0,0.0,3.0,16.0,6.0,9.0,16.0,9.0,0.0,0.0,0.0,5.0,11.0,13.0,14.0,10.0,0.0,0.0,0.0,0.0,0.0,0.0,10.0,10.0,0.0,0.0,0.0,0.0,0.0,0.0,13.0,11.0,0.0,0.0,0.0,10.0,16.0,16.0,15.0,6.0,0.0,9
0.0,0.0,3.0,14.0,9.0,3.0,0.0,0.0,0.0,0.0,11.0,13.0,8.0,14.0,2.0,0.0,0.0,2.0,16.0,3.0,0.0,9.0,4.0,0.0,0.0,5.0,12.0,0.0,0.0,4.0,8.0,0.0,0.0,8.0,8.0,0.0,0.0,7.0,8.0,0.0,0.0,5.0,11.0,0.0,2.0,15.0,3.0,0.0,0.0,0.0,14.0,5.0,13.0,7.0,0.0,0.0,0.0,0.0,5.0,14.0,5.0,0.0,0.0,0.0,0
0.0,0.0,0.0,0.0,13.0,12.0,0.0,0.0,0.0,0.0,0.0,10.0,16.0,14.0,0.0,0.0,0.0,1.0,12.0,16.0,16.0,11.0,0.0,0.0,0.0,11.0,16.0,12.0,16.0,8.0,0.0,0.0,0.0,6.0,4.0,7.0,16.0,6.0,0.0,0.0,0.0,0.0,0.0,6.0,16.0,5.0,0.0,0.0,0.0,0.0,0.0,4.0,16.0,8.0,0.0,0.0,0.0,0.0,0.0,0.0,15.0,11.0,0.0,0.0,1
0.0,0.0,11.0,16.0,12.0,1.0,0.0,0.0,0.0,3.0,16.0,9.0,16.0,5.0,0.0,0.0,0.0,0.0,6.0,1.0,16.0,10.0,0.0,0.0,0.0,0.0,0.0,5.0,16.0,6.0,0.0,0.0,0.0,0.0,0.0,9.0,15.0,0.0,0.0,0.0,0.0,0.0,3.0,15.0,6.0,0.0,0.0,0.0,0.0,0.0,10.0,16.0,4.0,5.0,8.0,1.0,0.0,0.0,13.0,16.0,16.0,16.0,16.0,6.0,2
0.0,0.0,7.0,14.0,16.0,13.0,1.0,0.0,0.0,9.0,15.0,8.0,10.0,16.0,7.0,0.0,0.0,5.0,1.0,0.0,14.0,14.0,1.0,0.0,0.0,0.0,0.0,4.0,16.0,12.0,0.0,0.0,0.0,0.0,0.0,2.0,16.0,13.0,0.0,0.0,0.0,0.0,0.0,0.0,6.0,16.0,7.0,0.0,0.0,0.0,9.0,7.0,6.0,16.0,9.0,0.0,0.0,0.0,5.0,15.0,16.0,11.0,3.0,0.0,3
0.0,0.0,0.0,1.0,15.0,9.0,0.0,0.0,0.0,0.0,0.0,10.0,15.0,3.0,0.0,0.0,0.0,0.0,9.0,16.0,5.0,3.0,6.0,0.0,0.0,5.0,16.0,8.0,0.0,12.0,13.0,0.0,0.0,12.0,14.0,4.0,8.0,16.0,9.0,0.0,0.0,12.0,16.0,16.0,16.0,16.0,0.0,0.0,0.0,0.0,4.0,2.0,14.0,11.0,0.0,0.0,0.0,0.0,0.0,1.0,16.0,9.0,0.0,0.0,4
0.0,1.0,12.0,16.0,16.0,15.0,0.0,0.0,0.0,7.0,16.0,9.0,4.0,3.0,0.0,0.0,0.0,10.0,15.0,1.0,0.0,0.0,0.0,0.0,0.0,11.0,15.0,8.0,7.0,1.0,0.0,0.0,0.0,2.0,13.0,16.0,16.0,15.0,5.0,0.0,0.0,0.0,0.0,0.0,0.0,13.0,14.0,0.0,0.0,0.0,2.0,7.0,13.0,16.0,9.0,0.0,0.0,0.0,14.0,16.0,12.0,5.0,0.0,0.0,5
0.0,0.0,3.0,13.0,16.0,7.0,0.0,0.0,0.0,1.0,12.0,16.0,8.0,0.0,0.0,0.0,0.0,2.0,16.0,8.0,0.0,0.0,0.0,0.0,0.0,8.0,16.0,4.0,0.0,0.0,0.0,0.0,0.0,9.0,16.0,10.0,11.0,4.0,0.0,0.0,0.0,6.0,16.0,14.0,13.0,16.0,3.0,0.0,0.0,1.0,11.0,11.0,2.0,14.0,10.0,0.0,0.0,0.0,2.0,15.0,16.0,15.0,6.0,0.0,6
0.0,0.0,5.0,13.0,16.0,16.0,6.0,0.0,0.0,0.0,12.0,6.0,4.0,13.0,9.0,0.0,0.0,0.0,0.0,0.0,1.0,15.0,3.0,0.0,0.0,0.0,0.0,2.0,10.0,13.0,2.0,0.0,0.0,2.0,12.0,16.0,16.0,12.0,5.0,0.0,0.0,1.0,6.0,9.0,11.0,0.0,0.0,0.0,0.0,0.0,0.0,15.0,1.0,0.0,0.0,0.0,0.0,0.0,6.0,11.0,0.0,0.0,0.0,0.0,7
0.0,0.0,10.0,16.0,16.0,8.0,0.0,0.0,0.0,5.0,16.0,6.0,7.0,14.0,0.0,0.0,0.0,3.0,16.0,3.0,13.0,9.0,0.0,0.0,0.0,0.0,13.0,15.0,9.0,0.0,0.0,0.0,0.0,0.0,10.0,16.0,1.0,0.0,0.0,0.0,0.0,0.0,16.0,15.0,6.0,0.0,0.0,0.0,0.0,1.0,15.0,12.0,11.0,0.0,0.0,0.0,0.0,0.0,5.0,16.0,10.0,0.0,0.0,0.0,8
0.0,0.0,8.0,16.0,10.0,2.0,0.0,0.0,0.0,0.0,12.0,13.0,14.0,11.0,0.0,0.0,0.0,0.0,10.0,13.0,8.0,16.0,2.0,0.0,0.0,0.0,4.0,15.0,15.0,16.0,8.0,0.0,0.0,0.0,0.0,3.0,8.0,11.0,13.0,0.0,0.0,0.0,0.0,0.0,0.0,5.0,16.0,4.0,0.0,0.0,1.0,2.0,2.0,7.0,16.0,5.0,0.0,0.0,3.0,14.0,16.0,16.0,11.0,1.0,9
0.0,0.0,7.0,11.0,3.0,1.0,0.0,0.0,0.0,1.0,14.0,16.0,13.0,13.0,0.0,0.0,0.0,3.0,16.0,12.0,1.0,6.0,6.0,0.0,0.0,4.0,10.0,4.0,0.0,4.0,8.0,0.0,0.0,8.0,8.0,0.0,0.0,11.0,5.0,0.0,0.0,7.0,9.0,0.0,2.0,14.0,0.0,0.0,0.0,1.0,12.0,4.0,12.0,10.0,0.0,0.0,0.0,0.0,6.0,14.0,9.0,0.0,0.0,0.0,0
0.0,0.0,0.0,8.0,13.0,3.0,0.0,0.0,0.0,0.0,8.0,16.0,16.0,8.0,0.0,0.0,0.0,12.0,16.0,16.0,16.0,2.0,0.0,0.0,0.0,9.0,9.0,16.0,10.0,0.0,0.0,0.0,0.0,0.0,2.0,15.0,8.0,0.0,0.0,0.0,0.0,0.0,4.0,16.0,7.0,0.0,0.0,0.0,0.0,0.0,3.0,16.0,10.0,0.0,0.0,0.0,0.0,0.0,0.0,7.0,13.0,2.0,0.0,0.0,1
0.0,2.0,10.0,14.0,16.0,12.0,0.0,0.0,0.0,10.0,12.0,7.0,10.0,12.0,0.0,0.0,0.0,0.0,0.0,0.0,13.0,10.0,0.0,0.0,0.0,0.0,0.0,3.0,16.0,3.0,0.0,0.0,0.0,0.0,0.0,13.0,10.0,0.0,0.0,0.0,0.0,0.0,5.0,16.0,1.0,0.0,0.0,0.0,0.0,0.0,14.0,15.0,12.0,16.0,10.0,0.0,0.0,1.0,16.0,13.0,9.0,3.0,0.0,0.0,2
0.0,1.0,8.0,10.0,14.0,10.0,0.0,0.0,0.0,12.0,10.0,6.0,6.0,16.0,2.0,0.0,0.0,3.0,0.0,0.0,7.0,14.0,1.0,0.0,0.0,0.0,0.0,0.0,9.0,11.0,0.0,0.0,0.0,0.0,0.0,0.0,2.0,16.0,1.0,0.0,0.0,0.0,0.0,0.0,0.0,8.0,12.0,0.0,0.0,0.0,4.0,0.0,2.0,11.0,9.0,0.0,0.0,0.0,12.0,16.0,14.0,12.0,4.0,0.0,3
0.0,0.0,0.0,11.0,10.0,0.0,0.0,0.0,0.0,0.0,8.0,16.0,5.0,0.0,0.0,0.0,0.0,3.0,16.0,10.0,4.0,11.0,0.0,0.0,0.0,11.0,13.0,0.0,9.0,16.0,0.0,0.0,0.0,12.0,13.0,5.0,14.0,16.0,8.0,0.0,0.0,3.0,12.0,14.0,16.0,11.0,3.0,0.0,0.0,0.0,0.0,10.0,11.0,0.0,0.0,0.0,0.0,0.0,0.0,11.0,8.0,0.0,0.0,0.0,4
0.0,5.0,15.0,12.0,12.0,12.0,4.0,0.0,0.0,10.0,14.0,12.0,12.0,9.0,7.0,0.0,0.0,12.0,11.0,0.0,0.0,0.0,0.0,0.0,0.0,5.0,15.0,10.0,0.0,0.0,0.0,0.0,0.0,0.0,3.0,16.0,3.0,0.0,0.0,0.0,0.0,0.0,0.0,15.0,4.0,0.0,0.0,0.0,0.0,1.0,7.0,16.0,4.0,0.0,0.0,0.0,0.0,4.0,15.0,12.0,0.0,0.0,0.0,0.0,5
0.0,0.0,0.0,6.0,12.0,0.0,0.0,0.0,0.0,0.0,5.0,16.0,7.0,0.0,0.0,0.0,0.0,0.0,12.0,9.0,0.0,0.0,0.0,0.0,0.0,1.0,16.0,5.0,0.0,0.0,0.0,0.0,0.0,1.0,16.0,10.0,12.0,9.0,2.0,0.0,0.0,0.0,13.0,8.0,2.0,5.0,13.0,0.0,0.0,0.0,6.0,11.0,1.0,2.0,16.0,3.0,0.0,0.0,0.0,8.0,11.0,14.0,11.0,2.0,6
0.0,0.0,2.0,9.0,14.0,16.0,15.0,0.0,0.0,3.0,16.0,13.0,8.0,10.0,16.0,0.0,0.0,1.0,2.0,0.0,0.0,11.0,9.0,0.0,0.0,0.0,3.0,11.0,12.0,16.0,11.0,0.0,0.0,0.0,12.0,14.0,16.0,12.0,2.0,0.0,0.0,0.0,0.0,3.0,16.0,3.0,0.0,0.0,0.0,0.0,0.0,7.0,10.0,0.0,0.0,0.0,0.0,0.0,0.0,14.0,5.0,0.0,0.0,0.0,7
0.0,1.0,12.0,15.0,16.0,13.0,1.0,0.0,0.0,4.0,16.0,15.0,7.0,15.0,4.0,0.0,0.0,0.0,16.0,6.0,11.0,15.0,2.0,0.0,0.0,0.0,9.0,16.0,15.0,4.0,0.0,0.0,0.0,0.0,8.0,16.0,8.0,0.0,0.0,0.0,0.0,0.0,15.0,15.0,11.0,0.0,0.0,0.0,0.0,2.0,16.0,10.0,12.0,0.0,0.0,0.0,0.0,2.0,13.0,16.0,10.0,0.0,0.0,0.0,8
0.0,0.0,13.0,14.0,9.0,1.0,0.0,0.0,0.0,5.0,16.0,12.0,12.0,12.0,1.0,0.0,0.0,6.0,16.0,2.0,2.0,16.0,5.0,0.0,0.0,3.0,16.0,5.0,3.0,16.0,9.0,0.0,0.0,0.0,9.0,16.0,16.0,16.0,10.0,0.0,0.0,0.0,0.0,6.0,7.0,15.0,9.0,0.0,0.0,0.0,0.0,0.0,6.0,16.0,5.0,0.0,0.0,0.0,10.0,16.0,16.0,12.0,0.0,0.0,9
0.0,0.0,9.0,14.0,15.0,6.0,0.0,0.0,0.0,2.0,16.0,12.0,1.0,13.0,0.0,0.0,0.0,3.0,12.0,7.0,0.0,8.0,4.0,0.0,0.0,6.0,11.0,4.0,0.0,7.0,2.0,0.0,0.0,4.0,9.0,0.0,0.0,12.0,1.0,0.0,0.0,3.0,9.0,0.0,4.0,11.0,0.0,0.0,0.0,1.0,12.0,5.0,12.0,3.0,0.0,0.0,0.0,0.0,6.0,14.0,5.0,0.0,0.0,0.0,0
0.0,1.0,9.0,15.0,13.0,4.0,0.0,0.0,0.0,8.0,12.0,4.0,8.0,8.0,0.0,0.0,0.0,9.0,11.0,0.0,5.0,16.0,3.0,0.0,0.0,4.0,13.0,8.0,16.0,16.0,6.0,0.0,0.0,0.0,4.0,8.0,2.0,11.0,9.0,0.0,0.0,0.0,0.0,0.0,0.0,10.0,8.0,0.0,0.0,0.0,7.0,0.0,3.0,14.0,6.0,0.0,0.0,0.0,7.0,16.0,14.0,8.0,0.0,0.0,9
0.0,1.0,7.0,14.0,16.0,12.0,1.0,0.0,0.0,7.0,16.0,9.0,6.0,11.0,1.0,0.0,0.0,11.0,12.0,4.0,1.0,0.0,0.0,0.0,0.0,12.0,16.0,16.0,15.0,6.0,0.0,0.0,0.0,3.0,9.0,4.0,11.0,12.0,0.0,0.0,0.0,0.0,0.0,0.0,8.0,16.0,0.0,0.0,0.0,0.0,0.0,0.0,14.0,13.0,0.0,0.0,0.0,0.0,6.0,16.0,15.0,3.0,0.0,0.0,5
0.0,3.0,16.0,13.0,15.0,16.0,11.0,0.0,0.0,5.0,16.0,14.0,12.0,8.0,10.0,0.0,0.0,2.0,16.0,12.0,0.0,0.0,0.0,0.0,0.0,0.0,7.0,16.0,12.0,0.0,0.0,0.0,0.0,0.0,0.0,7.0,16.0,8.0,0.0,0.0,0.0,0.0,0.0,0.0,13.0,11.0,0.0,0.0,0.0,3.0,6.0,8.0,16.0,7.0,0.0,0.0,0.0,2.0,15.0,15.0,9.0,0.0,0.0,0.0,5
0.0,0.0,2.0,14.0,14.0,0.0,0.0,0.0,0.0,0.0,7.0,16.0,7.0,0.0,0.0,0.0,0.0,0.0,13.0,12.0,0.0,0.0,0.0,0.0,0.0,1.0,16.0,8.0,4.0,2.0,0.0,0.0,0.0,4.0,16.0,16.0,16.0,15.0,3.0,0.0,0.0,2.0,16.0,12.0,4.0,6.0,16.0,2.0,0.0,0.0,13.0,8.0,3.0,6.0,16.0,6.0,0.0,0.0,2.0,13.0,14.0,16.0,12.0,1.0,6
0.0,3.0,14.0,14.0,16.0,16.0,10.0,0.0,0.0,9.0,15.0,9.0,7.0,1.0,0.0,0.0,0.0,10.0,16.0,11.0,1.0,0.0,0.0,0.0,0.0,1.0,7.0,14.0,9.0,0.0,0.0,0.0,0.0,0.0,0.0,7.0,16.0,0.0,0.0,0.0,0.0,0.0,0.0,6.0,15.0,0.0,0.0,0.0,0.0,1.0,1.0,11.0,10.0,0.0,0.0,0.0,0.0,3.0,15.0,16.0,4.0,0.0,0.0,0.0,5
0.0,0.0,7.0,14.0,16.0,13.0,1.0,0.0,0.0,0.0,15.0,13.0,3.0,13.0,8.0,0.0,0.0,6.0,15.0,2.0,0.0,8.0,8.0,0.0,0.0,6.0,16.0,0.0,0.0,6.0,11.0,0.0,0.0,9.0,13.0,0.0,0.0,13.0,9.0,0.0,0.0,5.0,15.0,0.0,5.0,16.0,5.0,0.0,0.0,4.0,16.0,9.0,16.0,12.0,0.0,0.0,0.0,0.0,8.0,16.0,12.0,3.0,0.0,0.0,0
0.0,0.0,6.0,12.0,14.0,4.0,0.0,0.0,0.0,2.0,15.0,2.0,1.0,15.0,0.0,0.0,0.0,2.0,14.0,0.0,3.0,16.0,2.0,0.0,0.0,0.0,13.0,5.0,14.0,14.0,6.0,0.0,0.0,0.0,2.0,8.0,4.0,7.0,9.0,0.0,0.0,0.0,0.0,0.0,0.0,9.0,9.0,0.0,0.0,0.0,5.0,0.0,5.0,14.0,3.0,0.0,0.0,0.0,7.0,13.0,12.0,4.0,0.0,0.0,9
0.0,1.0,13.0,9.0,8.0,13.0,2.0,0.0,0.0,10.0,7.0,0.0,0.0,12.0,2.0,0.0,0.0,9.0,6.0,0.0,9.0,6.0,0.0,0.0,0.0,1.0,13.0,10.0,10.0,0.0,0.0,0.0,0.0,0.0,9.0,16.0,2.0,0.0,0.0,0.0,0.0,2.0,12.0,5.0,12.0,1.0,0.0,0.0,0.0,4.0,9.0,0.0,9.0,5.0,0.0,0.0,0.0,1.0,12.0,11.0,8.0,0.0,0.0,0.0,8
0.0,1.0,7.0,14.0,10.0,0.0,0.0,0.0,0.0,10.0,12.0,5.0,9.0,7.0,0.0,0.0,0.0,10.0,6.0,0.0,6.0,15.0,0.0,0.0,0.0,5.0,11.0,11.0,14.0,15.0,1.0,0.0,0.0,0.0,2.0,7.0,1.0,10.0,5.0,0.0,0.0,0.0,0.0,0.0,0.0,9.0,5.0,0.0,0.0,0.0,5.0,3.0,0.0,13.0,5.0,0.0,0.0,0.0,4.0,14.0,14.0,12.0,2.0,0.0,9
0.0,0.0,13.0,14.0,12.0,15.0,4.0,0.0,0.0,0.0,16.0,5.0,5.0,16.0,5.0,0.0,0.0,0.0,13.0,7.0,15.0,4.0,0.0,0.0,0.0,0.0,11.0,16.0,2.0,0.0,0.0,0.0,0.0,2.0,13.0,10.0,6.0,0.0,0.0,0.0,0.0,8.0,5.0,1.0,15.0,0.0,0.0,0.0,0.0,5.0,8.0,1.0,16.0,0.0,0.0,0.0,0.0,1.0,10.0,16.0,8.0,0.0,0.0,0.0,8
0.0,0.0,0.0,3.0,16.0,2.0,0.0,0.0,0.0,0.0,0.0,12.0,12.0,0.0,0.0,0.0,0.0,0.0,5.0,16.0,2.0,5.0,12.0,0.0,0.0,3.0,15.0,8.0,0.0,11.0,13.0,0.0,0.0,9.0,16.0,4.0,7.0,16.0,8.0,0.0,0.0,9.0,16.0,16.0,16.0,16.0,2.0,0.0,0.0,0.0,0.0,0.0,13.0,12.0,0.0,0.0,0.0,0.0,0.0,1.0,16.0,9.0,0.0,0.0,4
0.0,0.0,7.0,16.0,13.0,4.0,0.0,0.0,0.0,0.0,7.0,16.0,16.0,9.0,0.0,0.0,0.0,0.0,1.0,16.0,16.0,9.0,0.0,0.0,0.0,0.0,3.0,16.0,16.0,9.0,0.0,0.0,0.0,0.0,8.0,16.0,16.0,8.0,0.0,0.0,0.0,0.0,10.0,16.0,16.0,4.0,0.0,0.0,0.0,0.0,9.0,16.0,14.0,1.0,0.0,0.0,0.0,0.0,4.0,12.0,14.0,8.0,0.0,0.0,1
0.0,0.0,12.0,16.0,16.0,12.0,0.0,0.0,0.0,0.0,6.0,4.0,10.0,13.0,1.0,0.0,0.0,0.0,0.0,0.0,13.0,9.0,0.0,0.0,0.0,0.0,5.0,9.0,16.0,16.0,12.0,0.0,0.0,3.0,16.0,16.0,11.0,3.0,0.0,0.0,0.0,0.0,7.0,13.0,0.0,0.0,0.0,0.0,0.0,0.0,11.0,8.0,0.0,0.0,0.0,0.0,0.0,0.0,16.0,3.0,0.0,0.0,0.0,0.0,7
0.0,1.0,9.0,12.0,16.0,16.0,4.0,0.0,0.0,1.0,11.0,8.0,7.0,16.0,4.0,0.0,0.0,0.0,0.0,0.0,8.0,13.0,0.0,0.0,0.0,0.0,5.0,11.0,15.0,15.0,9.0,0.0,0.0,0.0,16.0,15.0,13.0,5.0,2.0,0.0,0.0,0.0,2.0,16.0,5.0,0.0,0.0,0.0,0.0,0.0,9.0,14.0,1.0,0.0,0.0,0.0,0.0,0.0,14.0,10.0,0.0,0.0,0.0,0.0,7
0.0,2.0,10.0,15.0,16.0,16.0,14.0,0.0,0.0,7.0,11.0,4.0,6.0,15.0,9.0,0.0,0.0,0.0,0.0,6.0,15.0,12.0,0.0,0.0,0.0,0.0,3.0,16.0,9.0,0.0,0.0,0.0,0.0,0.0,5.0,16.0,8.0,0.0,0.0,0.0,0.0,0.0,0.0,11.0,15.0,2.0,0.0,0.0,0.0,0.0,1.0,6.0,16.0,2.0,0.0,0.0,0.0,1.0,16.0,16.0,6.0,0.0,0.0,0.0,3
0.0,0.0,2.0,12.0,16.0,16.0,7.0,0.0,0.0,0.0,10.0,13.0,7.0,8.0,3.0,0.0,0.0,2.0,15.0,6.0,0.0,0.0,0.0,0.0,0.0,11.0,14.0,7.0,5.0,1.0,0.0,0.0,0.0,5.0,16.0,16.0,16.0,15.0,6.0,0.0,0.0,0.0,4.0,4.0,4.0,14.0,8.0,0.0,0.0,0.0,0.0,4.0,7.0,14.0,5.0,0.0,0.0,0.0,2.0,15.0,15.0,5.0,0.0,0.0,5
0.0,0.0,0.0,4.0,15.0,12.0,0.0,0.0,0.0,0.0,5.0,15.0,16.0,11.0,0.0,0.0,0.0,8.0,16.0,16.0,16.0,4.0,0.0,0.0,0.0,14.0,11.0,11.0,16.0,2.0,0.0,0.0,0.0,0.0,0.0,7.0,16.0,0.0,0.0,0.0,0.0,0.0,0.0,9.0,16.0,2.0,0.0,0.0,0.0,0.0,0.0,9.0,16.0,3.0,0.0,0.0,0.0,0.0,0.0,5.0,16.0,5.0,0.0,0.0,1
0.0,2.0,8.0,15.0,16.0,10.0,0.0,0.0,0.0,11.0,16.0,10.0,4.0,15.0,1.0,0.0,0.0,12.0,13.0,0.0,0.0,13.0,5.0,0.0,0.0,11.0,13.0,0.0,0.0,15.0,7.0,0.0,0.0,8.0,16.0,0.0,0.0,15.0,6.0,0.0,0.0,6.0,16.0,1.0,5.0,16.0,2.0,0.0,0.0,2.0,16.0,6.0,15.0,12.0,0.0,0.0,0.0,0.0,7.0,16.0,14.0,1.0,0.0,0.0,0
0.0,0.0,8.0,15.0,16.0,11.0,0.0,0.0,0.0,2.0,16.0,10.0,4.0,14.0,4.0,0.0,0.0,6.0,16.0,2.0,0.0,8.0,8.0,0.0,0.0,10.0,12.0,0.0,0.0,11.0,6.0,0.0,0.0,9.0,11.0,0.0,0.0,15.0,6.0,0.0,0.0,8.0,12.0,0.0,7.0,15.0,1.0,0.0,0.0,2.0,15.0,7.0,15.0,9.0,0.0,0.0,0.0,0.0,10.0,16.0,12.0,1.0,0.0,0.0,0
0.0,1.0,13.0,16.0,15.0,6.0,0.0,0.0,0.0,10.0,15.0,9.0,11.0,15.0,0.0,0.0,0.0,7.0,9.0,0.0,12.0,12.0,0.0,0.0,0.0,0.0,0.0,0.0,15.0,6.0,0.0,0.0,0.0,0.0,0.0,8.0,15.0,1.0,0.0,0.0,0.0,0.0,2.0,15.0,10.0,0.0,0.0,0.0,0.0,0.0,10.0,16.0,10.0,9.0,16.0,2.0,0.0,0.0,13.0,16.0,15.0,11.0,4.0,0.0,2
0.0,0.0,9.0,16.0,15.0,3.0,0.0,0.0,0.0,7.0,15.0,7.0,16.0,7.0,0.0,0.0,0.0,2.0,2.0,0.0,16.0,2.0,0.0,0.0,0.0,0.0,0.0,6.0,15.0,0.0,0.0,0.0,0.0,0.0,0.0,13.0,10.0,0.0,0.0,0.0,0.0,0.0,3.0,16.0,3.0,3.0,5.0,0.0,0.0,0.0,11.0,14.0,10.0,16.0,6.0,0.0,0.0,0.0,11.0,16.0,13.0,5.0,0.0,0.0,2
0.0,0.0,3.0,12.0,16.0,13.0,0.0,0.0,0.0,1.0,14.0,9.0,10.0,13.0,0.0,0.0,0.0,0.0,2.0,0.0,10.0,10.0,0.0,0.0,0.0,0.0,3.0,7.0,15.0,16.0,10.0,0.0,0.0,0.0,16.0,16.0,15.0,3.0,0.0,0.0,0.0,0.0,3.0,13.0,7.0,0.0,0.0,0.0,0.0,0.0,0.0,16.0,2.0,0.0,0.0,0.0,0.0,0.0,4.0,15.0,0.0,0.0,0.0,0.0,7
0.0,0.0,5.0,12.0,16.0,10.0,0.0,0.0,0.0,6.0,16.0,13.0,3.0,15.0,1.0,0.0,0.0,11.0,8.0,5.0,5.0,10.0,0.0,0.0,0.0,4.0,11.0,2.0,12.0,2.0,0.0,0.0,0.0,0.0,6.0,16.0,6.0,0.0,0.0,0.0,0.0,0.0,2.0,15.0,8.0,0.0,0.0,0.0,0.0,0.0,8.0,13.0,8.0,0.0,0.0,0.0,0.0,0.0,5.0,15.0,4.0,0.0,0.0,0.0,8
0.0,4.0,15.0,16.0,13.0,1.0,0.0,0.0,0.0,9.0,14.0,10.0,16.0,6.0,0.0,0.0,0.0,1.0,1.0,6.0,16.0,2.0,0.0,0.0,0.0,0.0,0.0,8.0,14.0,1.0,0.0,0.0,0.0,0.0,5.0,16.0,5.0,0.0,0.0,0.0,0.0,0.0,13.0,14.0,0.0,0.0,0.0,0.0,0.0,5.0,16.0,9.0,8.0,8.0,10.0,0.0,0.0,4.0,15.0,16.0,16.0,16.0,9.0,0.0,2
0.0,0.0,6.0,14.0,13.0,1.0,0.0,0.0,0.0,3.0,16.0,10.0,5.0,11.0,0.0,0.0,0.0,5.0,16.0,0.0,0.0,13.0,0.0,0.0,0.0,6.0,12.0,0.0,0.0,12.0,3.0,0.0,0.0,7.0,12.0,0.0,0.0,13.0,3.0,0.0,0.0,3.0,11.0,0.0,5.0,12.0,0.0,0.0,0.0,0.0,13.0,4.0,15.0,4.0,0.0,0.0,0.0,0.0,5.0,16.0,6.0,0.0,0.0,0.0,0
0.0,0.0,1.0,16.0,11.0,0.0,0.0,0.0,0.0,0.0,0.0,15.0,16.0,1.0,0.0,0.0,0.0,0.0,0.0,15.0,14.0,0.0,0.0,0.0,0.0,0.0,2.0,16.0,14.0,0.0,0.0,0.0,0.0,0.0,1.0,16.0,15.0,0.0,0.0,0.0,0.0,0.0,0.0,14.0,13.0,0.0,0.0,0.0,0.0,0.0,0.0,13.0,10.0,0.0,0.0,0.0,0.0,0.0,0.0,12.0,11.0,0.0,0.0,0.0,1
0.0,1.0,10.0,15.0,15.0,5.0,0.0,0.0,0.0,11.0,16.0,9.0,12.0,10.0,0.0,0.0,0.0,15.0,6.0,0.0,14.0,7.0,0.0,0.0,0.0,0.0,0.0,6.0,16.0,5.0,0.0,0.0,0.0,0.0,1.0,15.0,11.0,0.0,0.0,0.0,0.0,0.0,5.0,16.0,4.0,0.0,0.0,0.0,0.0,1.0,15.0,11.0,8.0,12.0,14.0,1.0,0.0,1.0,15.0,16.0,16.0,12.0,5.0,0.0,2
0.0,0.0,0.0,14.0,13.0,1.0,0.0,0.0,0.0,0.0,4.0,16.0,11.0,0.0,0.0,0.0,0.0,0.0,12.0,16.0,1.0,0.0,0.0,0.0,0.0,1.0,15.0,16.0,14.0,1.0,0.0,0.0,0.0,4.0,16.0,12.0,8.0,12.0,7.0,0.0,0.0,2.0,15.0,8.0,0.0,8.0,16.0,2.0,0.0,0.0,10.0,14.0,9.0,15.0,15.0,1.0,0.0,0.0,1.0,14.0,16.0,14.0,2.0,0.0,6
0.0,2.0,9.0,15.0,16.0,15.0,2.0,0.0,0.0,11.0,11.0,5.0,9.0,16.0,3.0,0.0,0.0,0.0,0.0,0.0,9.0,12.0,0.0,0.0,0.0,0.0,0.0,0.0,6.0,15.0,1.0,0.0,0.0,0.0,0.0,0.0,0.0,14.0,9.0,0.0,0.0,0.0,0.0,0.0,0.0,12.0,12.0,0.0,0.0,0.0,5.0,3.0,6.0,15.0,7.0,0.0,0.0,0.0,12.0,16.0,15.0,9.0,1.0,0.0,3
0.0,0.0,8.0,14.0,16.0,13.0,1.0,0.0,0.0,10.0,9.0,4.0,6.0,16.0,3.0,0.0,0.0,0.0,0.0,1.0,10.0,13.0,0.0,0.0,0.0,0.0,0.0,7.0,14.0,2.0,0.0,0.0,0.0,0.0,0.0,7.0,13.0,1.0,0.0,0.0,0.0,0.0,0.0,0.0,8.0,13.0,1.0,0.0,0.0,0.0,0.0,0.0,3.0,16.0,4.0,0.0,0.0,0.0,14.0,16.0,13.0,9.0,0.0,0.0,3
0.0,0.0,4.0,11.0,16.0,16.0,2.0,0.0,0.0,0.0,8.0,8.0,9.0,14.0,0.0,0.0,0.0,0.0,0.0,0.0,11.0,12.0,3.0,0.0,0.0,6.0,15.0,16.0,16.0,15.0,6.0,0.0,0.0,3.0,7.0,11.0,13.0,0.0,0.0,0.0,0.0,0.0,0.0,15.0,2.0,0.0,0.0,0.0,0.0,0.0,3.0,16.0,0.0,0.0,0.0,0.0,0.0,0.0,5.0,12.0,0.0,0.0,0.0,0.0,7
0.0,0.0,9.0,14.0,16.0,16.0,2.0,0.0,0.0,7.0,15.0,7.0,4.0,14.0,8.0,0.0,0.0,0.0,0.0,0.0,5.0,15.0,4.0,0.0,0.0,0.0,0.0,0.0,16.0,4.0,0.0,0.0,0.0,0.0,0.0,0.0,15.0,4.0,0.0,0.0,0.0,0.0,0.0,0.0,7.0,12.0,0.0,0.0,0.0,0.0,15.0,2.0,8.0,14.0,0.0,0.0,0.0,0.0,10.0,15.0,12.0,3.0,0.0,0.0,3
0.0,2.0,13.0,16.0,16.0,15.0,4.0,0.0,0.0,7.0,12.0,8.0,8.0,16.0,12.0,0.0,0.0,0.0,0.0,0.0,8.0,16.0,7.0,0.0,0.0,0.0,0.0,0.0,14.0,10.0,0.0,0.0,0.0,0.0,0.0,0.0,12.0,15.0,3.0,0.0,0.0,0.0,0.0,0.0,2.0,16.0,11.0,0.0,0.0,0.0,4.0,4.0,7.0,16.0,10.0,0.0,0.0,2.0,15.0,16.0,16.0,12.0,1.0,0.0,3
0.0,0.0,0.0,1.0,14.0,5.0,0.0,0.0,0.0,0.0,0.0,11.0,11.0,0.0,0.0,0.0,0.0,0.0,9.0,12.0,1.0,0.0,0.0,0.0,0.0,5.0,15.0,1.0,0.0,2.0,4.0,0.0,0.0,14.0,7.0,0.0,0.0,13.0,10.0,0.0,0.0,15.0,16.0,16.0,16.0,16.0,5.0,0.0,0.0,3.0,8.0,8.0,15.0,10.0,0.0,0.0,0.0,0.0,0.0,3.0,15.0,2.0,0.0,0.0,4
0.0,0.0,0.0,9.0,9.0,0.0,0.0,0.0,0.0,0.0,3.0,15.0,4.0,0.0,0.0,0.0,0.0,0.0,10.0,12.0,0.0,0.0,0.0,0.0,0.0,0.0,12.0,8.0,4.0,3.0,0.0,0.0,0.0,0.0,14.0,16.0,12.0,14.0,5.0,0.0,0.0,0.0,12.0,10.0,0.0,4.0,13.0,0.0,0.0,0.0,9.0,11.0,0.0,6.0,16.0,1.0,0.0,0.0,0.0,8.0,14.0,15.0,8.0,0.0,6
0.0,0.0,0.0,14.0,15.0,1.0,0.0,0.0,0.0,0.0,6.0,16.0,11.0,0.0,0.0,0.0,0.0,0.0,13.0,15.0,2.0,0.0,0.0,0.0,0.0,0.0,16.0,12.0,0.0,0.0,0.0,0.0,0.0,3.0,16.0,16.0,16.0,10.0,1.0,0.0,0.0,2.0,16.0,12.0,4.0,11.0,12.0,0.0,0.0,0.0,10.0,14.0,6.0,14.0,15.0,0.0,0.0,0.0,1.0,13.0,16.0,16.0,10.0,0.0,6
0.0,0.0,0.0,13.0,15.0,2.0,0.0,0.0,0.0,0.0,4.0,16.0,11.0,1.0,0.0,0.0,0.0,0.0,13.0,15.0,1.0,0.0,0.0,0.0,0.0,0.0,15.0,9.0,0.0,0.0,0.0,0.0,0.0,4.0,16.0,14.0,15.0,8.0,0.0,0.0,0.0,1.0,16.0,15.0,8.0,13.0,9.0,0.0,0.0,0.0,11.0,10.0,0.0,11.0,16.0,0.0,0.0,0.0,2.0,14.0,16.0,16.0,13.0,0.0,6
0.0,0.0,0.0,4.0,15.0,7.0,0.0,0.0,0.0,0.0,3.0,15.0,12.0,0.0,0.0,0.0,0.0,1.0,14.0,12.0,0.0,2.0,11.0,0.0,0.0,10.0,14.0,0.0,0.0,13.0,12.0,0.0,0.0,11.0,15.0,12.0,15.0,16.0,5.0,0.0,0.0,4.0,10.0,8.0,16.0,11.0,0.0,0.0,0.0,0.0,0.0,2.0,16.0,4.0,0.0,0.0,0.0,0.0,0.0,6.0,14.0,0.0,0.0,0.0,4
0.0,0.0,9.0,16.0,10.0,2.0,0.0,0.0,0.0,0.0,16.0,14.0,11.0,10.0,0.0,0.0,0.0,1.0,16.0,9.0,12.0,15.0,0.0,0.0,0.0,0.0,7.0,15.0,16.0,16.0,8.0,0.0,0.0,0.0,0.0,10.0,6.0,16.0,10.0,0.0,0.0,0.0,0.0,0.0,1.0,15.0,9.0,0.0,0.0,0.0,0.0,1.0,7.0,16.0,8.0,0.0,0.0,0.0,6.0,16.0,16.0,14.0,1.0,0.0,9
0.0,0.0,6.0,16.0,11.0,0.0,0.0,0.0,0.0,0.0,9.0,16.0,16.0,5.0,0.0,0.0,0.0,0.0,8.0,16.0,16.0,4.0,0.0,0.0,0.0,0.0,10.0,16.0,13.0,0.0,0.0,0.0,0.0,0.0,13.0,16.0,12.0,0.0,0.0,0.0,0.0,0.0,10.0,16.0,9.0,0.0,0.0,0.0,0.0,0.0,9.0,16.0,10.0,0.0,0.0,0.0,0.0,0.0,4.0,15.0,16.0,3.0,0.0,0.0,1
0.0,0.0,10.0,12.0,16.0,16.0,8.0,0.0,0.0,4.0,16.0,16.0,11.0,5.0,4.0,0.0,0.0,10.0,12.0,3.0,0.0,0.0,0.0,0.0,0.0,12.0,11.0,0.0,0.0,0.0,0.0,0.0,0.0,6.0,16.0,14.0,8.0,0.0,0.0,0.0,0.0,0.0,5.0,10.0,16.0,3.0,0.0,0.0,0.0,0.0,4.0,8.0,16.0,3.0,0.0,0.0,0.0,0.0,13.0,16.0,11.0,0.0,0.0,0.0,5
0.0,0.0,7.0,5.0,14.0,13.0,0.0,0.0,0.0,0.0,16.0,15.0,6.0,9.0,2.0,0.0,0.0,4.0,16.0,7.0,0.0,4.0,4.0,0.0,0.0,6.0,12.0,1.0,0.0,5.0,7.0,0.0,0.0,8.0,7.0,0.0,0.0,12.0,3.0,0.0,0.0,4.0,8.0,0.0,4.0,12.0,0.0,0.0,0.0,2.0,12.0,5.0,15.0,4.0,0.0,0.0,0.0,0.0,6.0,15.0,6.0,0.0,0.0,0.0,0
0.0,0.0,9.0,16.0,16.0,7.0,0.0,0.0,0.0,2.0,16.0,11.0,4.0,15.0,2.0,0.0,0.0,4.0,16.0,2.0,2.0,16.0,6.0,0.0,0.0,0.0,13.0,11.0,13.0,16.0,10.0,0.0,0.0,0.0,1.0,10.0,13.0,16.0,6.0,0.0,0.0,0.0,0.0,0.0,3.0,16.0,7.0,0.0,0.0,0.0,0.0,2.0,13.0,14.0,1.0,0.0,0.0,0.0,11.0,15.0,15.0,6.0,0.0,0.0,9
0.0,0.0,9.0,16.0,16.0,7.0,0.0,0.0,0.0,7.0,16.0,12.0,7.0,11.0,2.0,0.0,0.0,13.0,13.0,1.0,0.0,0.0,0.0,0.0,0.0,10.0,16.0,10.0,7.0,0.0,0.0,0.0,0.0,0.0,8.0,12.0,16.0,10.0,0.0,0.0,0.0,0.0,0.0,0.0,5.0,16.0,3.0,0.0,0.0,0.0,1.0,0.0,11.0,16.0,1.0,0.0,0.0,0.0,7.0,16.0,16.0,6.0,0.0,0.0,5
0.0,2.0,11.0,16.0,15.0,6.0,0.0,0.0,0.0,11.0,15.0,9.0,14.0,13.0,0.0,0.0,0.0,7.0,1.0,0.0,13.0,9.0,0.0,0.0,0.0,0.0,0.0,1.0,16.0,8.0,0.0,0.0,0.0,0.0,1.0,11.0,13.0,1.0,0.0,0.0,0.0,0.0,5.0,16.0,5.0,0.0,0.0,0.0,0.0,2.0,15.0,9.0,2.0,4.0,4.0,0.0,0.0,2.0,15.0,16.0,16.0,16.0,16.0,1.0,2
0.0,2.0,9.0,16.0,13.0,13.0,2.0,0.0,0.0,11.0,11.0,4.0,2.0,10.0,4.0,0.0,0.0,6.0,12.0,2.0,4.0,12.0,0.0,0.0,0.0,0.0,6.0,14.0,13.0,2.0,0.0,0.0,0.0,0.0,1.0,14.0,12.0,0.0,0.0,0.0,0.0,0.0,8.0,7.0,13.0,0.0,0.0,0.0,0.0,0.0,12.0,5.0,12.0,0.0,0.0,0.0,0.0,0.0,13.0,14.0,3.0,0.0,0.0,0.0,8
0.0,1.0,12.0,16.0,14.0,8.0,0.0,0.0,0.0,4.0,16.0,8.0,10.0,15.0,3.0,0.0,0.0,0.0,0.0,0.0,5.0,16.0,3.0,0.0,0.0,0.0,0.0,1.0,12.0,15.0,0.0,0.0,0.0,0.0,0.0,10.0,16.0,5.0,0.0,0.0,0.0,0.0,5.0,16.0,10.0,0.0,0.0,0.0,0.0,1.0,14.0,15.0,6.0,10.0,11.0,0.0,0.0,0.0,13.0,16.0,16.0,14.0,8.0,1.0,2
0.0,0.0,11.0,8.0,12.0,5.0,0.0,0.0,0.0,1.0,15.0,11.0,6.0,14.0,2.0,0.0,0.0,4.0,11.0,0.0,0.0,9.0,4.0,0.0,0.0,4.0,8.0,0.0,0.0,8.0,6.0,0.0,0.0,6.0,7.0,0.0,0.0,11.0,3.0,0.0,0.0,5.0,8.0,0.0,5.0,13.0,0.0,0.0,0.0,3.0,13.0,5.0,15.0,3.0,0.0,0.0,0.0,0.0,9.0,14.0,4.0,0.0,0.0,0.0,0
0.0,0.0,4.0,13.0,15.0,6.0,0.0,0.0,0.0,0.0,15.0,11.0,2.0,14.0,2.0,0.0,0.0,3.0,14.0,1.0,0.0,12.0,4.0,0.0,0.0,5.0,12.0,0.0,0.0,9.0,5.0,0.0,0.0,5.0,5.0,0.0,0.0,12.0,2.0,0.0,0.0,4.0,9.0,0.0,2.0,13.0,2.0,0.0,0.0,0.0,13.0,2.0,14.0,7.0,0.0,0.0,0.0,0.0,5.0,16.0,7.0,0.0,0.0,0.0,0
0.0,0.0,3.0,16.0,12.0,1.0,0.0,0.0,0.0,0.0,3.0,16.0,16.0,5.0,0.0,0.0,0.0,0.0,2.0,16.0,16.0,5.0,0.0,0.0,0.0,0.0,0.0,16.0,16.0,5.0,0.0,0.0,0.0,0.0,4.0,16.0,16.0,2.0,0.0,0.0,0.0,0.0,4.0,16.0,14.0,0.0,0.0,0.0,0.0,0.0,6.0,16.0,14.0,0.0,0.0,0.0,0.0,0.0,2.0,16.0,14.0,0.0,0.0,0.0,1
0.0,1.0,13.0,16.0,16.0,12.0,0.0,0.0,0.0,3.0,12.0,6.0,11.0,14.0,0.0,0.0,0.0,0.0,0.0,0.0,9.0,12.0,0.0,0.0,0.0,1.0,9.0,15.0,16.0,16.0,9.0,0.0,0.0,2.0,12.0,15.0,14.0,5.0,5.0,0.0,0.0,0.0,5.0,15.0,1.0,0.0,0.0,0.0,0.0,0.0,11.0,9.0,0.0,0.0,0.0,0.0,0.0,0.0,15.0,3.0,0.0,0.0,0.0,0.0,7
0.0,0.0,1.0,9.0,15.0,2.0,0.0,0.0,0.0,0.0,5.0,16.0,7.0,1.0,0.0,0.0,0.0,0.0,14.0,8.0,0.0,0.0,0.0,0.0,0.0,0.0,15.0,6.0,8.0,4.0,0.0,0.0,0.0,0.0,15.0,16.0,13.0,14.0,7.0,0.0,0.0,0.0,14.0,3.0,0.0,3.0,12.0,0.0,0.0,0.0,6.0,9.0,7.0,9.0,15.0,0.0,0.0,0.0,0.0,10.0,14.0,14.0,2.0,0.0,6
0.0,3.0,12.0,15.0,16.0,16.0,3.0,0.0,0.0,6.0,16.0,9.0,9.0,16.0,6.0,0.0,0.0,0.0,3.0,0.0,11.0,15.0,1.0,0.0,0.0,0.0,0.0,4.0,16.0,7.0,0.0,0.0,0.0,0.0,0.0,7.0,16.0,4.0,0.0,0.0,0.0,0.0,0.0,0.0,13.0,11.0,0.0,0.0,0.0,0.0,4.0,5.0,15.0,14.0,0.0,0.0,0.0,3.0,16.0,16.0,15.0,6.0,0.0,0.0,3
0.0,1.0,13.0,16.0,16.0,5.0,0.0,0.0,0.0,7.0,10.0,4.0,10.0,12.0,0.0,0.0,0.0,0.0,0.0,0.0,11.0,7.0,0.0,0.0,0.0,0.0,0.0,2.0,15.0,2.0,0.0,0.0,0.0,0.0,0.0,12.0,7.0,0.0,0.0,0.0,0.0,0.0,6.0,12.0,1.0,0.0,0.0,0.0,0.0,0.0,16.0,3.0,1.0,5.0,3.0,0.0,0.0,1.0,15.0,16.0,16.0,15.0,3.0,0.0,2
0.0,0.0,1.0,12.0,16.0,8.0,0.0,0.0,0.0,2.0,13.0,16.0,16.0,8.0,0.0,0.0,0.0,13.0,16.0,14.0,16.0,12.0,0.0,0.0,0.0,11.0,6.0,7.0,16.0,2.0,0.0,0.0,0.0,0.0,0.0,11.0,16.0,1.0,0.0,0.0,0.0,0.0,0.0,13.0,13.0,0.0,0.0,0.0,0.0,0.0,0.0,15.0,13.0,0.0,0.0,0.0,0.0,0.0,0.0,13.0,13.0,0.0,0.0,0.0,1
0.0,0.0,9.0,15.0,15.0,2.0,0.0,0.0,0.0,3.0,11.0,4.0,15.0,6.0,0.0,0.0,0.0,0.0,0.0,0.0,16.0,2.0,0.0,0.0,0.0,2.0,12.0,13.0,16.0,16.0,11.0,0.0,0.0,2.0,12.0,15.0,11.0,6.0,1.0,0.0,0.0,0.0,3.0,16.0,0.0,0.0,0.0,0.0,0.0,0.0,5.0,14.0,0.0,0.0,0.0,0.0,0.0,0.0,11.0,7.0,0.0,0.0,0.0,0.0,7
0.0,0.0,0.0,2.0,16.0,3.0,0.0,0.0,0.0,0.0,0.0,12.0,13.0,0.0,0.0,0.0,0.0,0.0,8.0,15.0,2.0,1.0,0.0,0.0,0.0,1.0,15.0,8.0,1.0,13.0,11.0,0.0,0.0,9.0,16.0,7.0,12.0,16.0,4.0,0.0,0.0,5.0,13.0,16.0,16.0,11.0,0.0,0.0,0.0,0.0,0.0,2.0,16.0,5.0,0.0,0.0,0.0,0.0,0.0,4.0,16.0,2.0,0.0,0.0,4
0.0,0.0,0.0,7.0,12.0,0.0,0.0,0.0,0.0,0.0,4.0,16.0,8.0,0.0,0.0,0.0,0.0,0.0,12.0,11.0,0.0,0.0,0.0,0.0,0.0,0.0,15.0,10.0,8.0,6.0,1.0,0.0,0.0,0.0,15.0,16.0,8.0,10.0,8.0,0.0,0.0,0.0,14.0,7.0,0.0,0.0,12.0,0.0,0.0,0.0,8.0,11.0,0.0,5.0,16.0,2.0,0.0,0.0,0.0,9.0,14.0,14.0,5.0,0.0,6
0.0,0.0,10.0,16.0,16.0,11.0,0.0,0.0,0.0,1.0,11.0,7.0,6.0,16.0,3.0,0.0,0.0,0.0,0.0,0.0,10.0,15.0,0.0,0.0,0.0,0.0,0.0,0.0,15.0,7.0,0.0,0.0,0.0,0.0,0.0,0.0,15.0,9.0,0.0,0.0,0.0,0.0,0.0,0.0,7.0,13.0,0.0,0.0,0.0,0.0,5.0,4.0,10.0,16.0,0.0,0.0,0.0,0.0,10.0,16.0,16.0,10.0,0.0,0.0,3
0.0,0.0,4.0,12.0,13.0,2.0,0.0,0.0,0.0,0.0,5.0,16.0,16.0,5.0,0.0,0.0,0.0,0.0,5.0,16.0,16.0,6.0,0.0,0.0,0.0,0.0,9.0,16.0,15.0,0.0,0.0,0.0,0.0,0.0,10.0,16.0,14.0,0.0,0.0,0.0,0.0,0.0,12.0,16.0,12.0,0.0,0.0,0.0,0.0,0.0,5.0,16.0,11.0,0.0,0.0,0.0,0.0,0.0,6.0,16.0,13.0,0.0,0.0,0.0,1
0.0,1.0,7.0,15.0,16.0,9.0,0.0,0.0,1.0,13.0,14.0,7.0,14.0,14.0,0.0,0.0,0.0,6.0,1.0,8.0,16.0,8.0,0.0,0.0,0.0,0.0,3.0,16.0,9.0,0.0,0.0,0.0,0.0,0.0,0.0,11.0,15.0,6.0,1.0,0.0,0.0,0.0,0.0,0.0,7.0,15.0,11.0,0.0,0.0,0.0,5.0,1.0,0.0,11.0,16.0,2.0,0.0,0.0,10.0,16.0,16.0,16.0,7.0,0.0,3
0.0,1.0,7.0,13.0,14.0,3.0,0.0,0.0,0.0,10.0,13.0,2.0,5.0,10.0,0.0,0.0,0.0,12.0,4.0,0.0,7.0,16.0,0.0,0.0,0.0,6.0,10.0,9.0,13.0,15.0,1.0,0.0,0.0,0.0,2.0,4.0,0.0,14.0,4.0,0.0,0.0,0.0,0.0,0.0,0.0,13.0,2.0,0.0,0.0,0.0,6.0,0.0,5.0,14.0,0.0,0.0,0.0,0.0,5.0,14.0,14.0,5.0,0.0,0.0,9
0.0,0.0,3.0,12.0,12.0,3.0,0.0,0.0,0.0,0.0,4.0,16.0,16.0,4.0,0.0,0.0,0.0,0.0,5.0,16.0,16.0,5.0,0.0,0.0,0.0,0.0,11.0,16.0,15.0,0.0,0.0,0.0,0.0,0.0,12.0,16.0,14.0,0.0,0.0,0.0,0.0,0.0,13.0,16.0,9.0,0.0,0.0,0.0,0.0,0.0,7.0,16.0,10.0,1.0,0.0,0.0,0.0,0.0,5.0,13.0,14.0,4.0,0.0,0.0,1
0.0,0.0,5.0,14.0,15.0,2.0,0.0,0.0,0.0,6.0,16.0,10.0,15.0,8.0,0.0,0.0,0.0,1.0,4.0,0.0,8.0,8.0,0.0,0.0,0.0,0.0,1.0,7.0,16.0,16.0,8.0,0.0,0.0,0.0,13.0,16.0,16.0,4.0,0.0,0.0,0.0,0.0,6.0,10.0,9.0,0.0,0.0,0.0,0.0,0.0,0.0,13.0,4.0,0.0,0.0,0.0,0.0,0.0,5.0,15.0,2.0,0.0,0.0,0.0,7
0.0,0.0,0.0,9.0,13.0,0.0,0.0,0.0,0.0,0.0,3.0,15.0,4.0,0.0,0.0,0.0,0.0,0.0,12.0,11.0,0.0,0.0,0.0,0.0,0.0,0.0,16.0,11.0,8.0,4.0,0.0,0.0,0.0,0.0,15.0,16.0,8.0,12.0,5.0,0.0,0.0,0.0,14.0,13.0,0.0,1.0,15.0,1.0,0.0,0.0,8.0,12.0,0.0,4.0,16.0,2.0,0.0,0.0,0.0,8.0,12.0,13.0,10.0,1.0,6
0.0,0.0,11.0,16.0,9.0,8.0,0.0,0.0,0.0,0.0,14.0,13.0,6.0,15.0,2.0,0.0,0.0,0.0,9.0,6.0,6.0,10.0,0.0,0.0,0.0,0.0,1.0,14.0,13.0,0.0,0.0,0.0,0.0,0.0,1.0,13.0,8.0,0.0,0.0,0.0,0.0,0.0,5.0,7.0,12.0,0.0,0.0,0.0,0.0,0.0,13.0,0.0,10.0,0.0,0.0,0.0,0.0,0.0,13.0,14.0,8.0,0.0,0.0,0.0,8
0.0,0.0,0.0,6.0,16.0,6.0,0.0,0.0,0.0,0.0,5.0,16.0,10.0,0.0,0.0,0.0,0.0,2.0,15.0,14.0,0.0,7.0,1.0,0.0,0.0,6.0,16.0,3.0,3.0,16.0,9.0,0.0,0.0,11.0,16.0,8.0,11.0,16.0,6.0,0.0,0.0,3.0,15.0,16.0,16.0,15.0,1.0,0.0,0.0,0.0,0.0,3.0,16.0,7.0,0.0,0.0,0.0,0.0,0.0,5.0,16.0,3.0,0.0,0.0,4
0.0,0.0,5.0,12.0,16.0,10.0,0.0,0.0,0.0,8.0,15.0,5.0,12.0,13.0,0.0,0.0,0.0,0.0,0.0,3.0,16.0,4.0,0.0,0.0,0.0,0.0,0.0,5.0,16.0,3.0,0.0,0.0,0.0,0.0,0.0,2.0,15.0,8.0,0.0,0.0,0.0,0.0,0.0,0.0,2.0,14.0,7.0,0.0,0.0,0.0,0.0,0.0,0.0,13.0,11.0,0.0,0.0,0.0,5.0,16.0,16.0,11.0,3.0,0.0,3
0.0,0.0,3.0,16.0,12.0,1.0,0.0,0.0,0.0,0.0,10.0,16.0,16.0,0.0,0.0,0.0,0.0,0.0,12.0,16.0,12.0,0.0,0.0,0.0,0.0,0.0,13.0,16.0,10.0,0.0,0.0,0.0,0.0,0.0,16.0,16.0,1.0,0.0,0.0,0.0,0.0,0.0,16.0,16.0,0.0,0.0,0.0,0.0,0.0,0.0,10.0,16.0,1.0,0.0,0.0,0.0,0.0,0.0,2.0,13.0,9.0,0.0,0.0,0.0,1
0.0,0.0,0.0,8.0,14.0,0.0,0.0,0.0,0.0,0.0,2.0,16.0,10.0,0.0,0.0,0.0,0.0,0.0,12.0,16.0,1.0,3.0,5.0,0.0,0.0,5.0,16.0,6.0,2.0,16.0,9.0,0.0,0.0,11.0,16.0,0.0,8.0,16.0,7.0,0.0,0.0,10.0,16.0,16.0,16.0,11.0,1.0,0.0,0.0,1.0,7.0,9.0,16.0,4.0,0.0,0.0,0.0,0.0,0.0,10.0,11.0,0.0,0.0,0.0,4
0.0,0.0,5.0,12.0,0.0,0.0,0.0,0.0,0.0,0.0,14.0,10.0,14.0,12.0,0.0,0.0,0.0,2.0,16.0,16.0,8.0,11.0,2.0,0.0,0.0,3.0,16.0,11.0,0.0,9.0,3.0,0.0,0.0,5.0,12.0,2.0,0.0,12.0,4.0,0.0,0.0,1.0,12.0,0.0,0.0,13.0,3.0,0.0,0.0,0.0,13.0,6.0,8.0,13.0,0.0,0.0,0.0,0.0,3.0,14.0,12.0,3.0,0.0,0.0,0
0.0,7.0,16.0,16.0,16.0,16.0,11.0,0.0,0.0,8.0,16.0,9.0,6.0,0.0,1.0,0.0,0.0,3.0,16.0,3.0,0.0,0.0,0.0,0.0,0.0,0.0,11.0,12.0,0.0,0.0,0.0,0.0,0.0,0.0,4.0,16.0,1.0,0.0,0.0,0.0,0.0,4.0,0.0,14.0,4.0,0.0,0.0,0.0,0.0,9.0,9.0,16.0,3.0,0.0,0.0,0.0,0.0,5.0,15.0,13.0,0.0,0.0,0.0,0.0,5
0.0,4.0,13.0,16.0,16.0,15.0,3.0,0.0,0.0,10.0,12.0,7.0,8.0,16.0,8.0,0.0,0.0,0.0,0.0,1.0,12.0,15.0,2.0,0.0,0.0,0.0,0.0,4.0,16.0,10.0,0.0,0.0,0.0,0.0,0.0,8.0,16.0,4.0,0.0,0.0,0.0,0.0,0.0,1.0,16.0,10.0,0.0,0.0,0.0,5.0,7.0,4.0,15.0,13.0,0.0,0.0,0.0,5.0,16.0,16.0,16.0,7.0,0.0,0.0,3
0.0,0.0,0.0,12.0,15.0,4.0,0.0,0.0,0.0,0.0,7.0,16.0,9.0,2.0,0.0,0.0,0.0,0.0,12.0,14.0,0.0,0.0,0.0,0.0,0.0,0.0,16.0,11.0,3.0,0.0,0.0,0.0,0.0,3.0,16.0,14.0,15.0,8.0,0.0,0.0,0.0,1.0,16.0,6.0,0.0,12.0,8.0,0.0,0.0,0.0,12.0,12.0,4.0,13.0,12.0,0.0,0.0,0.0,1.0,11.0,16.0,16.0,4.0,0.0,6
0.0,2.0,14.0,16.0,16.0,7.0,0.0,0.0,0.0,6.0,15.0,5.0,6.0,13.0,0.0,0.0,0.0,4.0,15.0,0.0,9.0,16.0,6.0,0.0,0.0,2.0,13.0,16.0,16.0,15.0,9.0,0.0,0.0,0.0,1.0,4.0,2.0,15.0,8.0,0.0,0.0,0.0,0.0,0.0,1.0,16.0,6.0,0.0,0.0,0.0,0.0,1.0,12.0,15.0,2.0,0.0,0.0,1.0,14.0,16.0,16.0,6.0,0.0,0.0,9
0.0,0.0,0.0,12.0,16.0,1.0,0.0,0.0,0.0,0.0,4.0,16.0,11.0,0.0,0.0,0.0,0.0,0.0,12.0,15.0,1.0,0.0,0.0,0.0,0.0,0.0,15.0,13.0,8.0,4.0,0.0,0.0,0.0,3.0,16.0,15.0,11.0,15.0,7.0,0.0,0.0,2.0,15.0,10.0,0.0,4.0,15.0,3.0,0.0,0.0,8.0,12.0,4.0,6.0,16.0,5.0,0.0,0.0,1.0,11.0,16.0,16.0,13.0,0.0,6
0.0,0.0,0.0,14.0,10.0,0.0,0.0,0.0,0.0,3.0,14.0,16.0,13.0,0.0,0.0,0.0,2.0,16.0,16.0,16.0,5.0,0.0,0.0,0.0,1.0,11.0,14.0,15.0,1.0,0.0,0.0,0.0,0.0,0.0,8.0,16.0,1.0,0.0,0.0,0.0,0.0,0.0,7.0,16.0,1.0,0.0,0.0,0.0,0.0,0.0,1.0,15.0,5.0,0.0,0.0,0.0,0.0,0.0,0.0,13.0,13.0,0.0,0.0,0.0,1
0.0,1.0,8.0,12.0,16.0,16.0,3.0,0.0,0.0,5.0,14.0,8.0,10.0,15.0,0.0,0.0,0.0,0.0,2.0,5.0,14.0,12.0,2.0,0.0,0.0,3.0,15.0,16.0,15.0,12.0,8.0,0.0,0.0,3.0,6.0,14.0,7.0,0.0,0.0,0.0,0.0,0.0,2.0,15.0,1.0,0.0,0.0,0.0,0.0,0.0,10.0,8.0,0.0,0.0,0.0,0.0,0.0,0.0,14.0,4.0,0.0,0.0,0.0,0.0,7
0.0,0.0,15.0,13.0,12.0,12.0,2.0,0.0,0.0,4.0,16.0,16.0,12.0,6.0,0.0,0.0,0.0,0.0,16.0,4.0,0.0,0.0,0.0,0.0,0.0,0.0,11.0,7.0,0.0,0.0,0.0,0.0,0.0,0.0,7.0,14.0,0.0,0.0,0.0,0.0,0.0,0.0,0.0,14.0,6.0,0.0,0.0,0.0,0.0,4.0,5.0,14.0,8.0,0.0,0.0,0.0,0.0,1.0,15.0,16.0,4.0,0.0,0.0,0.0,5
0.0,0.0,0.0,3.0,15.0,7.0,0.0,0.0,0.0,0.0,0.0,13.0,14.0,3.0,0.0,0.0,0.0,0.0,6.0,15.0,2.0,6.0,6.0,0.0,0.0,2.0,15.0,4.0,0.0,15.0,8.0,0.0,0.0,8.0,12.0,0.0,4.0,16.0,1.0,0.0,0.0,11.0,14.0,12.0,16.0,10.0,0.0,0.0,0.0,2.0,8.0,7.0,15.0,4.0,0.0,0.0,0.0,0.0,0.0,3.0,16.0,2.0,0.0,0.0,4
0.0,0.0,0.0,7.0,14.0,0.0,0.0,0.0,0.0,0.0,4.0,16.0,5.0,0.0,0.0,0.0,0.0,0.0,14.0,9.0,0.0,0.0,10.0,3.0,0.0,7.0,15.0,0.0,0.0,9.0,15.0,0.0,0.0,12.0,15.0,8.0,10.0,15.0,10.0,0.0,0.0,8.0,15.0,12.0,16.0,12.0,1.0,0.0,0.0,0.0,0.0,5.0,15.0,3.0,0.0,0.0,0.0,0.0,0.0,9.0,13.0,0.0,0.0,0.0,4
0.0,0.0,5.0,12.0,16.0,16.0,7.0,0.0,0.0,0.0,10.0,9.0,4.0,11.0,12.0,0.0,0.0,0.0,0.0,0.0,0.0,13.0,7.0,0.0,0.0,0.0,2.0,10.0,15.0,16.0,13.0,0.0,0.0,0.0,14.0,13.0,16.0,10.0,1.0,0.0,0.0,0.0,3.0,4.0,16.0,2.0,0.0,0.0,0.0,0.0,0.0,13.0,9.0,0.0,0.0,0.0,0.0,0.0,6.0,13.0,0.0,0.0,0.0,0.0,7
0.0,2.0,13.0,16.0,10.0,0.0,0.0,0.0,0.0,6.0,13.0,10.0,16.0,0.0,0.0,0.0,0.0,0.0,0.0,8.0,14.0,0.0,0.0,0.0,0.0,0.0,1.0,14.0,9.0,0.0,0.0,0.0,0.0,0.0,9.0,14.0,1.0,0.0,0.0,0.0,0.0,1.0,14.0,7.0,0.0,0.0,1.0,0.0,0.0,4.0,16.0,5.0,7.0,12.0,14.0,0.0,0.0,3.0,15.0,16.0,16.0,10.0,1.0,0.0,2
0.0,1.0,3.0,15.0,15.0,2.0,0.0,0.0,2.0,16.0,16.0,12.0,16.0,6.0,0.0,0.0,1.0,15.0,7.0,6.0,14.0,0.0,0.0,0.0,0.0,5.0,14.0,14.0,10.0,0.0,0.0,0.0,0.0,0.0,7.0,16.0,7.0,0.0,0.0,0.0,0.0,0.0,6.0,15.0,13.0,8.0,0.0,0.0,0.0,0.0,8.0,12.0,7.0,16.0,0.0,0.0,0.0,0.0,4.0,15.0,16.0,14.0,0.0,0.0,8
0.0,2.0,15.0,16.0,15.0,1.0,0.0,0.0,0.0,3.0,11.0,5.0,16.0,4.0,0.0,0.0,0.0,0.0,0.0,0.0,15.0,5.0,0.0,0.0,0.0,0.0,0.0,4.0,15.0,1.0,0.0,0.0,0.0,0.0,2.0,14.0,5.0,0.0,0.0,0.0,0.0,0.0,15.0,10.0,0.0,0.0,0.0,0.0,0.0,5.0,16.0,3.0,3.0,4.0,3.0,0.0,0.0,4.0,16.0,16.0,16.0,16.0,11.0,0.0,2
0.0,2.0,13.0,16.0,16.0,10.0,0.0,0.0,2.0,15.0,12.0,7.0,10.0,16.0,0.0,0.0,0.0,3.0,1.0,0.0,12.0,13.0,0.0,0.0,0.0,0.0,0.0,3.0,16.0,4.0,0.0,0.0,0.0,0.0,0.0,13.0,9.0,0.0,0.0,0.0,0.0,0.0,6.0,15.0,3.0,0.0,0.0,0.0,0.0,0.0,16.0,10.0,6.0,8.0,8.0,1.0,0.0,2.0,15.0,16.0,16.0,12.0,12.0,1.0,2
0.0,4.0,7.0,13.0,16.0,16.0,4.0,0.0,0.0,11.0,16.0,14.0,9.0,2.0,0.0,0.0,0.0,14.0,5.0,0.0,0.0,0.0,0.0,0.0,0.0,12.0,8.0,0.0,0.0,0.0,0.0,0.0,0.0,9.0,12.0,0.0,0.0,0.0,0.0,0.0,0.0,2.0,13.0,16.0,9.0,0.0,0.0,0.0,0.0,1.0,3.0,14.0,16.0,3.0,0.0,0.0,0.0,4.0,14.0,16.0,13.0,0.0,0.0,0.0,5
0.0,0.0,12.0,16.0,16.0,16.0,15.0,0.0,0.0,0.0,3.0,4.0,2.0,8.0,15.0,0.0,0.0,0.0,0.0,2.0,4.0,11.0,11.0,0.0,0.0,0.0,6.0,15.0,16.0,16.0,12.0,0.0,0.0,0.0,5.0,6.0,15.0,7.0,2.0,0.0,0.0,0.0,0.0,10.0,13.0,0.0,0.0,0.0,0.0,0.0,4.0,16.0,2.0,0.0,0.0,0.0,0.0,0.0,14.0,11.0,0.0,0.0,0.0,0.0,7
0.0,1.0,14.0,16.0,15.0,4.0,0.0,0.0,0.0,4.0,16.0,9.0,11.0,15.0,3.0,0.0,0.0,6.0,16.0,1.0,8.0,16.0,2.0,0.0,0.0,2.0,14.0,10.0,15.0,16.0,6.0,0.0,0.0,0.0,3.0,11.0,8.0,15.0,5.0,0.0,0.0,0.0,0.0,0.0,1.0,16.0,5.0,0.0,0.0,0.0,3.0,3.0,11.0,15.0,1.0,0.0,0.0,0.0,13.0,16.0,14.0,4.0,0.0,0.0,9
0.0,8.0,16.0,12.0,15.0,16.0,7.0,0.0,0.0,13.0,16.0,14.0,6.0,4.0,1.0,0.0,0.0,12.0,10.0,0.0,0.0,0.0,0.0,0.0,0.0,3.0,16.0,10.0,0.0,0.0,0.0,0.0,0.0,0.0,6.0,15.0,9.0,0.0,0.0,0.0,0.0,0.0,0.0,4.0,16.0,2.0,0.0,0.0,0.0,1.0,4.0,6.0,16.0,5.0,0.0,0.0,0.0,7.0,16.0,16.0,10.0,0.0,0.0,0.0,5
0.0,0.0,0.0,3.0,14.0,6.0,0.0,0.0,0.0,0.0,3.0,14.0,10.0,1.0,0.0,0.0,0.0,1.0,13.0,10.0,0.0,0.0,0.0,0.0,0.0,9.0,14.0,1.0,0.0,7.0,5.0,0.0,0.0,11.0,15.0,8.0,9.0,16.0,10.0,0.0,0.0,7.0,16.0,16.0,15.0,15.0,2.0,0.0,0.0,0.0,0.0,0.0,12.0,11.0,0.0,0.0,0.0,0.0,0.0,3.0,16.0,2.0,0.0,0.0,4
0.0,0.0,11.0,16.0,16.0,14.0,0.0,0.0,0.0,1.0,16.0,15.0,13.0,15.0,1.0,0.0,0.0,0.0,14.0,15.0,16.0,6.0,0.0,0.0,0.0,0.0,8.0,16.0,7.0,0.0,0.0,0.0,0.0,0.0,8.0,16.0,7.0,0.0,0.0,0.0,0.0,0.0,13.0,14.0,13.0,0.0,0.0,0.0,0.0,0.0,16.0,11.0,15.0,0.0,0.0,0.0,0.0,0.0,12.0,16.0,10.0,0.0,0.0,0.0,8
0.0,0.0,13.0,16.0,16.0,15.0,2.0,0.0,0.0,0.0,14.0,13.0,11.0,16.0,2.0,0.0,0.0,0.0,11.0,13.0,15.0,6.0,0.0,0.0,0.0,0.0,5.0,16.0,10.0,0.0,0.0,0.0,0.0,0.0,10.0,14.0,15.0,0.0,0.0,0.0,0.0,1.0,14.0,3.0,15.0,7.0,0.0,0.0,0.0,6.0,11.0,0.0,15.0,6.0,0.0,0.0,0.0,1.0,13.0,16.0,15.0,3.0,0.0,0.0,8
0.0,0.0,2.0,14.0,13.0,0.0,0.0,0.0,0.0,0.0,14.0,15.0,3.0,0.0,0.0,0.0,0.0,6.0,16.0,2.0,1.0,5.0,0.0,0.0,0.0,10.0,13.0,0.0,5.0,16.0,2.0,0.0,0.0,7.0,16.0,9.0,12.0,16.0,11.0,0.0,0.0,0.0,5.0,12.0,16.0,10.0,2.0,0.0,0.0,0.0,0.0,12.0,12.0,1.0,0.0,0.0,0.0,0.0,0.0,16.0,5.0,0.0,0.0,0.0,4
0.0,0.0,9.0,16.0,16.0,10.0,0.0,0.0,0.0,2.0,16.0,9.0,11.0,11.0,0.0,0.0,0.0,0.0,15.0,7.0,12.0,16.0,3.0,0.0,0.0,0.0,7.0,16.0,15.0,15.0,7.0,0.0,0.0,0.0,0.0,0.0,0.0,10.0,10.0,0.0,0.0,0.0,0.0,0.0,0.0,11.0,10.0,0.0,0.0,0.0,11.0,2.0,6.0,16.0,6.0,0.0,0.0,0.0,9.0,16.0,16.0,11.0,1.0,0.0,9
0.0,0.0,10.0,13.0,14.0,8.0,0.0,0.0,0.0,0.0,13.0,9.0,5.0,12.0,5.0,0.0,0.0,4.0,13.0,0.0,0.0,4.0,8.0,0.0,0.0,4.0,8.0,0.0,0.0,4.0,8.0,0.0,0.0,8.0,4.0,0.0,0.0,13.0,2.0,0.0,0.0,8.0,4.0,0.0,9.0,10.0,0.0,0.0,0.0,4.0,12.0,12.0,13.0,1.0,0.0,0.0,0.0,1.0,11.0,11.0,1.0,0.0,0.0,0.0,0
0.0,0.0,14.0,16.0,13.0,9.0,1.0,0.0,0.0,0.0,12.0,10.0,9.0,16.0,3.0,0.0,0.0,0.0,9.0,14.0,13.0,13.0,1.0,0.0,0.0,0.0,3.0,13.0,16.0,6.0,0.0,0.0,0.0,0.0,5.0,16.0,12.0,9.0,0.0,0.0,0.0,0.0,13.0,8.0,14.0,6.0,0.0,0.0,0.0,1.0,16.0,11.0,15.0,1.0,0.0,0.0,0.0,1.0,13.0,16.0,6.0,0.0,0.0,0.0,8
0.0,0.0,9.0,15.0,13.0,3.0,0.0,0.0,0.0,2.0,14.0,2.0,6.0,5.0,0.0,0.0,0.0,4.0,9.0,0.0,0.0,15.0,4.0,0.0,0.0,1.0,13.0,5.0,7.0,16.0,6.0,0.0,0.0,0.0,2.0,7.0,7.0,14.0,3.0,0.0,0.0,0.0,0.0,0.0,1.0,14.0,1.0,0.0,0.0,0.0,3.0,1.0,10.0,9.0,0.0,0.0,0.0,0.0,11.0,15.0,9.0,1.0,0.0,0.0,9
0.0,0.0,13.0,16.0,9.0,4.0,0.0,0.0,0.0,0.0,15.0,9.0,9.0,15.0,1.0,0.0,0.0,0.0,11.0,9.0,13.0,11.0,0.0,0.0,0.0,0.0,5.0,16.0,14.0,1.0,0.0,0.0,0.0,0.0,7.0,16.0,10.0,0.0,0.0,0.0,0.0,0.0,14.0,10.0,16.0,2.0,0.0,0.0,0.0,0.0,16.0,4.0,15.0,7.0,0.0,0.0,0.0,0.0,11.0,16.0,16.0,3.0,0.0,0.0,8
0.0,0.0,0.0,12.0,11.0,0.0,0.0,0.0,0.0,0.0,12.0,12.0,9.0,10.0,0.0,0.0,0.0,2.0,16.0,2.0,1.0,11.0,1.0,0.0,0.0,1.0,15.0,0.0,0.0,5.0,8.0,0.0,0.0,2.0,14.0,0.0,0.0,5.0,10.0,0.0,0.0,0.0,13.0,2.0,0.0,2.0,13.0,0.0,0.0,0.0,7.0,9.0,0.0,7.0,11.0,0.0,0.0,0.0,0.0,11.0,13.0,16.0,2.0,0.0,0
0.0,0.0,0.0,1.0,13.0,13.0,0.0,0.0,0.0,0.0,4.0,15.0,15.0,16.0,0.0,0.0,0.0,8.0,16.0,10.0,6.0,14.0,0.0,0.0,0.0,10.0,6.0,0.0,8.0,13.0,0.0,0.0,0.0,0.0,0.0,0.0,10.0,13.0,0.0,0.0,0.0,0.0,0.0,0.0,13.0,9.0,0.0,0.0,0.0,0.0,0.0,0.0,14.0,7.0,0.0,0.0,0.0,0.0,0.0,0.0,16.0,7.0,0.0,0.0,1
0.0,0.0,2.0,12.0,16.0,10.0,0.0,0.0,0.0,2.0,15.0,10.0,6.0,15.0,0.0,0.0,0.0,2.0,7.0,1.0,4.0,14.0,0.0,0.0,0.0,0.0,0.0,0.0,9.0,10.0,0.0,0.0,0.0,0.0,0.0,0.0,12.0,3.0,0.0,0.0,0.0,0.0,0.0,8.0,14.0,0.0,0.0,0.0,0.0,0.0,15.0,16.0,15.0,10.0,5.0,0.0,0.0,0.0,1.0,8.0,8.0,11.0,16.0,6.0,2
0.0,4.0,14.0,16.0,16.0,15.0,2.0,0.0,0.0,12.0,11.0,2.0,4.0,16.0,5.0,0.0,0.0,2.0,0.0,1.0,11.0,12.0,0.0,0.0,0.0,0.0,0.0,15.0,16.0,3.0,0.0,0.0,0.0,0.0,0.0,4.0,15.0,10.0,0.0,0.0,0.0,0.0,0.0,0.0,1.0,14.0,10.0,0.0,0.0,1.0,7.0,0.0,3.0,14.0,8.0,0.0,0.0,4.0,15.0,16.0,16.0,11.0,0.0,0.0,3
0.0,0.0,0.0,2.0,15.0,2.0,0.0,0.0,0.0,0.0,0.0,12.0,12.0,0.0,0.0,0.0,0.0,0.0,5.0,16.0,2.0,0.0,0.0,0.0,0.0,0.0,11.0,10.0,0.0,3.0,8.0,0.0,0.0,5.0,16.0,1.0,2.0,15.0,5.0,0.0,0.0,9.0,13.0,7.0,14.0,16.0,2.0,0.0,0.0,5.0,15.0,14.0,16.0,10.0,0.0,0.0,0.0,0.0,0.0,2.0,16.0,5.0,0.0,0.0,4
0.0,0.0,12.0,16.0,16.0,16.0,7.0,0.0,0.0,1.0,14.0,15.0,6.0,4.0,1.0,0.0,0.0,8.0,16.0,2.0,0.0,0.0,0.0,0.0,0.0,9.0,16.0,12.0,12.0,9.0,1.0,0.0,0.0,1.0,8.0,8.0,8.0,15.0,10.0,0.0,0.0,0.0,0.0,0.0,0.0,13.0,12.0,0.0,0.0,0.0,8.0,2.0,6.0,16.0,5.0,0.0,0.0,1.0,11.0,16.0,16.0,8.0,0.0,0.0,5
0.0,0.0,0.0,11.0,13.0,0.0,0.0,0.0,0.0,0.0,1.0,16.0,12.0,0.0,0.0,0.0,0.0,0.0,4.0,16.0,6.0,0.0,0.0,0.0,0.0,0.0,7.0,16.0,16.0,7.0,0.0,0.0,0.0,0.0,8.0,16.0,16.0,14.0,11.0,0.0,0.0,0.0,9.0,16.0,3.0,5.0,16.0,4.0,0.0,0.0,6.0,15.0,5.0,14.0,16.0,2.0,0.0,0.0,1.0,11.0,16.0,15.0,4.0,0.0,6
0.0,3.0,15.0,16.0,15.0,3.0,0.0,0.0,0.0,3.0,10.0,8.0,15.0,12.0,0.0,0.0,0.0,0.0,0.0,0.0,14.0,8.0,0.0,0.0,0.0,0.0,11.0,13.0,16.0,16.0,8.0,0.0,0.0,1.0,15.0,16.0,15.0,7.0,2.0,0.0,0.0,0.0,5.0,16.0,5.0,0.0,0.0,0.0,0.0,2.0,16.0,11.0,0.0,0.0,0.0,0.0,0.0,3.0,16.0,5.0,0.0,0.0,0.0,0.0,7
0.0,0.0,4.0,15.0,13.0,3.0,0.0,0.0,0.0,4.0,13.0,14.0,10.0,13.0,0.0,0.0,0.0,8.0,16.0,8.0,8.0,13.0,0.0,0.0,0.0,0.0,15.0,12.0,15.0,11.0,0.0,0.0,0.0,0.0,6.0,16.0,13.0,1.0,0.0,0.0,0.0,0.0,11.0,15.0,15.0,2.0,0.0,0.0,0.0,0.0,12.0,8.0,15.0,8.0,0.0,0.0,0.0,0.0,5.0,15.0,16.0,5.0,0.0,0.0,8
0.0,0.0,13.0,13.0,1.0,0.0,0.0,0.0,0.0,7.0,16.0,13.0,12.0,13.0,0.0,0.0,0.0,8.0,13.0,1.0,15.0,16.0,4.0,0.0,0.0,4.0,15.0,13.0,15.0,15.0,10.0,0.0,0.0,0.0,6.0,11.0,3.0,9.0,13.0,0.0,0.0,0.0,0.0,0.0,0.0,5.0,16.0,0.0,0.0,1.0,7.0,0.0,1.0,9.0,15.0,1.0,0.0,1.0,13.0,16.0,16.0,16.0,6.0,0.0,9
0.0,0.0,0.0,14.0,12.0,1.0,0.0,0.0,0.0,0.0,4.0,15.0,7.0,10.0,0.0,0.0,0.0,2.0,16.0,15.0,5.0,12.0,2.0,0.0,0.0,7.0,16.0,0.0,0.0,11.0,5.0,0.0,0.0,5.0,12.0,0.0,0.0,12.0,4.0,0.0,0.0,1.0,15.0,0.0,0.0,14.0,2.0,0.0,0.0,0.0,9.0,6.0,7.0,15.0,0.0,0.0,0.0,0.0,1.0,13.0,16.0,8.0,0.0,0.0,0
0.0,0.0,0.0,11.0,16.0,3.0,0.0,0.0,0.0,0.0,5.0,16.0,16.0,5.0,0.0,0.0,0.0,6.0,16.0,15.0,16.0,3.0,0.0,0.0,0.0,11.0,11.0,10.0,16.0,1.0,0.0,0.0,0.0,0.0,0.0,10.0,15.0,0.0,0.0,0.0,0.0,0.0,0.0,11.0,13.0,0.0,0.0,0.0,0.0,0.0,0.0,10.0,16.0,2.0,0.0,0.0,0.0,0.0,0.0,7.0,16.0,2.0,0.0,0.0,1
0.0,0.0,6.0,16.0,8.0,0.0,0.0,0.0,0.0,0.0,8.0,13.0,16.0,3.0,0.0,0.0,0.0,0.0,2.0,12.0,10.0,8.0,0.0,0.0,0.0,0.0,0.0,0.0,7.0,11.0,0.0,0.0,0.0,0.0,0.0,0.0,9.0,10.0,0.0,0.0,0.0,0.0,0.0,0.0,13.0,7.0,0.0,0.0,0.0,0.0,1.0,10.0,16.0,10.0,8.0,3.0,0.0,0.0,4.0,16.0,16.0,15.0,16.0,16.0,2
0.0,0.0,9.0,16.0,16.0,12.0,2.0,0.0,0.0,3.0,13.0,5.0,4.0,14.0,5.0,0.0,0.0,0.0,0.0,0.0,7.0,15.0,2.0,0.0,0.0,0.0,0.0,5.0,16.0,11.0,0.0,0.0,0.0,0.0,0.0,0.0,8.0,16.0,7.0,0.0,0.0,0.0,0.0,0.0,0.0,13.0,8.0,0.0,0.0,0.0,4.0,5.0,5.0,15.0,4.0,0.0,0.0,0.0,12.0,16.0,15.0,5.0,0.0,0.0,3
0.0,0.0,0.0,2.0,14.0,1.0,0.0,0.0,0.0,0.0,0.0,14.0,8.0,0.0,0.0,0.0,0.0,0.0,8.0,15.0,1.0,0.0,0.0,0.0,0.0,0.0,13.0,6.0,0.0,5.0,11.0,0.0,0.0,3.0,15.0,0.0,0.0,10.0,9.0,0.0,0.0,9.0,13.0,4.0,7.0,16.0,3.0,0.0,0.0,7.0,16.0,16.0,16.0,13.0,0.0,0.0,0.0,0.0,3.0,2.0,16.0,6.0,0.0,0.0,4
0.0,5.0,16.0,16.0,16.0,16.0,10.0,0.0,0.0,4.0,10.0,4.0,4.0,4.0,0.0,0.0,0.0,10.0,10.0,0.0,0.0,0.0,0.0,0.0,0.0,4.0,16.0,13.0,7.0,1.0,0.0,0.0,0.0,0.0,2.0,8.0,14.0,14.0,2.0,0.0,0.0,0.0,0.0,0.0,1.0,16.0,7.0,0.0,0.0,3.0,3.0,2.0,11.0,15.0,0.0,0.0,0.0,5.0,16.0,16.0,12.0,1.0,0.0,0.0,5
0.0,0.0,0.0,12.0,13.0,0.0,0.0,0.0,0.0,0.0,2.0,16.0,12.0,0.0,0.0,0.0,0.0,0.0,4.0,16.0,6.0,0.0,0.0,0.0,0.0,0.0,10.0,16.0,8.0,0.0,0.0,0.0,0.0,0.0,8.0,16.0,16.0,15.0,5.0,0.0,0.0,0.0,8.0,16.0,0.0,6.0,15.0,1.0,0.0,0.0,7.0,16.0,4.0,10.0,16.0,3.0,0.0,0.0,1.0,11.0,16.0,16.0,12.0,0.0,6
0.0,0.0,5.0,13.0,16.0,14.0,0.0,0.0,0.0,1.0,14.0,8.0,5.0,16.0,2.0,0.0,0.0,0.0,1.0,0.0,2.0,15.0,2.0,0.0,0.0,0.0,0.0,2.0,8.0,15.0,3.0,0.0,0.0,0.0,0.0,15.0,16.0,13.0,8.0,0.0,0.0,0.0,0.0,6.0,14.0,0.0,0.0,0.0,0.0,0.0,0.0,13.0,7.0,0.0,0.0,0.0,0.0,0.0,7.0,14.0,0.0,0.0,0.0,0.0,7
0.0,0.0,4.0,16.0,14.0,3.0,0.0,0.0,2.0,14.0,16.0,12.0,10.0,11.0,0.0,0.0,0.0,13.0,12.0,9.0,15.0,10.0,0.0,0.0,0.0,3.0,14.0,14.0,16.0,4.0,0.0,0.0,0.0,0.0,9.0,16.0,8.0,0.0,0.0,0.0,0.0,0.0,12.0,15.0,14.0,1.0,0.0,0.0,0.0,0.0,12.0,12.0,16.0,4.0,0.0,0.0,0.0,0.0,4.0,15.0,16.0,3.0,0.0,0.0,8
0.0,0.0,8.0,16.0,4.0,0.0,0.0,0.0,0.0,6.0,12.0,2.0,14.0,13.0,0.0,0.0,0.0,9.0,6.0,1.0,14.0,14.0,0.0,0.0,0.0,2.0,11.0,12.0,8.0,16.0,2.0,0.0,0.0,0.0,0.0,0.0,0.0,11.0,8.0,0.0,0.0,0.0,0.0,0.0,0.0,7.0,9.0,0.0,0.0,0.0,2.0,0.0,1.0,12.0,6.0,0.0,0.0,0.0,8.0,9.0,13.0,7.0,0.0,0.0,9
0.0,0.0,0.0,16.0,11.0,1.0,0.0,0.0,0.0,0.0,13.0,16.0,10.0,9.0,0.0,0.0,0.0,2.0,16.0,11.0,1.0,14.0,2.0,0.0,0.0,3.0,16.0,1.0,0.0,8.0,7.0,0.0,0.0,4.0,13.0,0.0,0.0,8.0,9.0,0.0,0.0,3.0,16.0,1.0,0.0,10.0,9.0,0.0,0.0,0.0,10.0,8.0,3.0,16.0,4.0,0.0,0.0,0.0,1.0,11.0,16.0,13.0,1.0,0.0,0
0.0,0.0,0.0,0.0,5.0,15.0,1.0,0.0,0.0,0.0,0.0,0.0,11.0,16.0,1.0,0.0,0.0,0.0,0.0,8.0,15.0,16.0,3.0,0.0,0.0,2.0,13.0,15.0,5.0,16.0,0.0,0.0,0.0,8.0,14.0,2.0,3.0,16.0,0.0,0.0,0.0,0.0,0.0,0.0,4.0,15.0,0.0,0.0,0.0,0.0,0.0,0.0,5.0,15.0,0.0,0.0,0.0,0.0,0.0,0.0,5.0,16.0,1.0,0.0,1
0.0,0.0,4.0,16.0,16.0,4.0,0.0,0.0,0.0,0.0,12.0,11.0,7.0,11.0,0.0,0.0,0.0,0.0,9.0,2.0,5.0,12.0,0.0,0.0,0.0,0.0,0.0,0.0,7.0,11.0,0.0,0.0,0.0,0.0,0.0,0.0,13.0,6.0,0.0,0.0,0.0,0.0,0.0,2.0,16.0,1.0,0.0,0.0,0.0,0.0,1.0,15.0,15.0,10.0,1.0,0.0,0.0,0.0,5.0,16.0,8.0,11.0,11.0,0.0,2
0.0,1.0,13.0,16.0,16.0,8.0,0.0,0.0,0.0,11.0,13.0,4.0,13.0,7.0,0.0,0.0,0.0,7.0,1.0,7.0,16.0,1.0,0.0,0.0,0.0,0.0,5.0,16.0,15.0,9.0,0.0,0.0,0.0,0.0,3.0,6.0,8.0,15.0,8.0,0.0,0.0,0.0,6.0,1.0,0.0,7.0,13.0,0.0,0.0,4.0,16.0,5.0,2.0,13.0,10.0,0.0,0.0,1.0,12.0,16.0,16.0,11.0,1.0,0.0,3
0.0,0.0,0.0,1.0,16.0,3.0,0.0,0.0,0.0,0.0,0.0,10.0,11.0,0.0,0.0,0.0,0.0,0.0,1.0,14.0,3.0,0.0,0.0,0.0,0.0,0.0,7.0,12.0,0.0,3.0,9.0,0.0,0.0,0.0,14.0,2.0,0.0,10.0,7.0,0.0,0.0,6.0,13.0,5.0,11.0,14.0,1.0,0.0,0.0,11.0,16.0,16.0,16.0,9.0,0.0,0.0,0.0,1.0,2.0,1.0,14.0,1.0,0.0,0.0,4
0.0,0.0,6.0,15.0,16.0,16.0,3.0,0.0,0.0,0.0,14.0,16.0,6.0,6.0,1.0,0.0,0.0,3.0,14.0,5.0,0.0,0.0,0.0,0.0,0.0,11.0,15.0,8.0,4.0,0.0,0.0,0.0,0.0,1.0,10.0,12.0,16.0,8.0,0.0,0.0,0.0,0.0,0.0,0.0,5.0,16.0,0.0,0.0,0.0,0.0,0.0,5.0,13.0,14.0,0.0,0.0,0.0,0.0,4.0,16.0,14.0,3.0,0.0,0.0,5
0.0,0.0,2.0,16.0,5.0,0.0,0.0,0.0,0.0,0.0,6.0,16.0,2.0,0.0,0.0,0.0,0.0,0.0,9.0,13.0,0.0,0.0,0.0,0.0,0.0,0.0,11.0,13.0,12.0,11.0,2.0,0.0,0.0,0.0,14.0,16.0,14.0,10.0,14.0,0.0,0.0,0.0,13.0,7.0,3.0,0.0,14.0,6.0,0.0,0.0,10.0,14.0,4.0,8.0,16.0,7.0,0.0,0.0,2.0,14.0,16.0,15.0,8.0,0.0,6
0.0,0.0,9.0,13.0,16.0,16.0,4.0,0.0,0.0,2.0,12.0,5.0,4.0,14.0,4.0,0.0,0.0,0.0,0.0,0.0,5.0,13.0,0.0,0.0,0.0,0.0,0.0,3.0,13.0,12.0,5.0,0.0,0.0,0.0,0.0,13.0,14.0,12.0,8.0,0.0,0.0,0.0,0.0,13.0,6.0,0.0,0.0,0.0,0.0,0.0,4.0,14.0,1.0,0.0,0.0,0.0,0.0,0.0,14.0,7.0,0.0,0.0,0.0,0.0,7
0.0,0.0,6.0,8.0,15.0,13.0,1.0,0.0,0.0,1.0,16.0,16.0,11.0,15.0,4.0,0.0,0.0,0.0,15.0,9.0,8.0,15.0,2.0,0.0,0.0,0.0,10.0,16.0,16.0,10.0,0.0,0.0,0.0,0.0,13.0,16.0,10.0,0.0,0.0,0.0,0.0,4.0,15.0,10.0,12.0,0.0,0.0,0.0,0.0,2.0,15.0,5.0,15.0,0.0,0.0,0.0,0.0,0.0,8.0,16.0,10.0,0.0,0.0,0.0,8
0.0,1.0,9.0,14.0,8.0,0.0,0.0,0.0,0.0,8.0,11.0,3.0,7.0,11.0,1.0,0.0,0.0,12.0,7.0,0.0,3.0,16.0,4.0,0.0,0.0,3.0,13.0,12.0,14.0,14.0,7.0,0.0,0.0,0.0,0.0,0.0,0.0,6.0,7.0,0.0,0.0,0.0,0.0,0.0,0.0,9.0,9.0,0.0,0.0,0.0,0.0,0.0,2.0,16.0,1.0,0.0,0.0,0.0,8.0,13.0,14.0,5.0,0.0,0.0,9
0.0,0.0,9.0,16.0,11.0,0.0,0.0,0.0,0.0,1.0,16.0,13.0,15.0,7.0,0.0,0.0,0.0,7.0,16.0,6.0,4.0,16.0,3.0,0.0,0.0,9.0,14.0,0.0,0.0,11.0,10.0,0.0,0.0,8.0,13.0,0.0,0.0,7.0,13.0,0.0,0.0,7.0,13.0,0.0,0.0,7.0,16.0,0.0,0.0,3.0,16.0,7.0,7.0,15.0,6.0,0.0,0.0,0.0,9.0,16.0,16.0,10.0,0.0,0.0,0
0.0,0.0,6.0,14.0,7.0,6.0,0.0,0.0,0.0,1.0,14.0,6.0,13.0,16.0,1.0,0.0,0.0,5.0,12.0,0.0,9.0,16.0,3.0,0.0,0.0,1.0,15.0,14.0,13.0,11.0,8.0,0.0,0.0,0.0,0.0,0.0,0.0,8.0,8.0,0.0,0.0,0.0,0.0,0.0,0.0,7.0,8.0,0.0,0.0,1.0,14.0,2.0,1.0,12.0,1.0,0.0,0.0,0.0,4.0,13.0,15.0,5.0,0.0,0.0,9
0.0,2.0,16.0,16.0,16.0,16.0,3.0,0.0,0.0,1.0,16.0,13.0,6.0,4.0,0.0,0.0,0.0,9.0,16.0,3.0,0.0,0.0,0.0,0.0,0.0,9.0,16.0,13.0,7.0,0.0,0.0,0.0,0.0,3.0,11.0,13.0,16.0,9.0,0.0,0.0,0.0,0.0,0.0,0.0,7.0,16.0,1.0,0.0,0.0,2.0,11.0,5.0,12.0,14.0,0.0,0.0,0.0,3.0,16.0,16.0,16.0,5.0,0.0,0.0,5
0.0,0.0,8.0,16.0,16.0,9.0,0.0,0.0,0.0,1.0,16.0,15.0,11.0,8.0,0.0,0.0,0.0,1.0,14.0,10.0,0.0,0.0,0.0,0.0,0.0,7.0,16.0,10.0,6.0,0.0,0.0,0.0,0.0,2.0,12.0,16.0,16.0,10.0,0.0,0.0,0.0,0.0,0.0,1.0,7.0,15.0,0.0,0.0,0.0,0.0,11.0,5.0,13.0,13.0,0.0,0.0,0.0,0.0,11.0,16.0,16.0,6.0,0.0,0.0,5
0.0,0.0,0.0,16.0,11.0,0.0,0.0,0.0,0.0,0.0,6.0,16.0,10.0,0.0,0.0,0.0,0.0,0.0,11.0,11.0,0.0,0.0,0.0,0.0,0.0,0.0,12.0,15.0,11.0,5.0,0.0,0.0,0.0,0.0,14.0,15.0,12.0,15.0,11.0,0.0,0.0,0.0,12.0,13.0,0.0,0.0,16.0,5.0,0.0,0.0,6.0,15.0,4.0,11.0,16.0,4.0,0.0,0.0,0.0,13.0,16.0,14.0,9.0,0.0,6
0.0,1.0,14.0,16.0,16.0,14.0,1.0,0.0,0.0,0.0,10.0,13.0,6.0,4.0,0.0,0.0,0.0,3.0,15.0,11.0,3.0,0.0,0.0,0.0,0.0,5.0,16.0,16.0,16.0,6.0,0.0,0.0,0.0,0.0,0.0,1.0,10.0,15.0,0.0,0.0,0.0,0.0,0.0,0.0,11.0,11.0,0.0,0.0,0.0,0.0,7.0,12.0,16.0,5.0,0.0,0.0,0.0,2.0,15.0,15.0,5.0,0.0,0.0,0.0,5
0.0,0.0,2.0,14.0,13.0,2.0,0.0,0.0,0.0,0.0,11.0,16.0,15.0,13.0,0.0,0.0,0.0,0.0,13.0,13.0,1.0,16.0,3.0,0.0,0.0,0.0,12.0,13.0,0.0,15.0,6.0,0.0,0.0,1.0,16.0,7.0,1.0,16.0,4.0,0.0,0.0,1.0,16.0,5.0,8.0,16.0,1.0,0.0,0.0,0.0,15.0,13.0,15.0,13.0,0.0,0.0,0.0,0.0,3.0,15.0,15.0,2.0,0.0,0.0,0
0.0,0.0,3.0,13.0,6.0,0.0,0.0,0.0,0.0,0.0,14.0,11.0,15.0,8.0,0.0,0.0,0.0,0.0,15.0,1.0,14.0,16.0,1.0,0.0,0.0,0.0,11.0,13.0,12.0,13.0,5.0,0.0,0.0,0.0,3.0,8.0,1.0,8.0,10.0,0.0,0.0,0.0,0.0,0.0,0.0,9.0,6.0,0.0,0.0,0.0,9.0,4.0,3.0,16.0,2.0,0.0,0.0,0.0,4.0,14.0,14.0,7.0,0.0,0.0,9
0.0,0.0,7.0,10.0,16.0,9.0,0.0,0.0,0.0,0.0,15.0,16.0,13.0,15.0,1.0,0.0,0.0,0.0,10.0,13.0,10.0,16.0,2.0,0.0,0.0,0.0,1.0,16.0,16.0,11.0,0.0,0.0,0.0,0.0,8.0,16.0,16.0,5.0,0.0,0.0,0.0,0.0,15.0,8.0,14.0,7.0,0.0,0.0,0.0,0.0,16.0,7.0,16.0,4.0,0.0,0.0,0.0,0.0,9.0,16.0,14.0,0.0,0.0,0.0,8
0.0,0.0,3.0,12.0,12.0,1.0,0.0,0.0,0.0,3.0,13.0,6.0,9.0,12.0,0.0,0.0,0.0,9.0,5.0,0.0,2.0,15.0,0.0,0.0,0.0,7.0,9.0,4.0,12.0,16.0,1.0,0.0,0.0,0.0,9.0,11.0,3.0,10.0,2.0,0.0,0.0,0.0,0.0,0.0,0.0,11.0,3.0,0.0,0.0,0.0,10.0,2.0,1.0,13.0,0.0,0.0,0.0,0.0,3.0,13.0,16.0,4.0,0.0,0.0,9
0.0,0.0,3.0,15.0,13.0,2.0,0.0,0.0,0.0,0.0,10.0,16.0,12.0,13.0,0.0,0.0,0.0,0.0,13.0,13.0,9.0,14.0,0.0,0.0,0.0,0.0,6.0,15.0,15.0,11.0,0.0,0.0,0.0,0.0,4.0,16.0,14.0,1.0,0.0,0.0,0.0,0.0,11.0,14.0,15.0,5.0,0.0,0.0,0.0,0.0,9.0,10.0,14.0,9.0,0.0,0.0,0.0,0.0,4.0,16.0,15.0,2.0,0.0,0.0,8
0.0,0.0,0.0,2.0,15.0,8.0,0.0,0.0,0.0,0.0,1.0,15.0,13.0,3.0,0.0,0.0,0.0,0.0,9.0,13.0,1.0,0.0,0.0,0.0,0.0,1.0,15.0,6.0,0.0,5.0,11.0,0.0,0.0,7.0,14.0,0.0,1.0,15.0,8.0,0.0,0.0,8.0,15.0,9.0,15.0,16.0,3.0,0.0,0.0,1.0,11.0,16.0,16.0,10.0,0.0,0.0,0.0,0.0,0.0,2.0,15.0,5.0,0.0,0.0,4
0.0,0.0,0.0,16.0,13.0,0.0,0.0,0.0,0.0,0.0,0.0,15.0,15.0,0.0,0.0,0.0,0.0,0.0,0.0,16.0,13.0,0.0,0.0,0.0,0.0,0.0,3.0,16.0,11.0,0.0,0.0,0.0,0.0,0.0,2.0,16.0,12.0,0.0,0.0,0.0,0.0,0.0,3.0,16.0,12.0,0.0,0.0,0.0,0.0,0.0,1.0,16.0,12.0,0.0,0.0,0.0,0.0,0.0,0.0,12.0,15.0,1.0,0.0,0.0,1
0.0,0.0,3.0,11.0,16.0,15.0,2.0,0.0,0.0,4.0,16.0,10.0,4.0,16.0,4.0,0.0,0.0,7.0,6.0,0.0,5.0,16.0,1.0,0.0,0.0,0.0,0.0,0.0,10.0,12.0,0.0,0.0,0.0,0.0,0.0,9.0,16.0,16.0,10.0,0.0,0.0,0.0,0.0,6.0,15.0,6.0,1.0,0.0,0.0,0.0,0.0,13.0,9.0,0.0,0.0,0.0,0.0,0.0,1.0,15.0,2.0,0.0,0.0,0.0,7
0.0,0.0,6.0,16.0,16.0,6.0,0.0,0.0,0.0,5.0,13.0,5.0,7.0,13.0,0.0,0.0,0.0,1.0,1.0,0.0,5.0,11.0,0.0,0.0,0.0,0.0,0.0,5.0,14.0,14.0,8.0,0.0,0.0,0.0,0.0,5.0,16.0,8.0,2.0,0.0,0.0,0.0,0.0,8.0,8.0,0.0,0.0,0.0,0.0,0.0,1.0,14.0,3.0,0.0,0.0,0.0,0.0,0.0,7.0,12.0,0.0,0.0,0.0,0.0,7
0.0,0.0,9.0,16.0,16.0,12.0,0.0,0.0,0.0,2.0,16.0,8.0,9.0,16.0,0.0,0.0,0.0,1.0,8.0,0.0,13.0,14.0,0.0,0.0,0.0,0.0,0.0,13.0,16.0,5.0,0.0,0.0,0.0,0.0,0.0,8.0,14.0,15.0,5.0,0.0,0.0,0.0,0.0,0.0,0.0,9.0,14.0,0.0,0.0,0.0,9.0,6.0,0.0,11.0,15.0,0.0,0.0,0.0,8.0,16.0,16.0,16.0,6.0,0.0,3
0.0,0.0,9.0,16.0,16.0,16.0,7.0,0.0,0.0,3.0,16.0,11.0,4.0,4.0,1.0,0.0,0.0,6.0,16.0,1.0,0.0,0.0,0.0,0.0,0.0,9.0,16.0,9.0,4.0,0.0,0.0,0.0,0.0,0.0,6.0,10.0,16.0,8.0,0.0,0.0,0.0,0.0,2.0,0.0,8.0,14.0,0.0,0.0,0.0,0.0,13.0,7.0,8.0,14.0,0.0,0.0,0.0,0.0,10.0,16.0,16.0,4.0,0.0,0.0,5
0.0,0.0,0.0,14.0,11.0,0.0,0.0,0.0,0.0,0.0,0.0,12.0,16.0,2.0,0.0,0.0,0.0,0.0,0.0,12.0,16.0,2.0,0.0,0.0,0.0,0.0,0.0,15.0,16.0,1.0,0.0,0.0,0.0,0.0,0.0,16.0,16.0,1.0,0.0,0.0,0.0,0.0,3.0,16.0,15.0,0.0,0.0,0.0,0.0,0.0,4.0,16.0,14.0,0.0,0.0,0.0,0.0,0.0,1.0,14.0,16.0,4.0,0.0,0.0,1
0.0,0.0,1.0,13.0,14.0,1.0,0.0,0.0,0.0,1.0,11.0,16.0,10.0,12.0,0.0,0.0,0.0,6.0,16.0,15.0,0.0,13.0,3.0,0.0,0.0,7.0,14.0,5.0,0.0,8.0,9.0,0.0,0.0,6.0,13.0,0.0,0.0,8.0,11.0,0.0,0.0,4.0,15.0,0.0,1.0,14.0,9.0,0.0,0.0,0.0,14.0,8.0,12.0,16.0,3.0,0.0,0.0,0.0,3.0,15.0,15.0,4.0,0.0,0.0,0
0.0,0.0,2.0,14.0,13.0,1.0,0.0,0.0,0.0,0.0,14.0,16.0,13.0,11.0,0.0,0.0,0.0,4.0,16.0,11.0,1.0,13.0,3.0,0.0,0.0,5.0,16.0,3.0,0.0,10.0,9.0,0.0,0.0,6.0,13.0,0.0,0.0,9.0,11.0,0.0,0.0,2.0,15.0,0.0,1.0,15.0,8.0,0.0,0.0,0.0,11.0,12.0,15.0,15.0,1.0,0.0,0.0,0.0,2.0,13.0,16.0,5.0,0.0,0.0,0
0.0,0.0,10.0,16.0,16.0,10.0,0.0,0.0,0.0,4.0,16.0,6.0,1.0,16.0,2.0,0.0,0.0,0.0,10.0,0.0,1.0,16.0,3.0,0.0,0.0,0.0,0.0,0.0,5.0,15.0,0.0,0.0,0.0,0.0,0.0,0.0,11.0,11.0,0.0,0.0,0.0,0.0,0.0,2.0,15.0,4.0,0.0,0.0,0.0,0.0,2.0,13.0,16.0,12.0,8.0,0.0,0.0,0.0,13.0,15.0,11.0,8.0,14.0,7.0,2
0.0,0.0,10.0,16.0,14.0,6.0,0.0,0.0,0.0,0.0,16.0,8.0,6.0,16.0,3.0,0.0,0.0,0.0,9.0,5.0,0.0,13.0,6.0,0.0,0.0,0.0,0.0,0.0,0.0,14.0,8.0,0.0,0.0,0.0,0.0,0.0,4.0,16.0,2.0,0.0,0.0,0.0,0.0,0.0,13.0,11.0,0.0,0.0,0.0,0.0,2.0,9.0,16.0,10.0,6.0,1.0,0.0,0.0,12.0,16.0,14.0,13.0,16.0,8.0,2
0.0,0.0,7.0,15.0,16.0,15.0,0.0,0.0,0.0,2.0,15.0,2.0,5.0,16.0,1.0,0.0,0.0,0.0,0.0,0.0,10.0,13.0,0.0,0.0,0.0,0.0,0.0,3.0,14.0,11.0,2.0,0.0,0.0,0.0,6.0,16.0,16.0,16.0,8.0,0.0,0.0,0.0,5.0,13.0,7.0,0.0,0.0,0.0,0.0,0.0,3.0,15.0,1.0,0.0,0.0,0.0,0.0,0.0,10.0,12.0,0.0,0.0,0.0,0.0,7
0.0,0.0,6.0,14.0,16.0,6.0,0.0,0.0,0.0,6.0,16.0,16.0,8.0,15.0,0.0,0.0,0.0,7.0,14.0,14.0,12.0,14.0,0.0,0.0,0.0,0.0,13.0,10.0,16.0,6.0,0.0,0.0,0.0,0.0,4.0,16.0,10.0,0.0,0.0,0.0,0.0,0.0,11.0,13.0,16.0,2.0,0.0,0.0,0.0,0.0,15.0,5.0,15.0,4.0,0.0,0.0,0.0,0.0,8.0,16.0,15.0,1.0,0.0,0.0,8
0.0,0.0,10.0,16.0,13.0,3.0,0.0,0.0,0.0,0.0,6.0,15.0,12.0,13.0,0.0,0.0,0.0,0.0,0.0,6.0,6.0,16.0,0.0,0.0,0.0,0.0,0.0,0.0,3.0,16.0,1.0,0.0,0.0,0.0,0.0,0.0,7.0,14.0,0.0,0.0,0.0,0.0,0.0,0.0,13.0,8.0,0.0,0.0,0.0,0.0,4.0,15.0,16.0,13.0,8.0,5.0,0.0,0.0,6.0,16.0,10.0,9.0,12.0,15.0,2
0.0,0.0,10.0,16.0,14.0,2.0,0.0,0.0,0.0,3.0,16.0,9.0,8.0,14.0,0.0,0.0,0.0,5.0,16.0,3.0,2.0,15.0,6.0,0.0,0.0,5.0,16.0,3.0,0.0,12.0,10.0,0.0,0.0,7.0,14.0,0.0,0.0,12.0,11.0,0.0,0.0,7.0,16.0,1.0,3.0,16.0,5.0,0.0,0.0,4.0,16.0,7.0,12.0,11.0,1.0,0.0,0.0,0.0,10.0,16.0,14.0,3.0,0.0,0.0,0
0.0,0.0,0.0,1.0,15.0,12.0,0.0,0.0,0.0,0.0,0.0,12.0,16.0,13.0,0.0,0.0,0.0,0.0,11.0,16.0,16.0,13.0,0.0,0.0,0.0,11.0,16.0,11.0,13.0,13.0,0.0,0.0,0.0,3.0,7.0,0.0,12.0,14.0,0.0,0.0,0.0,0.0,0.0,0.0,11.0,13.0,0.0,0.0,0.0,0.0,0.0,0.0,15.0,13.0,0.0,0.0,0.0,0.0,0.0,2.0,15.0,13.0,0.0,0.0,1
0.0,0.0,11.0,16.0,16.0,7.0,0.0,0.0,0.0,2.0,16.0,10.0,11.0,15.0,0.0,0.0,0.0,0.0,15.0,4.0,4.0,16.0,3.0,0.0,0.0,0.0,3.0,3.0,5.0,16.0,1.0,0.0,0.0,0.0,0.0,0.0,9.0,13.0,0.0,0.0,0.0,0.0,0.0,1.0,16.0,7.0,0.0,0.0,0.0,0.0,2.0,12.0,15.0,6.0,4.0,1.0,0.0,0.0,10.0,16.0,16.0,16.0,16.0,10.0,2
0.0,0.0,0.0,14.0,14.0,1.0,0.0,0.0,0.0,0.0,3.0,16.0,14.0,0.0,0.0,0.0,0.0,0.0,10.0,16.0,2.0,0.0,0.0,0.0,0.0,0.0,16.0,16.0,8.0,3.0,0.0,0.0,0.0,3.0,16.0,15.0,8.0,14.0,2.0,0.0,0.0,0.0,16.0,11.0,0.0,11.0,10.0,0.0,0.0,0.0,9.0,14.0,7.0,16.0,10.0,0.0,0.0,0.0,0.0,12.0,16.0,14.0,1.0,0.0,6
0.0,0.0,8.0,16.0,16.0,12.0,0.0,0.0,0.0,0.0,14.0,12.0,10.0,14.0,0.0,0.0,0.0,0.0,3.0,3.0,10.0,10.0,0.0,0.0,0.0,0.0,0.0,8.0,16.0,5.0,0.0,0.0,0.0,0.0,0.0,7.0,16.0,6.0,0.0,0.0,0.0,0.0,4.0,0.0,7.0,14.0,0.0,0.0,0.0,2.0,16.0,5.0,10.0,16.0,0.0,0.0,0.0,0.0,7.0,16.0,16.0,7.0,0.0,0.0,3
0.0,0.0,7.0,16.0,16.0,14.0,0.0,0.0,0.0,0.0,16.0,12.0,10.0,15.0,1.0,0.0,0.0,0.0,10.0,4.0,16.0,10.0,0.0,0.0,0.0,0.0,0.0,9.0,16.0,11.0,1.0,0.0,0.0,0.0,0.0,0.0,7.0,16.0,8.0,0.0,0.0,0.0,0.0,0.0,0.0,16.0,7.0,0.0,0.0,0.0,8.0,4.0,10.0,15.0,2.0,0.0,0.0,0.0,12.0,16.0,16.0,6.0,0.0,0.0,3
0.0,0.0,12.0,16.0,16.0,5.0,0.0,0.0,0.0,3.0,13.0,8.0,14.0,15.0,1.0,0.0,0.0,0.0,0.0,0.0,13.0,16.0,0.0,0.0,0.0,6.0,16.0,16.0,16.0,16.0,13.0,0.0,0.0,6.0,9.0,11.0,16.0,9.0,5.0,0.0,0.0,0.0,0.0,14.0,11.0,0.0,0.0,0.0,0.0,0.0,7.0,16.0,2.0,0.0,0.0,0.0,0.0,0.0,13.0,10.0,0.0,0.0,0.0,0.0,7
0.0,0.0,5.0,15.0,16.0,15.0,1.0,0.0,0.0,10.0,16.0,11.0,8.0,16.0,5.0,0.0,0.0,12.0,10.0,1.0,10.0,15.0,1.0,0.0,0.0,0.0,0.0,8.0,16.0,11.0,1.0,0.0,0.0,0.0,0.0,1.0,10.0,16.0,10.0,0.0,0.0,0.0,0.0,2.0,0.0,7.0,16.0,0.0,0.0,0.0,8.0,13.0,5.0,15.0,12.0,0.0,0.0,0.0,5.0,15.0,16.0,14.0,3.0,0.0,3
0.0,0.0,10.0,16.0,16.0,10.0,1.0,0.0,0.0,4.0,16.0,11.0,11.0,16.0,3.0,0.0,0.0,1.0,9.0,1.0,10.0,15.0,1.0,0.0,0.0,0.0,0.0,5.0,16.0,10.0,0.0,0.0,0.0,0.0,0.0,0.0,7.0,15.0,10.0,0.0,0.0,0.0,0.0,0.0,0.0,7.0,16.0,0.0,0.0,2.0,12.0,7.0,4.0,14.0,15.0,1.0,0.0,0.0,11.0,16.0,16.0,15.0,4.0,0.0,3
0.0,0.0,0.0,1.0,13.0,7.0,0.0,0.0,0.0,0.0,0.0,10.0,14.0,1.0,0.0,0.0,0.0,0.0,3.0,16.0,5.0,0.0,0.0,0.0,0.0,0.0,13.0,11.0,0.0,3.0,8.0,0.0,0.0,6.0,15.0,2.0,0.0,14.0,7.0,0.0,0.0,8.0,16.0,12.0,13.0,16.0,4.0,0.0,0.0,3.0,11.0,11.0,15.0,12.0,0.0,0.0,0.0,0.0,0.0,0.0,16.0,9.0,0.0,0.0,4
0.0,0.0,0.0,14.0,14.0,1.0,0.0,0.0,0.0,0.0,7.0,16.0,10.0,2.0,0.0,0.0,0.0,0.0,14.0,14.0,1.0,0.0,0.0,0.0,0.0,0.0,14.0,16.0,14.0,4.0,0.0,0.0,0.0,1.0,16.0,16.0,8.0,16.0,2.0,0.0,0.0,0.0,14.0,11.0,0.0,13.0,9.0,0.0,0.0,0.0,9.0,14.0,6.0,16.0,7.0,0.0,0.0,0.0,0.0,14.0,16.0,14.0,0.0,0.0,6
0.0,0.0,0.0,14.0,14.0,1.0,0.0,0.0,0.0,0.0,6.0,16.0,12.0,0.0,0.0,0.0,0.0,0.0,12.0,16.0,2.0,0.0,0.0,0.0,0.0,0.0,16.0,16.0,16.0,9.0,0.0,0.0,0.0,1.0,16.0,15.0,8.0,14.0,9.0,0.0,0.0,0.0,14.0,12.0,0.0,12.0,13.0,0.0,0.0,0.0,6.0,14.0,7.0,16.0,10.0,0.0,0.0,0.0,1.0,13.0,16.0,13.0,1.0,0.0,6
0.0,0.0,0.0,12.0,14.0,1.0,0.0,0.0,0.0,0.0,5.0,16.0,12.0,0.0,0.0,0.0,0.0,0.0,10.0,15.0,1.0,0.0,0.0,0.0,0.0,0.0,14.0,15.0,9.0,2.0,0.0,0.0,0.0,1.0,16.0,15.0,16.0,15.0,2.0,0.0,0.0,0.0,15.0,7.0,1.0,12.0,10.0,0.0,0.0,0.0,10.0,14.0,4.0,15.0,12.0,0.0,0.0,0.0,0.0,11.0,16.0,15.0,5.0,0.0,6
0.0,0.0,0.0,4.0,14.0,2.0,0.0,0.0,0.0,0.0,1.0,15.0,7.0,0.0,0.0,0.0,0.0,0.0,8.0,14.0,0.0,2.0,8.0,0.0,0.0,1.0,15.0,5.0,0.0,10.0,11.0,0.0,0.0,6.0,14.0,1.0,6.0,16.0,5.0,0.0,0.0,12.0,16.0,16.0,16.0,14.0,2.0,0.0,0.0,3.0,12.0,13.0,16.0,3.0,0.0,0.0,0.0,0.0,0.0,6.0,10.0,0.0,0.0,0.0,4
0.0,0.0,0.0,12.0,14.0,5.0,0.0,0.0,0.0,0.0,6.0,11.0,4.0,15.0,0.0,0.0,0.0,0.0,8.0,9.0,8.0,16.0,3.0,0.0,0.0,0.0,3.0,14.0,13.0,13.0,4.0,0.0,0.0,0.0,0.0,0.0,0.0,10.0,7.0,0.0,0.0,0.0,0.0,0.0,0.0,7.0,8.0,0.0,0.0,0.0,13.0,6.0,1.0,7.0,9.0,0.0,0.0,0.0,1.0,10.0,14.0,15.0,2.0,0.0,9
0.0,0.0,1.0,15.0,15.0,2.0,0.0,0.0,0.0,0.0,0.0,12.0,16.0,7.0,0.0,0.0,0.0,0.0,0.0,14.0,16.0,5.0,0.0,0.0,0.0,0.0,0.0,13.0,16.0,2.0,0.0,0.0,0.0,0.0,2.0,16.0,13.0,0.0,0.0,0.0,0.0,0.0,6.0,16.0,13.0,0.0,0.0,0.0,0.0,0.0,6.0,16.0,11.0,0.0,0.0,0.0,0.0,0.0,1.0,14.0,16.0,7.0,0.0,0.0,1
0.0,0.0,7.0,16.0,16.0,10.0,0.0,0.0,0.0,0.0,14.0,13.0,7.0,4.0,0.0,0.0,0.0,5.0,16.0,6.0,0.0,0.0,0.0,0.0,0.0,14.0,15.0,8.0,6.0,1.0,0.0,0.0,0.0,4.0,12.0,12.0,16.0,13.0,2.0,0.0,0.0,0.0,0.0,0.0,1.0,15.0,6.0,0.0,0.0,0.0,5.0,6.0,6.0,16.0,4.0,0.0,0.0,0.0,7.0,16.0,16.0,11.0,1.0,0.0,5
0.0,0.0,1.0,12.0,12.0,3.0,0.0,0.0,0.0,0.0,9.0,13.0,5.0,14.0,0.0,0.0,0.0,0.0,15.0,3.0,0.0,10.0,2.0,0.0,0.0,3.0,16.0,4.0,0.0,9.0,4.0,0.0,0.0,4.0,13.0,0.0,0.0,9.0,2.0,0.0,0.0,3.0,13.0,0.0,1.0,15.0,0.0,0.0,0.0,0.0,13.0,6.0,8.0,9.0,0.0,0.0,0.0,0.0,2.0,14.0,12.0,2.0,0.0,0.0,0
0.0,0.0,8.0,16.0,6.0,3.0,0.0,0.0,0.0,2.0,13.0,5.0,10.0,14.0,0.0,0.0,0.0,4.0,14.0,1.0,9.0,16.0,0.0,0.0,0.0,0.0,12.0,13.0,8.0,13.0,0.0,0.0,0.0,0.0,0.0,3.0,0.0,11.0,2.0,0.0,0.0,0.0,0.0,0.0,0.0,12.0,2.0,0.0,0.0,0.0,4.0,1.0,0.0,14.0,1.0,0.0,0.0,0.0,6.0,15.0,16.0,10.0,0.0,0.0,9
0.0,0.0,4.0,9.0,13.0,13.0,0.0,0.0,0.0,1.0,13.0,15.0,6.0,2.0,0.0,0.0,0.0,0.0,9.0,7.0,0.0,0.0,0.0,0.0,0.0,0.0,13.0,3.0,4.0,0.0,0.0,0.0,0.0,2.0,16.0,16.0,16.0,8.0,0.0,0.0,0.0,2.0,11.0,3.0,0.0,10.0,4.0,0.0,0.0,0.0,2.0,5.0,4.0,15.0,1.0,0.0,0.0,0.0,3.0,12.0,14.0,8.0,0.0,0.0,5
0.0,1.0,13.0,16.0,9.0,0.0,0.0,0.0,0.0,8.0,15.0,8.0,15.0,5.0,0.0,0.0,0.0,11.0,9.0,0.0,12.0,8.0,0.0,0.0,0.0,0.0,0.0,0.0,11.0,8.0,0.0,0.0,0.0,0.0,0.0,2.0,16.0,3.0,0.0,0.0,0.0,0.0,0.0,6.0,15.0,1.0,0.0,0.0,0.0,0.0,7.0,16.0,16.0,16.0,10.0,1.0,0.0,1.0,16.0,14.0,10.0,8.0,11.0,1.0,2
0.0,0.0,2.0,16.0,14.0,2.0,0.0,0.0,0.0,1.0,12.0,16.0,16.0,10.0,0.0,0.0,0.0,4.0,16.0,12.0,12.0,12.0,0.0,0.0,0.0,1.0,15.0,11.0,16.0,6.0,0.0,0.0,0.0,0.0,6.0,16.0,13.0,0.0,0.0,0.0,0.0,0.0,9.0,14.0,14.0,8.0,0.0,0.0,0.0,0.0,10.0,12.0,6.0,15.0,0.0,0.0,0.0,0.0,2.0,13.0,16.0,12.0,0.0,0.0,8
0.0,0.0,7.0,16.0,14.0,3.0,0.0,0.0,0.0,0.0,9.0,14.0,11.0,15.0,0.0,0.0,0.0,0.0,1.0,5.0,0.0,15.0,5.0,0.0,0.0,0.0,0.0,0.0,0.0,16.0,5.0,0.0,0.0,0.0,0.0,0.0,3.0,16.0,4.0,0.0,0.0,0.0,0.0,1.0,12.0,14.0,1.0,0.0,0.0,0.0,5.0,12.0,16.0,16.0,14.0,1.0,0.0,0.0,8.0,16.0,14.0,10.0,13.0,3.0,2
0.0,0.0,5.0,13.0,11.0,1.0,0.0,0.0,0.0,3.0,16.0,11.0,8.0,12.0,0.0,0.0,0.0,5.0,16.0,0.0,0.0,13.0,3.0,0.0,0.0,5.0,13.0,0.0,0.0,6.0,7.0,0.0,0.0,7.0,10.0,0.0,0.0,8.0,7.0,0.0,0.0,4.0,13.0,0.0,1.0,14.0,5.0,0.0,0.0,1.0,15.0,5.0,12.0,10.0,0.0,0.0,0.0,0.0,7.0,16.0,10.0,1.0,0.0,0.0,0
0.0,0.0,4.0,15.0,13.0,2.0,0.0,0.0,0.0,4.0,16.0,15.0,7.0,11.0,0.0,0.0,0.0,8.0,14.0,14.0,0.0,14.0,2.0,0.0,0.0,7.0,9.0,12.0,4.0,8.0,7.0,0.0,0.0,6.0,11.0,0.0,0.0,7.0,9.0,0.0,0.0,2.0,15.0,1.0,0.0,10.0,8.0,0.0,0.0,0.0,11.0,8.0,4.0,15.0,4.0,0.0,0.0,0.0,2.0,14.0,16.0,10.0,0.0,0.0,0
0.0,0.0,0.0,3.0,16.0,8.0,0.0,0.0,0.0,0.0,0.0,11.0,16.0,9.0,0.0,0.0,0.0,3.0,12.0,16.0,16.0,8.0,0.0,0.0,0.0,13.0,16.0,9.0,16.0,8.0,0.0,0.0,0.0,1.0,2.0,0.0,16.0,8.0,0.0,0.0,0.0,0.0,0.0,2.0,16.0,4.0,0.0,0.0,0.0,0.0,0.0,2.0,16.0,6.0,0.0,0.0,0.0,0.0,0.0,1.0,16.0,9.0,0.0,0.0,1
0.0,1.0,12.0,16.0,16.0,15.0,0.0,0.0,0.0,7.0,13.0,7.0,8.0,16.0,0.0,0.0,0.0,0.0,1.0,0.0,8.0,14.0,0.0,0.0,0.0,0.0,7.0,15.0,16.0,16.0,11.0,0.0,0.0,3.0,15.0,12.0,15.0,4.0,2.0,0.0,0.0,0.0,1.0,12.0,7.0,0.0,0.0,0.0,0.0,0.0,2.0,16.0,2.0,0.0,0.0,0.0,0.0,0.0,13.0,9.0,0.0,0.0,0.0,0.0,7
0.0,0.0,0.0,8.0,13.0,0.0,0.0,0.0,0.0,0.0,0.0,14.0,6.0,0.0,0.0,0.0,0.0,0.0,6.0,12.0,0.0,0.0,0.0,0.0,0.0,0.0,8.0,13.0,8.0,2.0,0.0,0.0,0.0,0.0,13.0,16.0,13.0,14.0,4.0,0.0,0.0,0.0,11.0,8.0,2.0,3.0,13.0,0.0,0.0,0.0,7.0,11.0,5.0,12.0,11.0,0.0,0.0,0.0,1.0,11.0,12.0,4.0,0.0,0.0,6
0.0,0.0,13.0,16.0,16.0,9.0,0.0,0.0,0.0,2.0,16.0,7.0,7.0,16.0,0.0,0.0,0.0,0.0,4.0,0.0,11.0,10.0,0.0,0.0,0.0,0.0,1.0,13.0,14.0,3.0,0.0,0.0,0.0,0.0,0.0,7.0,15.0,11.0,1.0,0.0,0.0,0.0,0.0,1.0,2.0,13.0,10.0,0.0,0.0,0.0,8.0,9.0,1.0,12.0,11.0,0.0,0.0,0.0,11.0,16.0,16.0,15.0,1.0,0.0,3
0.0,0.0,7.0,16.0,12.0,0.0,0.0,0.0,0.0,1.0,16.0,7.0,13.0,3.0,0.0,0.0,0.0,0.0,15.0,2.0,10.0,6.0,0.0,0.0,0.0,0.0,4.0,0.0,12.0,5.0,0.0,0.0,0.0,0.0,0.0,0.0,15.0,1.0,0.0,0.0,0.0,0.0,0.0,5.0,13.0,0.0,0.0,0.0,0.0,0.0,6.0,15.0,14.0,8.0,7.0,1.0,0.0,0.0,6.0,13.0,12.0,12.0,15.0,12.0,2
0.0,0.0,1.0,14.0,14.0,2.0,0.0,0.0,0.0,0.0,1.0,14.0,16.0,3.0,0.0,0.0,0.0,0.0,0.0,10.0,16.0,2.0,0.0,0.0,0.0,0.0,0.0,11.0,16.0,5.0,0.0,0.0,0.0,0.0,0.0,15.0,16.0,5.0,0.0,0.0,0.0,0.0,0.0,15.0,16.0,5.0,0.0,0.0,0.0,0.0,0.0,10.0,16.0,12.0,1.0,0.0,0.0,0.0,0.0,14.0,16.0,11.0,0.0,0.0,1
0.0,1.0,8.0,16.0,15.0,0.0,0.0,0.0,0.0,4.0,13.0,5.0,16.0,0.0,0.0,0.0,0.0,0.0,0.0,0.0,16.0,0.0,0.0,0.0,0.0,0.0,1.0,7.0,14.0,6.0,2.0,0.0,0.0,0.0,12.0,16.0,14.0,13.0,8.0,0.0,0.0,0.0,8.0,16.0,4.0,0.0,0.0,0.0,0.0,0.0,5.0,15.0,0.0,0.0,0.0,0.0,0.0,0.0,14.0,8.0,0.0,0.0,0.0,0.0,7
0.0,0.0,0.0,7.0,14.0,0.0,0.0,0.0,0.0,0.0,1.0,14.0,8.0,0.0,1.0,0.0,0.0,0.0,8.0,14.0,0.0,9.0,11.0,0.0,0.0,1.0,15.0,6.0,1.0,14.0,10.0,0.0,0.0,8.0,15.0,0.0,8.0,16.0,1.0,0.0,0.0,10.0,15.0,9.0,15.0,15.0,0.0,0.0,0.0,5.0,15.0,14.0,16.0,6.0,0.0,0.0,0.0,0.0,0.0,8.0,15.0,2.0,0.0,0.0,4
0.0,0.0,0.0,16.0,6.0,0.0,0.0,0.0,0.0,0.0,3.0,16.0,6.0,0.0,0.0,0.0,0.0,0.0,9.0,16.0,0.0,0.0,0.0,0.0,0.0,0.0,12.0,16.0,12.0,9.0,1.0,0.0,0.0,0.0,15.0,16.0,14.0,13.0,12.0,0.0,0.0,0.0,14.0,15.0,7.0,0.0,15.0,6.0,0.0,0.0,9.0,14.0,4.0,7.0,15.0,8.0,0.0,0.0,1.0,13.0,16.0,16.0,12.0,1.0,6
0.0,0.0,10.0,16.0,16.0,10.0,0.0,0.0,0.0,8.0,15.0,7.0,6.0,14.0,0.0,0.0,0.0,1.0,3.0,0.0,15.0,8.0,0.0,0.0,0.0,0.0,0.0,12.0,13.0,1.0,0.0,0.0,0.0,0.0,0.0,7.0,15.0,4.0,0.0,0.0,0.0,0.0,0.0,0.0,8.0,12.0,0.0,0.0,0.0,0.0,6.0,0.0,12.0,10.0,0.0,0.0,0.0,0.0,13.0,16.0,15.0,3.0,0.0,0.0,3
0.0,0.0,2.0,14.0,14.0,0.0,0.0,0.0,0.0,0.0,1.0,15.0,16.0,2.0,0.0,0.0,0.0,0.0,0.0,14.0,16.0,3.0,0.0,0.0,0.0,0.0,0.0,10.0,16.0,5.0,0.0,0.0,0.0,0.0,0.0,12.0,14.0,1.0,0.0,0.0,0.0,0.0,0.0,13.0,13.0,0.0,0.0,0.0,0.0,0.0,1.0,16.0,11.0,0.0,0.0,0.0,0.0,0.0,2.0,15.0,12.0,0.0,0.0,0.0,1
0.0,1.0,12.0,16.0,14.0,2.0,0.0,0.0,0.0,7.0,15.0,4.0,13.0,7.0,0.0,0.0,0.0,0.0,2.0,0.0,12.0,7.0,0.0,0.0,0.0,0.0,0.0,6.0,16.0,8.0,0.0,0.0,0.0,0.0,0.0,15.0,13.0,15.0,9.0,0.0,0.0,0.0,0.0,1.0,0.0,8.0,15.0,0.0,0.0,0.0,8.0,4.0,1.0,12.0,10.0,0.0,0.0,1.0,13.0,16.0,16.0,13.0,1.0,0.0,3
0.0,0.0,8.0,16.0,13.0,2.0,0.0,0.0,0.0,2.0,16.0,8.0,11.0,14.0,1.0,0.0,0.0,3.0,16.0,1.0,12.0,16.0,5.0,0.0,0.0,0.0,12.0,16.0,16.0,13.0,9.0,0.0,0.0,0.0,0.0,4.0,2.0,9.0,14.0,0.0,0.0,0.0,4.0,5.0,0.0,8.0,13.0,0.0,0.0,1.0,16.0,11.0,1.0,13.0,7.0,0.0,0.0,0.0,8.0,15.0,16.0,15.0,1.0,0.0,9
0.0,0.0,2.0,16.0,10.0,0.0,0.0,0.0,0.0,0.0,3.0,16.0,16.0,1.0,0.0,0.0,0.0,0.0,5.0,16.0,14.0,0.0,0.0,0.0,0.0,0.0,3.0,16.0,13.0,0.0,0.0,0.0,0.0,0.0,1.0,16.0,15.0,0.0,0.0,0.0,0.0,0.0,1.0,16.0,16.0,0.0,0.0,0.0,0.0,0.0,2.0,16.0,15.0,2.0,0.0,0.0,0.0,0.0,0.0,15.0,16.0,11.0,0.0,0.0,1
0.0,0.0,3.0,13.0,16.0,13.0,1.0,0.0,0.0,3.0,15.0,13.0,10.0,16.0,2.0,0.0,0.0,4.0,10.0,0.0,4.0,16.0,1.0,0.0,0.0,0.0,0.0,3.0,11.0,14.0,2.0,0.0,0.0,0.0,9.0,16.0,16.0,16.0,8.0,0.0,0.0,0.0,9.0,12.0,16.0,0.0,0.0,0.0,0.0,0.0,1.0,12.0,11.0,0.0,0.0,0.0,0.0,0.0,3.0,16.0,8.0,0.0,0.0,0.0,7
0.0,0.0,0.0,10.0,11.0,0.0,0.0,0.0,0.0,0.0,0.0,14.0,14.0,0.0,0.0,0.0,0.0,0.0,4.0,16.0,3.0,0.0,0.0,0.0,0.0,0.0,6.0,16.0,10.0,2.0,0.0,0.0,0.0,0.0,12.0,16.0,12.0,11.0,5.0,0.0,0.0,0.0,11.0,7.0,3.0,2.0,14.0,0.0,0.0,0.0,6.0,13.0,0.0,4.0,13.0,0.0,0.0,0.0,0.0,9.0,16.0,15.0,5.0,0.0,6
0.0,0.0,6.0,12.0,13.0,7.0,0.0,0.0,0.0,0.0,16.0,10.0,16.0,12.0,0.0,0.0,0.0,0.0,13.0,7.0,16.0,9.0,0.0,0.0,0.0,0.0,1.0,15.0,13.0,0.0,0.0,0.0,0.0,0.0,2.0,16.0,13.0,0.0,0.0,0.0,0.0,0.0,10.0,7.0,10.0,2.0,0.0,0.0,0.0,0.0,13.0,4.0,13.0,3.0,0.0,0.0,0.0,0.0,7.0,15.0,9.0,0.0,0.0,0.0,8
0.0,0.0,0.0,0.0,12.0,10.0,0.0,0.0,0.0,0.0,0.0,11.0,16.0,3.0,0.0,0.0,0.0,0.0,4.0,15.0,4.0,0.0,0.0,0.0,0.0,0.0,12.0,10.0,0.0,8.0,10.0,0.0,0.0,6.0,15.0,1.0,1.0,15.0,8.0,0.0,0.0,7.0,16.0,8.0,10.0,16.0,7.0,0.0,0.0,4.0,15.0,16.0,16.0,13.0,0.0,0.0,0.0,0.0,0.0,0.0,12.0,9.0,0.0,0.0,4
0.0,0.0,5.0,16.0,16.0,10.0,0.0,0.0,0.0,2.0,16.0,14.0,14.0,14.0,0.0,0.0,0.0,2.0,14.0,4.0,14.0,10.0,0.0,0.0,0.0,0.0,0.0,8.0,16.0,8.0,0.0,0.0,0.0,0.0,0.0,0.0,8.0,16.0,6.0,0.0,0.0,0.0,0.0,0.0,0.0,12.0,13.0,0.0,0.0,0.0,7.0,11.0,8.0,16.0,11.0,0.0,0.0,0.0,8.0,16.0,16.0,10.0,1.0,0.0,3
0.0,0.0,2.0,16.0,12.0,0.0,0.0,0.0,0.0,0.0,5.0,16.0,16.0,1.0,0.0,0.0,0.0,0.0,2.0,16.0,15.0,0.0,0.0,0.0,0.0,0.0,6.0,16.0,14.0,0.0,0.0,0.0,0.0,0.0,8.0,16.0,9.0,0.0,0.0,0.0,0.0,0.0,7.0,16.0,14.0,0.0,0.0,0.0,0.0,0.0,8.0,16.0,11.0,0.0,0.0,0.0,0.0,0.0,2.0,15.0,13.0,0.0,0.0,0.0,1
0.0,0.0,0.0,6.0,16.0,6.0,0.0,0.0,0.0,0.0,3.0,16.0,9.0,0.0,0.0,0.0,0.0,1.0,13.0,13.0,1.0,2.0,1.0,0.0,0.0,7.0,16.0,5.0,1.0,14.0,10.0,0.0,0.0,12.0,16.0,8.0,12.0,16.0,2.0,0.0,0.0,2.0,12.0,15.0,16.0,11.0,0.0,0.0,0.0,0.0,0.0,8.0,16.0,4.0,0.0,0.0,0.0,0.0,0.0,8.0,15.0,0.0,0.0,0.0,4
0.0,0.0,4.0,16.0,12.0,1.0,0.0,0.0,0.0,2.0,16.0,16.0,11.0,8.0,0.0,0.0,0.0,3.0,16.0,13.0,1.0,14.0,2.0,0.0,0.0,4.0,16.0,0.0,0.0,13.0,4.0,0.0,0.0,4.0,15.0,0.0,0.0,13.0,8.0,0.0,0.0,1.0,16.0,1.0,0.0,14.0,5.0,0.0,0.0,0.0,10.0,8.0,7.0,15.0,1.0,0.0,0.0,0.0,2.0,13.0,16.0,8.0,0.0,0.0,0
0.0,0.0,7.0,16.0,15.0,4.0,0.0,0.0,0.0,0.0,3.0,13.0,4.0,2.0,0.0,0.0,0.0,0.0,9.0,9.0,0.0,0.0,0.0,0.0,0.0,0.0,14.0,7.0,0.0,0.0,0.0,0.0,0.0,0.0,13.0,16.0,13.0,2.0,0.0,0.0,0.0,0.0,0.0,4.0,11.0,8.0,0.0,0.0,0.0,0.0,0.0,1.0,13.0,6.0,0.0,0.0,0.0,0.0,6.0,16.0,14.0,0.0,0.0,0.0,5
0.0,0.0,9.0,16.0,16.0,7.0,0.0,0.0,0.0,13.0,15.0,9.0,12.0,15.0,0.0,0.0,0.0,5.0,4.0,0.0,13.0,13.0,0.0,0.0,0.0,0.0,0.0,11.0,16.0,5.0,0.0,0.0,0.0,0.0,0.0,11.0,16.0,10.0,3.0,0.0,0.0,0.0,0.0,0.0,4.0,12.0,13.0,0.0,0.0,0.0,7.0,1.0,1.0,12.0,14.0,0.0,0.0,0.0,9.0,16.0,16.0,14.0,5.0,0.0,3
0.0,0.0,0.0,15.0,2.0,0.0,0.0,0.0,0.0,0.0,0.0,16.0,4.0,0.0,0.0,0.0,0.0,0.0,6.0,9.0,0.0,0.0,0.0,0.0,0.0,0.0,12.0,16.0,16.0,9.0,1.0,0.0,0.0,0.0,14.0,11.0,0.0,8.0,9.0,0.0,0.0,0.0,11.0,14.0,3.0,2.0,14.0,0.0,0.0,0.0,8.0,11.0,4.0,14.0,7.0,0.0,0.0,0.0,1.0,12.0,14.0,6.0,0.0,0.0,6
0.0,0.0,6.0,12.0,15.0,9.0,1.0,0.0,0.0,5.0,14.0,4.0,5.0,16.0,3.0,0.0,0.0,9.0,8.0,3.0,13.0,16.0,4.0,0.0,0.0,3.0,15.0,15.0,7.0,10.0,8.0,0.0,0.0,0.0,0.0,1.0,0.0,12.0,8.0,0.0,0.0,0.0,0.0,0.0,0.0,11.0,2.0,0.0,0.0,0.0,7.0,4.0,5.0,13.0,0.0,0.0,0.0,0.0,5.0,14.0,15.0,4.0,0.0,0.0,9
0.0,0.0,3.0,16.0,14.0,1.0,0.0,0.0,0.0,0.0,11.0,16.0,6.0,0.0,0.0,0.0,0.0,0.0,15.0,9.0,1.0,0.0,0.0,0.0,0.0,3.0,16.0,14.0,16.0,12.0,2.0,0.0,0.0,4.0,16.0,14.0,13.0,11.0,14.0,0.0,0.0,0.0,16.0,5.0,3.0,7.0,16.0,3.0,0.0,0.0,11.0,12.0,8.0,16.0,10.0,0.0,0.0,0.0,2.0,14.0,16.0,12.0,0.0,0.0,6
0.0,0.0,2.0,16.0,13.0,0.0,0.0,0.0,0.0,0.0,4.0,16.0,15.0,0.0,0.0,0.0,0.0,0.0,4.0,16.0,12.0,0.0,0.0,0.0,0.0,0.0,7.0,16.0,10.0,0.0,0.0,0.0,0.0,0.0,5.0,16.0,9.0,0.0,0.0,0.0,0.0,0.0,7.0,16.0,7.0,0.0,0.0,0.0,0.0,0.0,3.0,16.0,9.0,0.0,0.0,0.0,0.0,0.0,1.0,12.0,15.0,0.0,0.0,0.0,1
0.0,0.0,8.0,16.0,15.0,4.0,0.0,0.0,0.0,10.0,16.0,11.0,13.0,12.0,0.0,0.0,0.0,12.0,7.0,0.0,13.0,8.0,0.0,0.0,0.0,0.0,1.0,7.0,16.0,12.0,5.0,0.0,0.0,5.0,15.0,16.0,16.0,14.0,9.0,0.0,0.0,2.0,8.0,15.0,10.0,0.0,0.0,0.0,0.0,0.0,7.0,16.0,2.0,0.0,0.0,0.0,0.0,0.0,10.0,13.0,0.0,0.0,0.0,0.0,7
0.0,0.0,11.0,16.0,16.0,11.0,0.0,0.0,0.0,0.0,10.0,16.0,7.0,2.0,0.0,0.0,0.0,1.0,16.0,9.0,0.0,0.0,0.0,0.0,0.0,0.0,13.0,16.0,8.0,0.0,0.0,0.0,0.0,0.0,0.0,4.0,15.0,4.0,0.0,0.0,0.0,0.0,0.0,0.0,14.0,8.0,0.0,0.0,0.0,0.0,3.0,8.0,16.0,4.0,0.0,0.0,0.0,0.0,14.0,16.0,9.0,0.0,0.0,0.0,5
0.0,0.0,0.0,1.0,11.0,12.0,0.0,0.0,0.0,0.0,0.0,9.0,13.0,1.0,0.0,0.0,0.0,0.0,8.0,15.0,3.0,0.0,0.0,0.0,0.0,2.0,16.0,6.0,1.0,5.0,2.0,0.0,0.0,12.0,13.0,8.0,13.0,16.0,9.0,0.0,0.0,16.0,16.0,13.0,11.0,16.0,6.0,0.0,0.0,3.0,4.0,0.0,11.0,14.0,0.0,0.0,0.0,0.0,0.0,1.0,16.0,12.0,0.0,0.0,4
0.0,0.0,0.0,3.0,14.0,9.0,0.0,0.0,0.0,0.0,0.0,13.0,11.0,1.0,0.0,0.0,0.0,0.0,9.0,14.0,0.0,0.0,0.0,0.0,0.0,4.0,16.0,4.0,0.0,4.0,2.0,0.0,0.0,12.0,12.0,7.0,14.0,16.0,10.0,0.0,0.0,13.0,16.0,14.0,11.0,16.0,4.0,0.0,0.0,2.0,2.0,0.0,11.0,13.0,0.0,0.0,0.0,0.0,0.0,3.0,16.0,9.0,0.0,0.0,4
0.0,0.0,3.0,13.0,16.0,16.0,5.0,0.0,0.0,4.0,15.0,13.0,10.0,16.0,6.0,0.0,0.0,1.0,8.0,1.0,4.0,16.0,4.0,0.0,0.0,0.0,1.0,6.0,11.0,16.0,10.0,0.0,0.0,0.0,13.0,16.0,16.0,13.0,3.0,0.0,0.0,0.0,10.0,7.0,16.0,4.0,0.0,0.0,0.0,0.0,0.0,11.0,13.0,0.0,0.0,0.0,0.0,0.0,4.0,16.0,8.0,0.0,0.0,0.0,7
0.0,0.0,7.0,14.0,11.0,1.0,0.0,0.0,0.0,6.0,15.0,6.0,7.0,10.0,0.0,0.0,0.0,11.0,7.0,0.0,2.0,12.0,0.0,0.0,0.0,5.0,4.0,0.0,1.0,12.0,0.0,0.0,0.0,0.0,0.0,0.0,3.0,9.0,0.0,0.0,0.0,0.0,0.0,0.0,11.0,3.0,0.0,0.0,0.0,0.0,0.0,9.0,13.0,2.0,3.0,0.0,0.0,0.0,7.0,16.0,16.0,16.0,16.0,6.0,2
0.0,0.0,8.0,15.0,14.0,7.0,0.0,0.0,0.0,0.0,12.0,16.0,14.0,16.0,0.0,0.0,0.0,0.0,3.0,15.0,14.0,14.0,1.0,0.0,0.0,0.0,0.0,11.0,16.0,1.0,0.0,0.0,0.0,0.0,5.0,14.0,14.0,4.0,0.0,0.0,0.0,0.0,12.0,6.0,8.0,8.0,0.0,0.0,0.0,1.0,16.0,2.0,9.0,7.0,0.0,0.0,0.0,0.0,9.0,16.0,11.0,1.0,0.0,0.0,8
0.0,0.0,11.0,16.0,11.0,0.0,0.0,0.0,0.0,3.0,16.0,11.0,15.0,6.0,0.0,0.0,0.0,1.0,10.0,3.0,10.0,10.0,0.0,0.0,0.0,0.0,0.0,0.0,9.0,10.0,0.0,0.0,0.0,0.0,0.0,0.0,12.0,9.0,0.0,0.0,0.0,0.0,0.0,5.0,16.0,5.0,0.0,0.0,0.0,1.0,13.0,16.0,16.0,13.0,8.0,0.0,0.0,0.0,11.0,11.0,8.0,13.0,16.0,7.0,2
0.0,0.0,9.0,16.0,13.0,1.0,0.0,0.0,0.0,8.0,16.0,8.0,11.0,8.0,0.0,0.0,0.0,11.0,10.0,0.0,8.0,10.0,0.0,0.0,0.0,1.0,5.0,0.0,11.0,11.0,0.0,0.0,0.0,0.0,0.0,0.0,13.0,9.0,0.0,0.0,0.0,0.0,0.0,4.0,16.0,2.0,0.0,0.0,0.0,0.0,4.0,14.0,15.0,7.0,4.0,1.0,0.0,0.0,8.0,16.0,16.0,16.0,16.0,12.0,2
0.0,0.0,9.0,16.0,16.0,16.0,4.0,0.0,0.0,0.0,8.0,16.0,5.0,4.0,0.0,0.0,0.0,1.0,15.0,9.0,0.0,0.0,0.0,0.0,0.0,9.0,15.0,8.0,7.0,3.0,0.0,0.0,0.0,3.0,12.0,12.0,14.0,16.0,5.0,0.0,0.0,0.0,0.0,0.0,1.0,11.0,12.0,0.0,0.0,0.0,1.0,2.0,1.0,11.0,10.0,0.0,0.0,0.0,9.0,16.0,16.0,16.0,4.0,0.0,5
0.0,0.0,2.0,13.0,16.0,8.0,0.0,0.0,0.0,0.0,13.0,7.0,7.0,13.0,0.0,0.0,0.0,1.0,7.0,0.0,7.0,13.0,2.0,0.0,0.0,0.0,1.0,10.0,16.0,16.0,13.0,0.0,0.0,0.0,6.0,13.0,16.0,2.0,0.0,0.0,0.0,0.0,1.0,5.0,11.0,0.0,0.0,0.0,0.0,0.0,0.0,12.0,4.0,0.0,0.0,0.0,0.0,0.0,2.0,14.0,0.0,0.0,0.0,0.0,7
0.0,1.0,8.0,11.0,13.0,12.0,0.0,0.0,0.0,5.0,9.0,0.0,4.0,16.0,1.0,0.0,0.0,7.0,5.0,0.0,5.0,16.0,5.0,0.0,0.0,1.0,13.0,11.0,13.0,6.0,8.0,0.0,0.0,0.0,3.0,4.0,1.0,4.0,8.0,0.0,0.0,0.0,0.0,0.0,0.0,7.0,5.0,0.0,0.0,2.0,8.0,1.0,2.0,14.0,0.0,0.0,0.0,0.0,8.0,13.0,11.0,3.0,0.0,0.0,9
0.0,0.0,14.0,16.0,16.0,16.0,2.0,0.0,0.0,7.0,16.0,5.0,1.0,0.0,0.0,0.0,0.0,14.0,13.0,7.0,3.0,0.0,0.0,0.0,0.0,4.0,12.0,13.0,16.0,9.0,0.0,0.0,0.0,0.0,0.0,0.0,6.0,15.0,0.0,0.0,0.0,0.0,0.0,0.0,9.0,14.0,0.0,0.0,0.0,0.0,5.0,14.0,16.0,3.0,0.0,0.0,0.0,1.0,15.0,11.0,4.0,0.0,0.0,0.0,5
0.0,0.0,0.0,2.0,14.0,5.0,0.0,0.0,0.0,0.0,1.0,11.0,11.0,0.0,0.0,0.0,0.0,0.0,7.0,14.0,1.0,0.0,0.0,0.0,0.0,5.0,16.0,3.0,4.0,6.0,2.0,0.0,0.0,14.0,16.0,14.0,16.0,16.0,10.0,0.0,0.0,9.0,12.0,7.0,8.0,16.0,4.0,0.0,0.0,0.0,0.0,0.0,13.0,12.0,0.0,0.0,0.0,0.0,0.0,3.0,15.0,6.0,0.0,0.0,4
0.0,0.0,2.0,15.0,15.0,3.0,0.0,0.0,0.0,3.0,12.0,15.0,10.0,13.0,0.0,0.0,0.0,3.0,16.0,14.0,11.0,14.0,0.0,0.0,0.0,0.0,7.0,16.0,16.0,9.0,0.0,0.0,0.0,0.0,5.0,16.0,13.0,0.0,0.0,0.0,0.0,0.0,13.0,16.0,11.0,0.0,0.0,0.0,0.0,0.0,13.0,16.0,15.0,0.0,0.0,0.0,0.0,0.0,2.0,15.0,10.0,0.0,0.0,0.0,8
0.0,0.0,4.0,15.0,15.0,4.0,0.0,0.0,0.0,6.0,16.0,16.0,12.0,14.0,0.0,0.0,0.0,11.0,11.0,6.0,14.0,12.0,0.0,0.0,0.0,3.0,14.0,13.0,14.0,1.0,0.0,0.0,0.0,0.0,12.0,16.0,5.0,0.0,0.0,0.0,0.0,1.0,16.0,13.0,9.0,0.0,0.0,0.0,0.0,0.0,13.0,10.0,15.0,0.0,0.0,0.0,0.0,0.0,3.0,15.0,15.0,0.0,0.0,0.0,8
0.0,0.0,0.0,5.0,15.0,3.0,0.0,0.0,0.0,0.0,2.0,16.0,4.0,0.0,0.0,0.0,0.0,0.0,8.0,12.0,0.0,2.0,12.0,0.0,0.0,3.0,16.0,1.0,0.0,11.0,10.0,0.0,0.0,9.0,13.0,0.0,3.0,16.0,5.0,0.0,0.0,13.0,15.0,16.0,16.0,12.0,0.0,0.0,0.0,5.0,12.0,14.0,16.0,4.0,0.0,0.0,0.0,0.0,0.0,6.0,15.0,2.0,0.0,0.0,4
0.0,0.0,1.0,11.0,12.0,9.0,5.0,0.0,0.0,0.0,14.0,6.0,1.0,15.0,10.0,0.0,0.0,2.0,12.0,4.0,12.0,7.0,10.0,0.0,0.0,1.0,13.0,12.0,3.0,4.0,8.0,0.0,0.0,0.0,0.0,0.0,0.0,4.0,8.0,0.0,0.0,0.0,3.0,4.0,0.0,7.0,6.0,0.0,0.0,0.0,12.0,7.0,3.0,11.0,0.0,0.0,0.0,0.0,3.0,13.0,15.0,3.0,0.0,0.0,9
0.0,0.0,2.0,15.0,13.0,2.0,0.0,0.0,0.0,0.0,8.0,16.0,15.0,12.0,0.0,0.0,0.0,0.0,9.0,14.0,1.0,15.0,5.0,0.0,0.0,0.0,14.0,13.0,0.0,11.0,9.0,0.0,0.0,3.0,16.0,11.0,0.0,12.0,9.0,0.0,0.0,2.0,16.0,3.0,2.0,16.0,6.0,0.0,0.0,1.0,13.0,11.0,15.0,14.0,0.0,0.0,0.0,0.0,4.0,16.0,15.0,5.0,0.0,0.0,0
0.0,0.0,10.0,9.0,14.0,10.0,0.0,0.0,0.0,2.0,15.0,15.0,4.0,14.0,2.0,0.0,0.0,0.0,13.0,5.0,9.0,12.0,0.0,0.0,0.0,0.0,4.0,16.0,14.0,2.0,0.0,0.0,0.0,0.0,11.0,12.0,10.0,0.0,0.0,0.0,0.0,0.0,15.0,1.0,12.0,0.0,0.0,0.0,0.0,3.0,12.0,2.0,13.0,0.0,0.0,0.0,0.0,0.0,9.0,16.0,7.0,0.0,0.0,0.0,8
0.0,0.0,4.0,14.0,16.0,4.0,0.0,0.0,0.0,0.0,12.0,8.0,9.0,12.0,0.0,0.0,0.0,2.0,11.0,0.0,0.0,12.0,3.0,0.0,0.0,4.0,7.0,0.0,0.0,5.0,8.0,0.0,0.0,6.0,4.0,0.0,0.0,4.0,8.0,0.0,0.0,4.0,9.0,0.0,0.0,6.0,8.0,0.0,0.0,0.0,14.0,9.0,6.0,15.0,2.0,0.0,0.0,0.0,4.0,16.0,15.0,5.0,0.0,0.0,0
0.0,0.0,0.0,3.0,15.0,16.0,1.0,0.0,0.0,0.0,7.0,15.0,16.0,14.0,0.0,0.0,0.0,4.0,16.0,16.0,15.0,13.0,0.0,0.0,0.0,0.0,8.0,2.0,15.0,13.0,0.0,0.0,0.0,0.0,0.0,0.0,16.0,15.0,0.0,0.0,0.0,0.0,0.0,0.0,16.0,12.0,0.0,0.0,0.0,0.0,0.0,1.0,16.0,16.0,2.0,0.0,0.0,0.0,0.0,3.0,15.0,13.0,1.0,0.0,1
0.0,1.0,10.0,16.0,3.0,0.0,0.0,0.0,0.0,5.0,16.0,14.0,8.0,0.0,0.0,0.0,0.0,10.0,11.0,8.0,12.0,0.0,0.0,0.0,0.0,1.0,1.0,8.0,12.0,0.0,0.0,0.0,0.0,0.0,0.0,12.0,8.0,0.0,0.0,0.0,0.0,0.0,2.0,15.0,5.0,1.0,2.0,0.0,0.0,0.0,10.0,16.0,14.0,14.0,12.0,0.0,0.0,0.0,14.0,16.0,16.0,13.0,7.0,0.0,2
0.0,0.0,8.0,16.0,8.0,0.0,0.0,0.0,0.0,0.0,16.0,6.0,15.0,1.0,0.0,0.0,0.0,4.0,10.0,0.0,12.0,2.0,0.0,0.0,0.0,0.0,0.0,7.0,16.0,3.0,0.0,0.0,0.0,0.0,0.0,5.0,13.0,16.0,3.0,0.0,0.0,0.0,0.0,0.0,0.0,11.0,6.0,0.0,0.0,0.0,12.0,9.0,9.0,16.0,2.0,0.0,0.0,0.0,8.0,16.0,15.0,7.0,0.0,0.0,3
0.0,0.0,3.0,16.0,0.0,0.0,0.0,0.0,0.0,0.0,10.0,10.0,0.0,0.0,0.0,0.0,0.0,1.0,16.0,3.0,13.0,5.0,0.0,0.0,0.0,8.0,13.0,1.0,16.0,7.0,6.0,0.0,0.0,14.0,13.0,9.0,16.0,16.0,10.0,0.0,0.0,11.0,16.0,16.0,14.0,9.0,3.0,0.0,0.0,1.0,4.0,16.0,8.0,0.0,0.0,0.0,0.0,0.0,2.0,16.0,6.0,0.0,0.0,0.0,4
0.0,1.0,12.0,12.0,12.0,15.0,6.0,0.0,0.0,1.0,14.0,5.0,5.0,4.0,1.0,0.0,0.0,0.0,12.0,0.0,0.0,0.0,0.0,0.0,0.0,8.0,16.0,16.0,15.0,8.0,0.0,0.0,0.0,1.0,4.0,4.0,5.0,12.0,7.0,0.0,0.0,0.0,0.0,0.0,0.0,11.0,4.0,0.0,0.0,2.0,7.0,2.0,10.0,12.0,0.0,0.0,0.0,2.0,16.0,15.0,8.0,1.0,0.0,0.0,5
0.0,0.0,1.0,13.0,4.0,0.0,0.0,0.0,0.0,0.0,12.0,13.0,1.0,0.0,0.0,0.0,0.0,1.0,16.0,2.0,0.0,0.0,0.0,0.0,0.0,5.0,16.0,8.0,4.0,2.0,0.0,0.0,0.0,5.0,16.0,14.0,16.0,15.0,3.0,0.0,0.0,3.0,13.0,1.0,0.0,9.0,9.0,0.0,0.0,0.0,11.0,12.0,4.0,11.0,11.0,0.0,0.0,0.0,2.0,13.0,16.0,13.0,1.0,0.0,6
0.0,0.0,0.0,11.0,16.0,16.0,10.0,0.0,0.0,0.0,10.0,12.0,9.0,15.0,9.0,0.0,0.0,0.0,13.0,8.0,0.0,12.0,5.0,0.0,0.0,0.0,6.0,0.0,4.0,12.0,0.0,0.0,0.0,0.0,2.0,15.0,16.0,16.0,9.0,0.0,0.0,0.0,6.0,13.0,15.0,9.0,1.0,0.0,0.0,0.0,0.0,9.0,9.0,0.0,0.0,0.0,0.0,0.0,1.0,14.0,4.0,0.0,0.0,0.0,7
0.0,0.0,4.0,12.0,13.0,5.0,0.0,0.0,0.0,3.0,15.0,8.0,10.0,15.0,2.0,0.0,0.0,3.0,14.0,2.0,2.0,15.0,3.0,0.0,0.0,0.0,10.0,16.0,16.0,7.0,0.0,0.0,0.0,0.0,0.0,7.0,13.0,15.0,3.0,0.0,0.0,0.0,2.0,11.0,1.0,12.0,5.0,0.0,0.0,0.0,7.0,9.0,1.0,14.0,2.0,0.0,0.0,0.0,4.0,16.0,16.0,7.0,0.0,0.0,8
0.0,0.0,5.0,12.0,13.0,12.0,0.0,0.0,0.0,7.0,13.0,5.0,8.0,15.0,0.0,0.0,0.0,4.0,14.0,4.0,13.0,16.0,3.0,0.0,0.0,0.0,6.0,12.0,8.0,9.0,4.0,0.0,0.0,0.0,0.0,0.0,0.0,8.0,8.0,0.0,0.0,0.0,0.0,0.0,0.0,6.0,8.0,0.0,0.0,0.0,1.0,3.0,2.0,13.0,6.0,0.0,0.0,0.0,6.0,16.0,16.0,8.0,1.0,0.0,9
0.0,0.0,3.0,10.0,16.0,4.0,0.0,0.0,0.0,1.0,15.0,16.0,16.0,10.0,0.0,0.0,0.0,6.0,10.0,2.0,3.0,14.0,1.0,0.0,0.0,8.0,6.0,0.0,0.0,10.0,4.0,0.0,0.0,4.0,8.0,0.0,0.0,5.0,8.0,0.0,0.0,0.0,15.0,0.0,0.0,9.0,8.0,0.0,0.0,0.0,12.0,14.0,10.0,16.0,3.0,0.0,0.0,0.0,4.0,14.0,13.0,5.0,0.0,0.0,0
0.0,0.0,0.0,0.0,9.0,15.0,0.0,0.0,0.0,0.0,1.0,10.0,16.0,16.0,1.0,0.0,0.0,5.0,16.0,15.0,14.0,16.0,0.0,0.0,0.0,1.0,8.0,0.0,10.0,16.0,0.0,0.0,0.0,0.0,0.0,0.0,11.0,16.0,0.0,0.0,0.0,0.0,0.0,0.0,10.0,15.0,0.0,0.0,0.0,0.0,0.0,0.0,12.0,16.0,3.0,0.0,0.0,0.0,0.0,0.0,8.0,16.0,3.0,0.0,1
0.0,3.0,16.0,15.0,1.0,0.0,0.0,0.0,0.0,10.0,16.0,15.0,6.0,0.0,0.0,0.0,0.0,13.0,10.0,13.0,8.0,0.0,0.0,0.0,0.0,1.0,3.0,11.0,10.0,0.0,0.0,0.0,0.0,0.0,0.0,15.0,8.0,0.0,0.0,0.0,0.0,0.0,4.0,16.0,10.0,5.0,7.0,0.0,0.0,1.0,13.0,16.0,16.0,16.0,16.0,0.0,0.0,2.0,14.0,15.0,11.0,8.0,3.0,0.0,2
0.0,0.0,12.0,16.0,15.0,1.0,0.0,0.0,0.0,5.0,16.0,10.0,15.0,8.0,0.0,0.0,0.0,1.0,7.0,3.0,14.0,6.0,0.0,0.0,0.0,0.0,0.0,12.0,16.0,7.0,0.0,0.0,0.0,0.0,0.0,3.0,13.0,16.0,6.0,0.0,0.0,0.0,4.0,0.0,0.0,15.0,11.0,0.0,0.0,2.0,16.0,10.0,11.0,16.0,7.0,0.0,0.0,0.0,10.0,16.0,16.0,10.0,1.0,0.0,3
0.0,0.0,0.0,10.0,12.0,0.0,0.0,0.0,0.0,0.0,4.0,15.0,1.0,0.0,0.0,0.0,0.0,0.0,13.0,10.0,1.0,2.0,0.0,0.0,0.0,5.0,15.0,2.0,15.0,9.0,1.0,0.0,0.0,11.0,13.0,6.0,16.0,16.0,9.0,0.0,0.0,13.0,16.0,16.0,16.0,10.0,2.0,0.0,0.0,2.0,7.0,13.0,11.0,0.0,0.0,0.0,0.0,0.0,0.0,13.0,11.0,0.0,0.0,0.0,4
0.0,0.0,11.0,10.0,8.0,12.0,1.0,0.0,0.0,0.0,16.0,13.0,12.0,10.0,0.0,0.0,0.0,5.0,14.0,2.0,0.0,0.0,0.0,0.0,0.0,7.0,16.0,16.0,13.0,8.0,0.0,0.0,0.0,0.0,4.0,4.0,8.0,16.0,7.0,0.0,0.0,0.0,0.0,0.0,0.0,9.0,8.0,0.0,0.0,0.0,9.0,4.0,7.0,16.0,5.0,0.0,0.0,0.0,14.0,16.0,14.0,7.0,0.0,0.0,5
0.0,0.0,2.0,13.0,0.0,0.0,0.0,0.0,0.0,0.0,12.0,12.0,0.0,0.0,0.0,0.0,0.0,2.0,16.0,2.0,0.0,0.0,0.0,0.0,0.0,4.0,14.0,8.0,7.0,2.0,0.0,0.0,0.0,8.0,15.0,12.0,13.0,15.0,2.0,0.0,0.0,2.0,15.0,1.0,0.0,7.0,11.0,0.0,0.0,0.0,13.0,8.0,5.0,13.0,9.0,0.0,0.0,0.0,2.0,13.0,16.0,11.0,1.0,0.0,6
0.0,0.0,1.0,9.0,16.0,16.0,16.0,1.0,0.0,0.0,8.0,15.0,10.0,14.0,13.0,0.0,0.0,0.0,14.0,6.0,0.0,14.0,6.0,0.0,0.0,0.0,6.0,2.0,6.0,16.0,3.0,0.0,0.0,0.0,0.0,12.0,16.0,16.0,10.0,0.0,0.0,0.0,0.0,6.0,16.0,8.0,0.0,0.0,0.0,0.0,0.0,7.0,13.0,0.0,0.0,0.0,0.0,0.0,0.0,14.0,6.0,0.0,0.0,0.0,7
0.0,0.0,3.0,12.0,15.0,11.0,2.0,0.0,0.0,0.0,11.0,13.0,7.0,13.0,8.0,0.0,0.0,7.0,15.0,1.0,5.0,15.0,3.0,0.0,0.0,1.0,12.0,16.0,16.0,5.0,0.0,0.0,0.0,0.0,0.0,13.0,15.0,15.0,2.0,0.0,0.0,0.0,2.0,13.0,0.0,10.0,5.0,0.0,0.0,0.0,4.0,11.0,4.0,11.0,6.0,0.0,0.0,0.0,2.0,13.0,16.0,12.0,0.0,0.0,8
0.0,0.0,11.0,16.0,16.0,12.0,0.0,0.0,0.0,3.0,16.0,7.0,14.0,16.0,1.0,0.0,0.0,0.0,15.0,14.0,15.0,16.0,6.0,0.0,0.0,0.0,2.0,10.0,9.0,15.0,9.0,0.0,0.0,0.0,0.0,0.0,0.0,9.0,10.0,0.0,0.0,0.0,0.0,0.0,0.0,12.0,8.0,0.0,0.0,0.0,6.0,11.0,6.0,15.0,5.0,0.0,0.0,0.0,9.0,16.0,16.0,12.0,0.0,0.0,9
0.0,0.0,2.0,9.0,14.0,12.0,0.0,0.0,0.0,0.0,12.0,16.0,10.0,15.0,1.0,0.0,0.0,4.0,14.0,3.0,2.0,6.0,6.0,0.0,0.0,5.0,7.0,0.0,0.0,3.0,8.0,0.0,0.0,4.0,7.0,0.0,0.0,1.0,8.0,0.0,0.0,3.0,12.0,1.0,0.0,5.0,8.0,0.0,0.0,0.0,10.0,12.0,7.0,14.0,3.0,0.0,0.0,0.0,1.0,12.0,16.0,8.0,0.0,0.0,0
0.0,0.0,0.0,0.0,11.0,15.0,1.0,0.0,0.0,0.0,0.0,6.0,16.0,16.0,2.0,0.0,0.0,3.0,13.0,16.0,16.0,16.0,0.0,0.0,0.0,9.0,16.0,12.0,16.0,14.0,0.0,0.0,0.0,1.0,3.0,0.0,16.0,13.0,0.0,0.0,0.0,0.0,0.0,0.0,14.0,13.0,0.0,0.0,0.0,0.0,0.0,0.0,12.0,16.0,5.0,0.0,0.0,0.0,0.0,0.0,8.0,16.0,7.0,0.0,1
0.0,4.0,16.0,15.0,2.0,0.0,0.0,0.0,0.0,11.0,15.0,15.0,7.0,0.0,0.0,0.0,0.0,9.0,10.0,6.0,14.0,0.0,0.0,0.0,0.0,0.0,0.0,7.0,15.0,0.0,0.0,0.0,0.0,0.0,0.0,13.0,10.0,0.0,0.0,0.0,0.0,0.0,1.0,16.0,7.0,2.0,2.0,0.0,0.0,1.0,12.0,16.0,15.0,16.0,15.0,0.0,0.0,4.0,16.0,16.0,16.0,12.0,11.0,0.0,2
0.0,1.0,12.0,15.0,5.0,0.0,0.0,0.0,0.0,4.0,15.0,8.0,15.0,3.0,0.0,0.0,0.0,0.0,3.0,1.0,14.0,4.0,0.0,0.0,0.0,0.0,4.0,14.0,16.0,1.0,0.0,0.0,0.0,0.0,1.0,10.0,14.0,15.0,4.0,0.0,0.0,0.0,0.0,0.0,0.0,12.0,8.0,0.0,0.0,4.0,8.0,4.0,10.0,16.0,4.0,0.0,0.0,2.0,12.0,16.0,13.0,6.0,0.0,0.0,3
0.0,0.0,0.0,12.0,7.0,0.0,0.0,0.0,0.0,0.0,6.0,15.0,1.0,1.0,0.0,0.0,0.0,1.0,14.0,8.0,10.0,8.0,0.0,0.0,0.0,6.0,15.0,0.0,13.0,12.0,6.0,0.0,0.0,14.0,15.0,12.0,16.0,16.0,9.0,0.0,0.0,10.0,16.0,15.0,16.0,8.0,1.0,0.0,0.0,0.0,0.0,10.0,16.0,1.0,0.0,0.0,0.0,0.0,0.0,12.0,9.0,0.0,0.0,0.0,4
0.0,2.0,6.0,10.0,12.0,1.0,0.0,0.0,0.0,14.0,13.0,10.0,5.0,1.0,0.0,0.0,0.0,10.0,6.0,0.0,0.0,0.0,0.0,0.0,0.0,10.0,13.0,12.0,12.0,5.0,0.0,0.0,0.0,2.0,8.0,5.0,7.0,14.0,8.0,0.0,0.0,0.0,0.0,0.0,0.0,5.0,12.0,0.0,0.0,0.0,2.0,2.0,1.0,10.0,10.0,0.0,0.0,0.0,5.0,16.0,16.0,14.0,1.0,0.0,5
0.0,0.0,6.0,14.0,1.0,0.0,0.0,0.0,0.0,0.0,12.0,10.0,0.0,0.0,0.0,0.0,0.0,3.0,16.0,1.0,0.0,0.0,0.0,0.0,0.0,5.0,14.0,0.0,4.0,2.0,0.0,0.0,0.0,7.0,16.0,16.0,16.0,16.0,5.0,0.0,0.0,4.0,16.0,6.0,0.0,9.0,11.0,0.0,0.0,0.0,14.0,8.0,5.0,13.0,9.0,0.0,0.0,0.0,5.0,13.0,16.0,12.0,1.0,0.0,6
0.0,0.0,1.0,14.0,16.0,16.0,15.0,1.0,0.0,0.0,11.0,14.0,8.0,13.0,11.0,0.0,0.0,0.0,15.0,6.0,0.0,14.0,3.0,0.0,0.0,0.0,5.0,1.0,5.0,13.0,1.0,0.0,0.0,0.0,0.0,13.0,16.0,16.0,9.0,0.0,0.0,0.0,2.0,16.0,15.0,9.0,1.0,0.0,0.0,0.0,0.0,11.0,9.0,0.0,0.0,0.0,0.0,0.0,3.0,16.0,2.0,0.0,0.0,0.0,7
0.0,0.0,1.0,14.0,13.0,4.0,0.0,0.0,0.0,3.0,15.0,12.0,11.0,15.0,0.0,0.0,0.0,8.0,11.0,1.0,7.0,13.0,0.0,0.0,0.0,1.0,13.0,14.0,16.0,1.0,0.0,0.0,0.0,0.0,0.0,14.0,13.0,14.0,2.0,0.0,0.0,0.0,2.0,12.0,0.0,9.0,8.0,0.0,0.0,0.0,3.0,13.0,4.0,12.0,6.0,0.0,0.0,0.0,0.0,9.0,14.0,13.0,1.0,0.0,8
0.0,0.0,8.0,13.0,14.0,5.0,0.0,0.0,0.0,5.0,13.0,4.0,11.0,9.0,0.0,0.0,0.0,4.0,13.0,1.0,12.0,14.0,0.0,0.0,0.0,0.0,8.0,14.0,11.0,12.0,4.0,0.0,0.0,0.0,0.0,0.0,0.0,7.0,8.0,0.0,0.0,0.0,0.0,0.0,0.0,4.0,8.0,0.0,0.0,0.0,2.0,2.0,0.0,11.0,7.0,0.0,0.0,0.0,8.0,16.0,16.0,13.0,2.0,0.0,9
0.0,0.0,2.0,12.0,7.0,0.0,0.0,0.0,0.0,0.0,15.0,14.0,15.0,6.0,0.0,0.0,0.0,6.0,10.0,4.0,2.0,14.0,1.0,0.0,0.0,8.0,8.0,0.0,0.0,8.0,5.0,0.0,0.0,7.0,8.0,0.0,0.0,4.0,8.0,0.0,0.0,2.0,14.0,0.0,0.0,5.0,6.0,0.0,0.0,0.0,9.0,12.0,4.0,14.0,3.0,0.0,0.0,0.0,1.0,13.0,15.0,9.0,0.0,0.0,0
0.0,1.0,11.0,15.0,13.0,2.0,0.0,0.0,0.0,8.0,13.0,5.0,14.0,9.0,0.0,0.0,0.0,3.0,15.0,1.0,10.0,12.0,0.0,0.0,0.0,0.0,7.0,15.0,14.0,16.0,3.0,0.0,0.0,0.0,0.0,0.0,0.0,13.0,8.0,0.0,0.0,0.0,0.0,0.0,0.0,12.0,8.0,0.0,0.0,2.0,8.0,4.0,5.0,16.0,7.0,0.0,0.0,1.0,15.0,16.0,15.0,8.0,1.0,0.0,9
0.0,0.0,14.0,12.0,12.0,12.0,6.0,0.0,0.0,2.0,15.0,8.0,8.0,8.0,4.0,0.0,0.0,5.0,12.0,0.0,0.0,0.0,0.0,0.0,0.0,8.0,16.0,12.0,11.0,7.0,0.0,0.0,0.0,1.0,4.0,4.0,9.0,15.0,7.0,0.0,0.0,0.0,0.0,0.0,0.0,8.0,8.0,0.0,0.0,1.0,11.0,4.0,5.0,14.0,7.0,0.0,0.0,0.0,12.0,16.0,16.0,8.0,1.0,0.0,5
0.0,2.0,9.0,11.0,12.0,15.0,6.0,0.0,0.0,6.0,16.0,9.0,8.0,8.0,1.0,0.0,0.0,4.0,13.0,0.0,0.0,0.0,0.0,0.0,0.0,4.0,16.0,12.0,11.0,5.0,0.0,0.0,0.0,1.0,5.0,4.0,8.0,14.0,5.0,0.0,0.0,0.0,0.0,0.0,0.0,8.0,8.0,0.0,0.0,1.0,6.0,4.0,5.0,15.0,3.0,0.0,0.0,3.0,16.0,16.0,16.0,8.0,0.0,0.0,5
0.0,0.0,0.0,9.0,15.0,1.0,0.0,0.0,0.0,0.0,10.0,13.0,4.0,0.0,0.0,0.0,0.0,2.0,15.0,1.0,0.0,0.0,0.0,0.0,0.0,5.0,11.0,4.0,4.0,0.0,0.0,0.0,0.0,4.0,16.0,16.0,16.0,16.0,4.0,0.0,0.0,0.0,16.0,2.0,0.0,10.0,8.0,0.0,0.0,0.0,8.0,12.0,4.0,13.0,7.0,0.0,0.0,0.0,1.0,9.0,16.0,11.0,1.0,0.0,6
0.0,0.0,8.0,9.0,8.0,12.0,8.0,0.0,0.0,0.0,12.0,14.0,10.0,8.0,5.0,0.0,0.0,1.0,14.0,2.0,0.0,0.0,0.0,0.0,0.0,6.0,16.0,12.0,12.0,8.0,0.0,0.0,0.0,1.0,4.0,4.0,7.0,15.0,7.0,0.0,0.0,0.0,0.0,0.0,0.0,10.0,7.0,0.0,0.0,1.0,12.0,4.0,9.0,15.0,1.0,0.0,0.0,0.0,9.0,16.0,14.0,3.0,0.0,0.0,5
0.0,0.0,2.0,15.0,5.0,0.0,0.0,0.0,0.0,0.0,11.0,16.0,16.0,6.0,0.0,0.0,0.0,3.0,14.0,3.0,7.0,16.0,3.0,0.0,0.0,7.0,8.0,0.0,0.0,8.0,8.0,0.0,0.0,5.0,8.0,0.0,0.0,4.0,8.0,0.0,0.0,4.0,12.0,0.0,0.0,8.0,8.0,0.0,0.0,0.0,14.0,9.0,8.0,16.0,2.0,0.0,0.0,0.0,3.0,14.0,15.0,6.0,0.0,0.0,0
0.0,0.0,9.0,12.0,13.0,6.0,0.0,0.0,0.0,0.0,16.0,8.0,8.0,15.0,2.0,0.0,0.0,0.0,16.0,10.0,9.0,16.0,5.0,0.0,0.0,0.0,4.0,12.0,11.0,12.0,5.0,0.0,0.0,0.0,0.0,0.0,0.0,8.0,8.0,0.0,0.0,0.0,0.0,0.0,0.0,9.0,7.0,0.0,0.0,0.0,8.0,4.0,7.0,16.0,2.0,0.0,0.0,0.0,10.0,16.0,16.0,7.0,0.0,0.0,9
0.0,0.0,1.0,12.0,12.0,4.0,1.0,0.0,0.0,0.0,13.0,13.0,13.0,14.0,8.0,0.0,0.0,6.0,15.0,0.0,0.0,12.0,7.0,0.0,0.0,2.0,16.0,13.0,12.0,13.0,1.0,0.0,0.0,0.0,0.0,14.0,16.0,9.0,0.0,0.0,0.0,0.0,6.0,10.0,2.0,16.0,0.0,0.0,0.0,0.0,11.0,8.0,5.0,16.0,0.0,0.0,0.0,0.0,3.0,12.0,16.0,7.0,0.0,0.0,8
0.0,1.0,14.0,16.0,14.0,8.0,0.0,0.0,0.0,5.0,12.0,5.0,14.0,9.0,0.0,0.0,0.0,2.0,15.0,9.0,13.0,12.0,0.0,0.0,0.0,0.0,3.0,8.0,8.0,16.0,2.0,0.0,0.0,0.0,0.0,0.0,0.0,11.0,6.0,0.0,0.0,0.0,4.0,0.0,0.0,8.0,8.0,0.0,0.0,4.0,14.0,4.0,5.0,14.0,7.0,0.0,0.0,1.0,13.0,16.0,16.0,10.0,1.0,0.0,9
0.0,0.0,2.0,11.0,13.0,5.0,0.0,0.0,0.0,0.0,16.0,10.0,13.0,16.0,7.0,0.0,0.0,0.0,14.0,10.0,0.0,10.0,11.0,0.0,0.0,0.0,4.0,14.0,16.0,13.0,1.0,0.0,0.0,0.0,0.0,11.0,13.0,12.0,1.0,0.0,0.0,0.0,8.0,10.0,2.0,14.0,3.0,0.0,0.0,0.0,10.0,10.0,3.0,15.0,1.0,0.0,0.0,0.0,2.0,15.0,16.0,6.0,0.0,0.0,8
0.0,0.0,0.0,5.0,15.0,2.0,0.0,0.0,0.0,0.0,0.0,14.0,10.0,2.0,0.0,0.0,0.0,0.0,12.0,14.0,4.0,15.0,0.0,0.0,0.0,6.0,16.0,4.0,9.0,15.0,8.0,0.0,0.0,14.0,15.0,11.0,15.0,16.0,9.0,0.0,0.0,7.0,15.0,15.0,16.0,11.0,0.0,0.0,0.0,0.0,0.0,3.0,16.0,6.0,0.0,0.0,0.0,0.0,0.0,6.0,16.0,2.0,0.0,0.0,4
0.0,0.0,0.0,0.0,7.0,16.0,6.0,0.0,0.0,0.0,0.0,4.0,16.0,16.0,4.0,0.0,0.0,2.0,11.0,15.0,16.0,16.0,7.0,0.0,0.0,10.0,16.0,13.0,10.0,16.0,4.0,0.0,0.0,1.0,3.0,0.0,4.0,16.0,5.0,0.0,0.0,0.0,0.0,0.0,7.0,16.0,7.0,0.0,0.0,0.0,0.0,0.0,9.0,16.0,8.0,0.0,0.0,0.0,0.0,0.0,9.0,16.0,6.0,0.0,1
0.0,0.0,3.0,15.0,16.0,16.0,5.0,0.0,0.0,0.0,10.0,12.0,10.0,16.0,6.0,0.0,0.0,2.0,15.0,2.0,3.0,16.0,1.0,0.0,0.0,0.0,2.0,3.0,10.0,13.0,2.0,0.0,0.0,0.0,3.0,16.0,16.0,16.0,10.0,0.0,0.0,0.0,0.0,12.0,13.0,7.0,1.0,0.0,0.0,0.0,1.0,16.0,6.0,0.0,0.0,0.0,0.0,0.0,5.0,14.0,2.0,0.0,0.0,0.0,7
0.0,0.0,1.0,13.0,16.0,10.0,0.0,0.0,0.0,0.0,8.0,14.0,13.0,14.0,0.0,0.0,0.0,1.0,15.0,5.0,5.0,15.0,0.0,0.0,0.0,7.0,12.0,0.0,9.0,11.0,0.0,0.0,0.0,1.0,2.0,11.0,15.0,16.0,7.0,0.0,0.0,0.0,4.0,15.0,16.0,9.0,1.0,0.0,0.0,0.0,0.0,10.0,11.0,0.0,0.0,0.0,0.0,0.0,1.0,15.0,7.0,0.0,0.0,0.0,7
0.0,0.0,8.0,13.0,12.0,3.0,0.0,0.0,0.0,6.0,15.0,7.0,9.0,12.0,0.0,0.0,0.0,0.0,0.0,0.0,7.0,11.0,0.0,0.0,0.0,0.0,0.0,4.0,15.0,3.0,0.0,0.0,0.0,0.0,0.0,10.0,16.0,9.0,0.0,0.0,0.0,0.0,0.0,0.0,4.0,15.0,7.0,0.0,0.0,0.0,11.0,2.0,1.0,15.0,7.0,0.0,0.0,0.0,8.0,16.0,16.0,12.0,0.0,0.0,3
0.0,0.0,14.0,12.0,12.0,13.0,0.0,0.0,0.0,1.0,16.0,8.0,8.0,6.0,0.0,0.0,0.0,4.0,15.0,8.0,4.0,0.0,0.0,0.0,0.0,2.0,12.0,12.0,15.0,13.0,1.0,0.0,0.0,0.0,0.0,0.0,1.0,13.0,8.0,0.0,0.0,0.0,0.0,0.0,0.0,11.0,7.0,0.0,0.0,5.0,14.0,4.0,7.0,15.0,2.0,0.0,0.0,1.0,10.0,16.0,15.0,5.0,0.0,0.0,5
0.0,0.0,0.0,0.0,3.0,14.0,3.0,0.0,0.0,0.0,0.0,1.0,14.0,16.0,5.0,0.0,0.0,1.0,9.0,15.0,16.0,16.0,4.0,0.0,0.0,4.0,12.0,7.0,3.0,16.0,4.0,0.0,0.0,0.0,0.0,0.0,4.0,16.0,4.0,0.0,0.0,0.0,0.0,0.0,4.0,16.0,4.0,0.0,0.0,0.0,0.0,0.0,6.0,16.0,4.0,0.0,0.0,0.0,0.0,0.0,5.0,16.0,4.0,0.0,1
0.0,0.0,3.0,12.0,8.0,1.0,0.0,0.0,0.0,0.0,14.0,16.0,16.0,15.0,1.0,0.0,0.0,3.0,15.0,2.0,1.0,12.0,4.0,0.0,0.0,6.0,9.0,0.0,0.0,7.0,8.0,0.0,0.0,7.0,8.0,0.0,0.0,5.0,8.0,0.0,0.0,4.0,12.0,0.0,0.0,9.0,6.0,0.0,0.0,0.0,15.0,11.0,9.0,16.0,2.0,0.0,0.0,0.0,3.0,11.0,15.0,7.0,0.0,0.0,0
0.0,0.0,3.0,13.0,9.0,1.0,0.0,0.0,0.0,0.0,13.0,14.0,15.0,13.0,0.0,0.0,0.0,2.0,14.0,1.0,2.0,13.0,4.0,0.0,0.0,4.0,8.0,0.0,0.0,5.0,8.0,0.0,0.0,4.0,8.0,0.0,0.0,4.0,8.0,0.0,0.0,4.0,10.0,0.0,0.0,5.0,8.0,0.0,0.0,0.0,14.0,11.0,10.0,14.0,5.0,0.0,0.0,0.0,4.0,12.0,13.0,9.0,0.0,0.0,0
0.0,3.0,15.0,16.0,6.0,0.0,0.0,0.0,0.0,11.0,15.0,12.0,15.0,0.0,0.0,0.0,0.0,2.0,2.0,2.0,16.0,4.0,0.0,0.0,0.0,0.0,0.0,0.0,16.0,4.0,0.0,0.0,0.0,0.0,0.0,5.0,16.0,1.0,0.0,0.0,0.0,0.0,0.0,11.0,15.0,4.0,1.0,0.0,0.0,1.0,10.0,16.0,16.0,16.0,11.0,0.0,0.0,4.0,16.0,14.0,12.0,8.0,3.0,0.0,2
0.0,1.0,15.0,15.0,2.0,0.0,0.0,0.0,0.0,7.0,14.0,13.0,9.0,0.0,0.0,0.0,0.0,9.0,9.0,6.0,13.0,0.0,0.0,0.0,0.0,1.0,0.0,8.0,12.0,0.0,0.0,0.0,0.0,0.0,0.0,8.0,12.0,0.0,0.0,0.0,0.0,0.0,0.0,11.0,6.0,0.0,0.0,0.0,0.0,0.0,7.0,16.0,16.0,16.0,7.0,0.0,0.0,0.0,16.0,15.0,12.0,12.0,3.0,0.0,2
0.0,0.0,0.0,8.0,16.0,16.0,16.0,6.0,0.0,0.0,6.0,14.0,5.0,8.0,16.0,2.0,0.0,0.0,7.0,4.0,0.0,6.0,12.0,0.0,0.0,0.0,0.0,0.0,0.0,12.0,6.0,0.0,0.0,0.0,0.0,11.0,16.0,16.0,10.0,0.0,0.0,0.0,0.0,12.0,16.0,8.0,0.0,0.0,0.0,0.0,0.0,6.0,16.0,0.0,0.0,0.0,0.0,0.0,0.0,12.0,9.0,0.0,0.0,0.0,7
0.0,0.0,0.0,4.0,14.0,14.0,1.0,0.0,0.0,0.0,3.0,14.0,12.0,10.0,4.0,0.0,0.0,3.0,13.0,4.0,0.0,8.0,6.0,0.0,0.0,3.0,15.0,9.0,2.0,15.0,1.0,0.0,0.0,0.0,2.0,10.0,16.0,13.0,0.0,0.0,0.0,0.0,0.0,0.0,12.0,14.0,4.0,0.0,0.0,0.0,0.0,2.0,12.0,9.0,3.0,0.0,0.0,0.0,0.0,2.0,16.0,14.0,0.0,0.0,8
0.0,5.0,16.0,15.0,3.0,0.0,0.0,0.0,0.0,11.0,14.0,11.0,11.0,0.0,0.0,0.0,0.0,8.0,11.0,4.0,16.0,0.0,0.0,0.0,0.0,0.0,0.0,4.0,13.0,0.0,0.0,0.0,0.0,0.0,0.0,8.0,12.0,0.0,0.0,0.0,0.0,0.0,0.0,13.0,9.0,5.0,1.0,0.0,0.0,1.0,11.0,16.0,16.0,16.0,10.0,0.0,0.0,5.0,16.0,14.0,8.0,6.0,1.0,0.0,2
0.0,0.0,11.0,16.0,10.0,1.0,0.0,0.0,0.0,1.0,15.0,14.0,15.0,11.0,0.0,0.0,0.0,7.0,14.0,1.0,4.0,16.0,3.0,0.0,0.0,7.0,13.0,0.0,0.0,10.0,11.0,0.0,0.0,9.0,12.0,0.0,0.0,8.0,12.0,0.0,0.0,5.0,14.0,0.0,0.0,7.0,13.0,0.0,0.0,1.0,16.0,10.0,5.0,15.0,8.0,0.0,0.0,0.0,7.0,16.0,16.0,15.0,0.0,0.0,0
0.0,0.0,0.0,1.0,8.0,16.0,2.0,0.0,0.0,0.0,5.0,13.0,16.0,16.0,0.0,0.0,0.0,11.0,16.0,15.0,12.0,16.0,0.0,0.0,0.0,3.0,8.0,1.0,8.0,16.0,0.0,0.0,0.0,0.0,0.0,0.0,8.0,16.0,3.0,0.0,0.0,0.0,0.0,0.0,8.0,16.0,4.0,0.0,0.0,0.0,0.0,0.0,7.0,16.0,7.0,0.0,0.0,0.0,0.0,0.0,10.0,16.0,8.0,0.0,1
0.0,1.0,15.0,15.0,3.0,0.0,0.0,0.0,0.0,8.0,15.0,12.0,14.0,0.0,0.0,0.0,0.0,8.0,8.0,6.0,16.0,0.0,0.0,0.0,0.0,0.0,0.0,8.0,15.0,0.0,0.0,0.0,0.0,0.0,0.0,12.0,12.0,0.0,0.0,0.0,0.0,0.0,1.0,16.0,10.0,10.0,5.0,0.0,0.0,1.0,13.0,16.0,16.0,16.0,11.0,0.0,0.0,3.0,16.0,12.0,8.0,5.0,1.0,0.0,2
0.0,0.0,0.0,13.0,1.0,0.0,0.0,0.0,0.0,0.0,10.0,12.0,1.0,0.0,0.0,0.0,0.0,0.0,14.0,3.0,0.0,0.0,0.0,0.0,0.0,4.0,14.0,0.0,4.0,5.0,0.0,0.0,0.0,7.0,16.0,4.0,7.0,14.0,7.0,0.0,0.0,3.0,14.0,0.0,0.0,4.0,12.0,0.0,0.0,0.0,10.0,10.0,4.0,10.0,12.0,0.0,0.0,0.0,1.0,9.0,16.0,14.0,2.0,0.0,6
0.0,2.0,10.0,16.0,16.0,2.0,0.0,0.0,0.0,10.0,15.0,9.0,16.0,4.0,0.0,0.0,0.0,5.0,3.0,6.0,16.0,2.0,0.0,0.0,0.0,0.0,2.0,15.0,16.0,5.0,0.0,0.0,0.0,0.0,1.0,10.0,14.0,16.0,3.0,0.0,0.0,0.0,5.0,1.0,0.0,13.0,10.0,0.0,0.0,0.0,16.0,13.0,10.0,15.0,11.0,0.0,0.0,0.0,11.0,16.0,16.0,13.0,3.0,0.0,3
0.0,0.0,8.0,13.0,11.0,1.0,0.0,0.0,0.0,4.0,15.0,5.0,12.0,6.0,0.0,0.0,0.0,0.0,0.0,0.0,10.0,4.0,0.0,0.0,0.0,0.0,0.0,6.0,16.0,4.0,0.0,0.0,0.0,0.0,0.0,5.0,13.0,15.0,3.0,0.0,0.0,0.0,1.0,0.0,0.0,7.0,12.0,0.0,0.0,1.0,15.0,8.0,7.0,12.0,12.0,0.0,0.0,0.0,6.0,14.0,16.0,15.0,5.0,0.0,3
0.0,0.0,3.0,13.0,16.0,16.0,13.0,0.0,0.0,0.0,11.0,14.0,8.0,15.0,9.0,0.0,0.0,0.0,3.0,5.0,2.0,14.0,2.0,0.0,0.0,0.0,0.0,0.0,9.0,11.0,1.0,0.0,0.0,0.0,2.0,15.0,15.0,16.0,9.0,0.0,0.0,0.0,2.0,15.0,14.0,8.0,2.0,0.0,0.0,0.0,0.0,11.0,10.0,0.0,0.0,0.0,0.0,0.0,2.0,15.0,4.0,0.0,0.0,0.0,7
0.0,1.0,11.0,16.0,16.0,4.0,0.0,0.0,0.0,7.0,16.0,8.0,14.0,11.0,0.0,0.0,0.0,0.0,0.0,10.0,16.0,6.0,0.0,0.0,0.0,0.0,0.0,15.0,16.0,6.0,0.0,0.0,0.0,0.0,0.0,0.0,8.0,16.0,2.0,0.0,0.0,1.0,5.0,0.0,0.0,14.0,9.0,0.0,0.0,4.0,16.0,10.0,11.0,16.0,6.0,0.0,0.0,1.0,13.0,16.0,16.0,10.0,0.0,0.0,3
0.0,1.0,12.0,16.0,16.0,9.0,0.0,0.0,0.0,2.0,14.0,5.0,9.0,14.0,0.0,0.0,0.0,0.0,0.0,1.0,12.0,11.0,0.0,0.0,0.0,0.0,0.0,12.0,16.0,6.0,0.0,0.0,0.0,0.0,0.0,2.0,8.0,15.0,5.0,0.0,0.0,0.0,2.0,0.0,0.0,11.0,9.0,0.0,0.0,4.0,14.0,4.0,4.0,14.0,6.0,0.0,0.0,0.0,15.0,16.0,16.0,11.0,1.0,0.0,3
0.0,0.0,0.0,10.0,10.0,0.0,0.0,0.0,0.0,0.0,6.0,15.0,3.0,0.0,0.0,0.0,0.0,0.0,15.0,6.0,5.0,1.0,0.0,0.0,0.0,7.0,15.0,2.0,16.0,3.0,5.0,0.0,0.0,11.0,11.0,6.0,16.0,15.0,10.0,0.0,0.0,12.0,16.0,16.0,16.0,8.0,1.0,0.0,0.0,4.0,8.0,13.0,12.0,0.0,0.0,0.0,0.0,0.0,0.0,13.0,9.0,0.0,0.0,0.0,4
0.0,0.0,2.0,12.0,1.0,0.0,0.0,0.0,0.0,0.0,6.0,13.0,0.0,0.0,0.0,0.0,0.0,0.0,13.0,4.0,0.0,0.0,0.0,0.0,0.0,0.0,16.0,1.0,0.0,0.0,0.0,0.0,0.0,5.0,16.0,16.0,16.0,10.0,1.0,0.0,0.0,2.0,15.0,6.0,1.0,10.0,8.0,0.0,0.0,0.0,10.0,10.0,0.0,9.0,9.0,0.0,0.0,0.0,2.0,12.0,16.0,15.0,1.0,0.0,6
0.0,0.0,4.0,15.0,1.0,0.0,0.0,0.0,0.0,0.0,9.0,10.0,0.0,0.0,0.0,0.0,0.0,1.0,15.0,2.0,0.0,0.0,0.0,0.0,0.0,4.0,12.0,0.0,0.0,0.0,0.0,0.0,0.0,8.0,14.0,9.0,8.0,6.0,1.0,0.0,0.0,7.0,14.0,7.0,5.0,12.0,8.0,0.0,0.0,2.0,16.0,4.0,1.0,12.0,6.0,0.0,0.0,0.0,5.0,14.0,16.0,11.0,0.0,0.0,6
0.0,0.0,2.0,16.0,8.0,0.0,0.0,0.0,0.0,0.0,8.0,15.0,5.0,0.0,0.0,0.0,0.0,2.0,16.0,7.0,0.0,0.0,0.0,0.0,0.0,3.0,16.0,7.0,5.0,1.0,0.0,0.0,0.0,7.0,16.0,16.0,16.0,15.0,3.0,0.0,0.0,5.0,16.0,12.0,4.0,10.0,14.0,0.0,0.0,0.0,14.0,13.0,5.0,10.0,15.0,0.0,0.0,0.0,3.0,13.0,16.0,16.0,7.0,0.0,6
0.0,0.0,0.0,6.0,14.0,0.0,0.0,0.0,0.0,0.0,4.0,15.0,4.0,0.0,0.0,0.0,0.0,1.0,13.0,9.0,4.0,7.0,0.0,0.0,0.0,7.0,13.0,1.0,13.0,10.0,6.0,0.0,0.0,14.0,14.0,8.0,16.0,16.0,10.0,0.0,0.0,7.0,15.0,16.0,16.0,7.0,1.0,0.0,0.0,0.0,0.0,6.0,16.0,0.0,0.0,0.0,0.0,0.0,0.0,10.0,13.0,0.0,0.0,0.0,4
0.0,1.0,10.0,13.0,9.0,2.0,0.0,0.0,0.0,2.0,12.0,4.0,12.0,10.0,0.0,0.0,0.0,0.0,14.0,5.0,11.0,11.0,0.0,0.0,0.0,0.0,2.0,8.0,8.0,15.0,2.0,0.0,0.0,0.0,0.0,0.0,0.0,12.0,5.0,0.0,0.0,0.0,0.0,0.0,0.0,4.0,12.0,0.0,0.0,0.0,4.0,1.0,0.0,8.0,11.0,0.0,0.0,0.0,11.0,16.0,16.0,14.0,3.0,0.0,9
0.0,0.0,0.0,1.0,9.0,16.0,7.0,0.0,0.0,0.0,4.0,13.0,16.0,16.0,2.0,0.0,0.0,8.0,16.0,15.0,13.0,16.0,3.0,0.0,0.0,3.0,7.0,0.0,8.0,16.0,2.0,0.0,0.0,0.0,0.0,0.0,8.0,16.0,5.0,0.0,0.0,0.0,0.0,0.0,8.0,16.0,4.0,0.0,0.0,0.0,0.0,0.0,8.0,16.0,8.0,0.0,0.0,0.0,0.0,0.0,12.0,16.0,7.0,0.0,1
0.0,0.0,7.0,8.0,6.0,8.0,4.0,0.0,0.0,0.0,12.0,13.0,12.0,12.0,5.0,0.0,0.0,0.0,13.0,0.0,0.0,0.0,0.0,0.0,0.0,5.0,15.0,12.0,9.0,2.0,0.0,0.0,0.0,3.0,8.0,7.0,8.0,15.0,2.0,0.0,0.0,0.0,0.0,0.0,0.0,6.0,8.0,0.0,0.0,0.0,6.0,0.0,1.0,13.0,4.0,0.0,0.0,0.0,7.0,15.0,15.0,5.0,0.0,0.0,5
0.0,0.0,7.0,16.0,15.0,1.0,0.0,0.0,0.0,5.0,16.0,13.0,16.0,8.0,0.0,0.0,0.0,9.0,11.0,0.0,4.0,16.0,4.0,0.0,0.0,12.0,8.0,0.0,0.0,11.0,11.0,0.0,0.0,11.0,8.0,0.0,0.0,8.0,12.0,0.0,0.0,8.0,13.0,0.0,0.0,12.0,10.0,0.0,0.0,2.0,16.0,9.0,12.0,15.0,3.0,0.0,0.0,0.0,8.0,16.0,13.0,5.0,0.0,0.0,0
0.0,4.0,15.0,14.0,11.0,2.0,0.0,0.0,0.0,7.0,10.0,1.0,11.0,11.0,0.0,0.0,0.0,1.0,13.0,4.0,13.0,16.0,2.0,0.0,0.0,0.0,3.0,11.0,7.0,9.0,6.0,0.0,0.0,0.0,0.0,0.0,0.0,5.0,8.0,0.0,0.0,0.0,0.0,0.0,0.0,5.0,8.0,0.0,0.0,3.0,12.0,0.0,3.0,13.0,5.0,0.0,0.0,2.0,13.0,16.0,16.0,8.0,0.0,0.0,9
0.0,0.0,11.0,12.0,13.0,14.0,4.0,0.0,0.0,0.0,13.0,8.0,4.0,4.0,2.0,0.0,0.0,0.0,11.0,0.0,0.0,0.0,0.0,0.0,0.0,5.0,12.0,6.0,3.0,0.0,0.0,0.0,0.0,5.0,12.0,12.0,13.0,11.0,0.0,0.0,0.0,0.0,2.0,0.0,0.0,13.0,0.0,0.0,0.0,4.0,11.0,0.0,3.0,15.0,0.0,0.0,0.0,0.0,9.0,16.0,16.0,6.0,0.0,0.0,5
0.0,2.0,15.0,13.0,1.0,0.0,0.0,0.0,0.0,13.0,12.0,14.0,7.0,0.0,0.0,0.0,0.0,8.0,6.0,6.0,13.0,0.0,0.0,0.0,0.0,0.0,0.0,5.0,15.0,0.0,0.0,0.0,0.0,0.0,0.0,11.0,10.0,0.0,0.0,0.0,0.0,0.0,2.0,16.0,5.0,0.0,0.0,0.0,0.0,0.0,11.0,16.0,13.0,14.0,12.0,0.0,0.0,3.0,16.0,14.0,8.0,8.0,7.0,0.0,2
0.0,0.0,2.0,9.0,13.0,12.0,2.0,0.0,0.0,1.0,14.0,13.0,7.0,10.0,6.0,0.0,0.0,0.0,13.0,8.0,1.0,7.0,7.0,0.0,0.0,0.0,3.0,13.0,14.0,14.0,0.0,0.0,0.0,0.0,0.0,0.0,15.0,15.0,1.0,0.0,0.0,0.0,0.0,9.0,5.0,8.0,5.0,0.0,0.0,0.0,0.0,13.0,4.0,13.0,2.0,0.0,0.0,0.0,0.0,13.0,15.0,6.0,0.0,0.0,8
0.0,4.0,16.0,16.0,3.0,0.0,0.0,0.0,0.0,11.0,14.0,11.0,11.0,0.0,0.0,0.0,0.0,11.0,7.0,2.0,16.0,1.0,0.0,0.0,0.0,0.0,0.0,3.0,16.0,0.0,0.0,0.0,0.0,0.0,0.0,10.0,12.0,0.0,0.0,0.0,0.0,0.0,3.0,16.0,8.0,5.0,3.0,0.0,0.0,0.0,12.0,16.0,16.0,16.0,16.0,0.0,0.0,3.0,16.0,15.0,8.0,7.0,4.0,0.0,2
0.0,0.0,10.0,13.0,5.0,0.0,0.0,0.0,0.0,3.0,16.0,16.0,16.0,10.0,0.0,0.0,0.0,8.0,16.0,1.0,6.0,16.0,5.0,0.0,0.0,8.0,11.0,0.0,0.0,9.0,12.0,0.0,0.0,10.0,8.0,0.0,0.0,8.0,12.0,0.0,0.0,8.0,11.0,0.0,0.0,8.0,11.0,0.0,0.0,3.0,16.0,10.0,8.0,15.0,9.0,0.0,0.0,0.0,9.0,16.0,16.0,10.0,1.0,0.0,0
0.0,0.0,2.0,11.0,10.0,1.0,0.0,0.0,0.0,0.0,10.0,13.0,14.0,13.0,0.0,0.0,0.0,0.0,13.0,0.0,0.0,14.0,5.0,0.0,0.0,3.0,9.0,0.0,0.0,9.0,6.0,0.0,0.0,5.0,9.0,0.0,0.0,5.0,8.0,0.0,0.0,6.0,12.0,0.0,0.0,8.0,4.0,0.0,0.0,0.0,14.0,11.0,5.0,14.0,1.0,0.0,0.0,0.0,3.0,13.0,14.0,5.0,0.0,0.0,0
0.0,0.0,0.0,0.0,6.0,16.0,7.0,0.0,0.0,1.0,5.0,11.0,16.0,16.0,8.0,0.0,0.0,11.0,16.0,16.0,13.0,16.0,8.0,0.0,0.0,3.0,7.0,1.0,4.0,16.0,8.0,0.0,0.0,0.0,0.0,0.0,5.0,16.0,8.0,0.0,0.0,0.0,0.0,0.0,5.0,16.0,7.0,0.0,0.0,0.0,0.0,0.0,7.0,16.0,9.0,0.0,0.0,0.0,0.0,0.0,8.0,16.0,8.0,0.0,1
0.0,0.0,2.0,13.0,16.0,9.0,0.0,0.0,0.0,0.0,12.0,12.0,7.0,16.0,3.0,0.0,0.0,1.0,14.0,3.0,0.0,16.0,4.0,0.0,0.0,0.0,0.0,4.0,10.0,16.0,6.0,0.0,0.0,0.0,0.0,13.0,16.0,16.0,9.0,0.0,0.0,0.0,0.0,5.0,13.0,1.0,0.0,0.0,0.0,0.0,0.0,11.0,9.0,0.0,0.0,0.0,0.0,0.0,1.0,16.0,4.0,0.0,0.0,0.0,7
0.0,0.0,0.0,14.0,4.0,0.0,0.0,0.0,0.0,0.0,6.0,13.0,1.0,0.0,0.0,0.0,0.0,0.0,15.0,4.0,0.0,0.0,0.0,0.0,0.0,4.0,16.0,7.0,4.0,2.0,0.0,0.0,0.0,8.0,16.0,11.0,9.0,15.0,5.0,0.0,0.0,5.0,14.0,1.0,0.0,10.0,9.0,0.0,0.0,0.0,11.0,12.0,5.0,13.0,5.0,0.0,0.0,0.0,1.0,13.0,16.0,9.0,0.0,0.0,6
0.0,1.0,9.0,15.0,13.0,4.0,0.0,0.0,0.0,5.0,12.0,4.0,10.0,6.0,0.0,0.0,0.0,0.0,0.0,3.0,15.0,2.0,0.0,0.0,0.0,0.0,0.0,15.0,13.0,1.0,0.0,0.0,0.0,0.0,0.0,2.0,9.0,14.0,2.0,0.0,0.0,0.0,0.0,0.0,0.0,11.0,8.0,0.0,0.0,0.0,10.0,6.0,4.0,11.0,7.0,0.0,0.0,0.0,8.0,15.0,16.0,9.0,1.0,0.0,3
0.0,5.0,16.0,13.0,1.0,0.0,0.0,0.0,0.0,9.0,14.0,14.0,4.0,0.0,0.0,0.0,0.0,9.0,7.0,12.0,4.0,0.0,0.0,0.0,0.0,0.0,0.0,13.0,4.0,0.0,0.0,0.0,0.0,0.0,2.0,16.0,1.0,0.0,0.0,0.0,0.0,0.0,7.0,13.0,0.0,0.0,0.0,0.0,0.0,1.0,15.0,16.0,16.0,16.0,11.0,0.0,0.0,5.0,16.0,14.0,10.0,8.0,6.0,0.0,2
0.0,0.0,0.0,3.0,12.0,12.0,2.0,0.0,0.0,0.0,7.0,15.0,16.0,16.0,0.0,0.0,0.0,4.0,15.0,9.0,14.0,16.0,3.0,0.0,0.0,2.0,0.0,0.0,14.0,16.0,0.0,0.0,0.0,0.0,0.0,0.0,14.0,16.0,0.0,0.0,0.0,0.0,0.0,0.0,15.0,13.0,0.0,0.0,0.0,0.0,0.0,0.0,16.0,14.0,1.0,0.0,0.0,0.0,0.0,3.0,16.0,13.0,2.0,0.0,1
0.0,0.0,2.0,13.0,16.0,14.0,1.0,0.0,0.0,0.0,11.0,12.0,7.0,16.0,3.0,0.0,0.0,0.0,9.0,3.0,2.0,16.0,3.0,0.0,0.0,0.0,0.0,0.0,9.0,11.0,0.0,0.0,0.0,0.0,2.0,11.0,15.0,13.0,3.0,0.0,0.0,0.0,4.0,15.0,16.0,13.0,3.0,0.0,0.0,0.0,0.0,14.0,8.0,0.0,0.0,0.0,0.0,0.0,5.0,15.0,4.0,0.0,0.0,0.0,7
0.0,0.0,0.0,7.0,13.0,0.0,0.0,0.0,0.0,0.0,0.0,14.0,6.0,0.0,0.0,0.0,0.0,0.0,10.0,10.0,2.0,6.0,0.0,0.0,0.0,3.0,16.0,3.0,9.0,13.0,2.0,0.0,0.0,11.0,12.0,6.0,14.0,16.0,10.0,0.0,0.0,11.0,16.0,16.0,16.0,10.0,3.0,0.0,0.0,2.0,8.0,10.0,16.0,1.0,0.0,0.0,0.0,0.0,0.0,9.0,13.0,0.0,0.0,0.0,4
0.0,0.0,0.0,13.0,3.0,0.0,0.0,0.0,0.0,0.0,6.0,15.0,0.0,0.0,0.0,0.0,0.0,0.0,12.0,7.0,0.0,0.0,0.0,0.0,0.0,0.0,16.0,10.0,7.0,1.0,0.0,0.0,0.0,6.0,16.0,12.0,13.0,16.0,6.0,0.0,0.0,0.0,16.0,4.0,0.0,6.0,12.0,0.0,0.0,0.0,12.0,10.0,2.0,11.0,9.0,0.0,0.0,0.0,1.0,13.0,16.0,15.0,3.0,0.0,6
0.0,0.0,13.0,16.0,16.0,5.0,0.0,0.0,0.0,5.0,15.0,6.0,11.0,13.0,0.0,0.0,0.0,0.0,2.0,2.0,13.0,8.0,0.0,0.0,0.0,0.0,4.0,16.0,15.0,2.0,0.0,0.0,0.0,0.0,3.0,11.0,15.0,16.0,5.0,0.0,0.0,0.0,0.0,0.0,2.0,15.0,11.0,0.0,0.0,0.0,3.0,4.0,9.0,16.0,6.0,0.0,0.0,0.0,15.0,16.0,16.0,10.0,0.0,0.0,3
0.0,0.0,0.0,0.0,9.0,16.0,4.0,0.0,0.0,0.0,0.0,5.0,15.0,16.0,2.0,0.0,0.0,3.0,12.0,16.0,16.0,14.0,0.0,0.0,0.0,10.0,16.0,15.0,16.0,15.0,0.0,0.0,0.0,1.0,4.0,0.0,16.0,13.0,0.0,0.0,0.0,0.0,0.0,0.0,15.0,13.0,0.0,0.0,0.0,0.0,0.0,0.0,12.0,16.0,12.0,0.0,0.0,0.0,0.0,0.0,12.0,16.0,6.0,0.0,1
0.0,0.0,11.0,16.0,12.0,2.0,0.0,0.0,0.0,7.0,16.0,6.0,10.0,13.0,0.0,0.0,0.0,0.0,2.0,0.0,3.0,16.0,0.0,0.0,0.0,0.0,0.0,3.0,12.0,9.0,0.0,0.0,0.0,0.0,0.0,10.0,16.0,12.0,0.0,0.0,0.0,0.0,3.0,0.0,3.0,15.0,7.0,0.0,0.0,3.0,16.0,7.0,6.0,14.0,8.0,0.0,0.0,1.0,9.0,15.0,16.0,12.0,1.0,0.0,3
0.0,0.0,5.0,13.0,14.0,5.0,0.0,0.0,0.0,2.0,15.0,6.0,11.0,15.0,1.0,0.0,0.0,1.0,16.0,5.0,8.0,16.0,4.0,0.0,0.0,0.0,4.0,12.0,9.0,13.0,8.0,0.0,0.0,0.0,0.0,0.0,0.0,8.0,8.0,0.0,0.0,0.0,0.0,0.0,0.0,11.0,7.0,0.0,0.0,0.0,7.0,7.0,5.0,15.0,2.0,0.0,0.0,0.0,5.0,15.0,16.0,7.0,0.0,0.0,9
0.0,0.0,0.0,0.0,5.0,15.0,3.0,0.0,0.0,0.0,0.0,3.0,15.0,16.0,4.0,0.0,0.0,3.0,13.0,16.0,14.0,16.0,1.0,0.0,0.0,2.0,7.0,4.0,8.0,16.0,0.0,0.0,0.0,0.0,0.0,0.0,8.0,14.0,0.0,0.0,0.0,0.0,0.0,0.0,7.0,16.0,1.0,0.0,0.0,0.0,0.0,0.0,9.0,16.0,6.0,0.0,0.0,0.0,0.0,0.0,8.0,15.0,2.0,0.0,1
0.0,0.0,2.0,13.0,16.0,13.0,4.0,0.0,0.0,0.0,9.0,11.0,9.0,16.0,7.0,0.0,0.0,2.0,15.0,2.0,2.0,15.0,2.0,0.0,0.0,3.0,3.0,0.0,8.0,13.0,2.0,0.0,0.0,0.0,1.0,13.0,16.0,16.0,10.0,0.0,0.0,0.0,0.0,11.0,13.0,5.0,1.0,0.0,0.0,0.0,0.0,11.0,6.0,0.0,0.0,0.0,0.0,0.0,3.0,15.0,2.0,0.0,0.0,0.0,7
0.0,0.0,0.0,12.0,10.0,0.0,0.0,0.0,0.0,0.0,4.0,15.0,7.0,0.0,0.0,0.0,0.0,0.0,15.0,4.0,0.0,0.0,0.0,0.0,0.0,1.0,16.0,7.0,1.0,0.0,0.0,0.0,0.0,4.0,16.0,14.0,16.0,13.0,1.0,0.0,0.0,1.0,16.0,0.0,1.0,10.0,11.0,0.0,0.0,0.0,14.0,9.0,1.0,8.0,12.0,0.0,0.0,0.0,2.0,10.0,16.0,16.0,5.0,0.0,6
0.0,0.0,3.0,12.0,16.0,9.0,0.0,0.0,0.0,0.0,12.0,9.0,13.0,16.0,9.0,0.0,0.0,3.0,16.0,5.0,0.0,8.0,12.0,0.0,0.0,0.0,9.0,16.0,10.0,13.0,2.0,0.0,0.0,0.0,0.0,4.0,16.0,12.0,0.0,0.0,0.0,0.0,0.0,11.0,9.0,16.0,0.0,0.0,0.0,0.0,1.0,15.0,2.0,12.0,0.0,0.0,0.0,0.0,2.0,16.0,16.0,6.0,0.0,0.0,8
0.0,0.0,0.0,10.0,6.0,0.0,0.0,0.0,0.0,0.0,4.0,16.0,2.0,3.0,0.0,0.0,0.0,0.0,13.0,8.0,7.0,14.0,0.0,0.0,0.0,7.0,15.0,0.0,13.0,14.0,5.0,0.0,0.0,14.0,15.0,14.0,16.0,16.0,9.0,0.0,0.0,13.0,16.0,15.0,16.0,6.0,0.0,0.0,0.0,0.0,1.0,9.0,14.0,0.0,0.0,0.0,0.0,0.0,0.0,14.0,10.0,0.0,0.0,0.0,4
0.0,0.0,5.0,12.0,13.0,3.0,0.0,0.0,0.0,4.0,16.0,9.0,8.0,12.0,0.0,0.0,0.0,2.0,3.0,0.0,5.0,11.0,0.0,0.0,0.0,0.0,0.0,3.0,11.0,10.0,0.0,0.0,0.0,0.0,0.0,6.0,14.0,15.0,3.0,0.0,0.0,0.0,0.0,0.0,0.0,7.0,11.0,0.0,0.0,0.0,10.0,6.0,4.0,9.0,11.0,0.0,0.0,0.0,6.0,16.0,16.0,14.0,2.0,0.0,3
0.0,0.0,0.0,0.0,5.0,15.0,6.0,0.0,0.0,0.0,0.0,4.0,15.0,16.0,4.0,0.0,0.0,3.0,11.0,16.0,10.0,16.0,4.0,0.0,0.0,4.0,11.0,3.0,0.0,16.0,4.0,0.0,0.0,0.0,0.0,0.0,1.0,16.0,4.0,0.0,0.0,0.0,0.0,0.0,3.0,16.0,3.0,0.0,0.0,0.0,0.0,0.0,5.0,16.0,4.0,0.0,0.0,0.0,0.0,0.0,6.0,15.0,4.0,0.0,1
0.0,0.0,0.0,14.0,8.0,0.0,0.0,0.0,0.0,0.0,3.0,16.0,3.0,0.0,0.0,0.0,0.0,0.0,12.0,9.0,9.0,7.0,0.0,0.0,0.0,6.0,15.0,1.0,14.0,11.0,6.0,0.0,0.0,13.0,14.0,8.0,16.0,16.0,7.0,0.0,0.0,8.0,16.0,16.0,16.0,3.0,0.0,0.0,0.0,0.0,1.0,11.0,14.0,0.0,0.0,0.0,0.0,0.0,0.0,14.0,14.0,0.0,0.0,0.0,4
0.0,0.0,4.0,12.0,5.0,0.0,0.0,0.0,0.0,0.0,12.0,14.0,15.0,7.0,0.0,0.0,0.0,2.0,14.0,1.0,2.0,16.0,0.0,0.0,0.0,4.0,8.0,0.0,0.0,10.0,4.0,0.0,0.0,7.0,8.0,0.0,0.0,6.0,8.0,0.0,0.0,4.0,11.0,0.0,0.0,5.0,8.0,0.0,0.0,0.0,14.0,11.0,3.0,13.0,5.0,0.0,0.0,0.0,2.0,11.0,16.0,11.0,0.0,0.0,0
0.0,0.0,9.0,12.0,12.0,13.0,7.0,0.0,0.0,0.0,15.0,5.0,5.0,4.0,2.0,0.0,0.0,4.0,15.0,10.0,4.0,0.0,0.0,0.0,0.0,2.0,11.0,11.0,15.0,11.0,0.0,0.0,0.0,0.0,0.0,0.0,0.0,10.0,5.0,0.0,0.0,0.0,0.0,0.0,0.0,7.0,7.0,0.0,0.0,5.0,11.0,4.0,5.0,14.0,1.0,0.0,0.0,0.0,9.0,16.0,13.0,3.0,0.0,0.0,5
0.0,0.0,8.0,15.0,12.0,4.0,0.0,0.0,0.0,5.0,14.0,4.0,11.0,7.0,0.0,0.0,0.0,0.0,0.0,1.0,14.0,3.0,0.0,0.0,0.0,0.0,2.0,15.0,14.0,1.0,0.0,0.0,0.0,0.0,0.0,8.0,13.0,11.0,0.0,0.0,0.0,0.0,0.0,0.0,0.0,13.0,5.0,0.0,0.0,0.0,12.0,2.0,3.0,12.0,7.0,0.0,0.0,0.0,13.0,16.0,15.0,8.0,0.0,0.0,3
0.0,0.0,0.0,10.0,8.0,0.0,0.0,0.0,0.0,0.0,6.0,14.0,3.0,0.0,0.0,0.0,0.0,0.0,11.0,8.0,0.0,0.0,0.0,0.0,0.0,3.0,16.0,8.0,2.0,0.0,0.0,0.0,0.0,6.0,16.0,16.0,16.0,15.0,3.0,0.0,0.0,0.0,16.0,2.0,0.0,8.0,12.0,0.0,0.0,0.0,11.0,12.0,5.0,11.0,12.0,0.0,0.0,0.0,1.0,8.0,16.0,15.0,2.0,0.0,6
0.0,2.0,11.0,13.0,11.0,2.0,0.0,0.0,0.0,7.0,12.0,4.0,13.0,8.0,0.0,0.0,0.0,6.0,13.0,5.0,14.0,13.0,0.0,0.0,0.0,0.0,3.0,11.0,9.0,11.0,5.0,0.0,0.0,0.0,0.0,0.0,0.0,8.0,8.0,0.0,0.0,0.0,0.0,0.0,0.0,3.0,11.0,0.0,0.0,0.0,2.0,0.0,1.0,9.0,10.0,0.0,0.0,1.0,15.0,16.0,16.0,14.0,2.0,0.0,9
0.0,0.0,0.0,7.0,15.0,0.0,0.0,0.0,0.0,0.0,6.0,15.0,8.0,0.0,0.0,0.0,0.0,0.0,13.0,9.0,0.0,0.0,0.0,0.0,0.0,2.0,16.0,5.0,4.0,1.0,0.0,0.0,0.0,5.0,16.0,16.0,16.0,12.0,3.0,0.0,0.0,1.0,15.0,4.0,1.0,8.0,12.0,0.0,0.0,0.0,8.0,14.0,5.0,5.0,15.0,0.0,0.0,0.0,0.0,6.0,16.0,16.0,11.0,0.0,6
0.0,0.0,0.0,1.0,10.0,16.0,8.0,0.0,0.0,1.0,8.0,15.0,16.0,16.0,9.0,0.0,0.0,10.0,16.0,13.0,11.0,16.0,8.0,0.0,0.0,1.0,4.0,0.0,10.0,16.0,4.0,0.0,0.0,0.0,0.0,0.0,12.0,16.0,0.0,0.0,0.0,0.0,0.0,0.0,12.0,16.0,0.0,0.0,0.0,0.0,0.0,0.0,12.0,16.0,3.0,0.0,0.0,0.0,0.0,0.0,10.0,16.0,7.0,0.0,1
0.0,0.0,3.0,13.0,16.0,15.0,6.0,0.0,0.0,0.0,13.0,13.0,9.0,16.0,10.0,0.0,0.0,0.0,16.0,9.0,0.0,14.0,6.0,0.0,0.0,0.0,14.0,2.0,6.0,15.0,0.0,0.0,0.0,0.0,0.0,5.0,15.0,15.0,6.0,0.0,0.0,0.0,0.0,16.0,15.0,10.0,2.0,0.0,0.0,0.0,0.0,13.0,11.0,0.0,0.0,0.0,0.0,0.0,4.0,16.0,7.0,0.0,0.0,0.0,7
0.0,0.0,9.0,9.0,12.0,12.0,0.0,0.0,0.0,0.0,14.0,10.0,8.0,3.0,0.0,0.0,0.0,0.0,13.0,6.0,3.0,0.0,0.0,0.0,0.0,0.0,13.0,16.0,15.0,12.0,2.0,0.0,0.0,0.0,0.0,0.0,0.0,5.0,9.0,0.0,0.0,0.0,0.0,0.0,0.0,2.0,12.0,0.0,0.0,0.0,5.0,1.0,2.0,11.0,8.0,0.0,0.0,0.0,10.0,16.0,16.0,11.0,1.0,0.0,5
0.0,0.0,0.0,9.0,10.0,0.0,0.0,0.0,0.0,0.0,3.0,16.0,4.0,0.0,0.0,0.0,0.0,0.0,12.0,8.0,2.0,7.0,0.0,0.0,0.0,4.0,16.0,3.0,13.0,13.0,3.0,0.0,0.0,14.0,13.0,8.0,16.0,16.0,10.0,0.0,0.0,14.0,16.0,16.0,16.0,9.0,1.0,0.0,0.0,2.0,4.0,9.0,16.0,1.0,0.0,0.0,0.0,0.0,0.0,9.0,15.0,2.0,0.0,0.0,4
0.0,0.0,2.0,15.0,5.0,0.0,0.0,0.0,0.0,0.0,9.0,15.0,0.0,1.0,0.0,0.0,0.0,0.0,14.0,9.0,9.0,9.0,0.0,0.0,0.0,8.0,16.0,4.0,16.0,13.0,12.0,0.0,0.0,13.0,16.0,16.0,16.0,15.0,7.0,0.0,0.0,3.0,8.0,13.0,12.0,2.0,0.0,0.0,0.0,0.0,0.0,14.0,10.0,0.0,0.0,0.0,0.0,0.0,3.0,16.0,7.0,0.0,0.0,0.0,4
0.0,0.0,1.0,12.0,16.0,16.0,12.0,0.0,0.0,0.0,7.0,16.0,11.0,12.0,9.0,0.0,0.0,0.0,6.0,7.0,0.0,14.0,4.0,0.0,0.0,0.0,0.0,0.0,6.0,16.0,3.0,0.0,0.0,0.0,0.0,10.0,16.0,16.0,9.0,0.0,0.0,0.0,0.0,8.0,15.0,5.0,0.0,0.0,0.0,0.0,0.0,8.0,10.0,0.0,0.0,0.0,0.0,0.0,0.0,16.0,5.0,0.0,0.0,0.0,7
0.0,3.0,15.0,16.0,8.0,0.0,0.0,0.0,0.0,14.0,13.0,10.0,16.0,2.0,0.0,0.0,0.0,5.0,3.0,2.0,16.0,2.0,0.0,0.0,0.0,0.0,0.0,3.0,16.0,2.0,0.0,0.0,0.0,0.0,0.0,9.0,12.0,0.0,0.0,0.0,0.0,0.0,1.0,16.0,8.0,0.0,2.0,0.0,0.0,0.0,8.0,16.0,14.0,16.0,15.0,0.0,0.0,2.0,16.0,16.0,15.0,12.0,9.0,0.0,2
0.0,0.0,1.0,10.0,16.0,15.0,5.0,0.0,0.0,0.0,12.0,12.0,9.0,9.0,10.0,0.0,0.0,4.0,16.0,1.0,0.0,7.0,7.0,0.0,0.0,4.0,14.0,13.0,8.0,11.0,0.0,0.0,0.0,0.0,1.0,6.0,16.0,14.0,1.0,0.0,0.0,0.0,0.0,8.0,11.0,14.0,5.0,0.0,0.0,0.0,0.0,12.0,8.0,15.0,2.0,0.0,0.0,0.0,0.0,10.0,15.0,5.0,0.0,0.0,8
0.0,1.0,13.0,16.0,15.0,5.0,0.0,0.0,0.0,4.0,16.0,7.0,14.0,12.0,0.0,0.0,0.0,3.0,12.0,2.0,11.0,10.0,0.0,0.0,0.0,0.0,0.0,0.0,14.0,8.0,0.0,0.0,0.0,0.0,0.0,3.0,16.0,4.0,0.0,0.0,0.0,0.0,1.0,11.0,13.0,0.0,0.0,0.0,0.0,0.0,9.0,16.0,14.0,16.0,7.0,0.0,0.0,1.0,16.0,16.0,15.0,12.0,5.0,0.0,2
0.0,2.0,15.0,13.0,2.0,0.0,0.0,0.0,0.0,7.0,16.0,13.0,15.0,0.0,0.0,0.0,0.0,11.0,11.0,5.0,16.0,4.0,0.0,0.0,0.0,1.0,1.0,7.0,16.0,1.0,0.0,0.0,0.0,0.0,0.0,12.0,11.0,0.0,0.0,0.0,0.0,0.0,4.0,16.0,8.0,8.0,2.0,0.0,0.0,0.0,12.0,16.0,16.0,16.0,11.0,0.0,0.0,2.0,15.0,13.0,6.0,4.0,1.0,0.0,2
0.0,0.0,15.0,14.0,15.0,9.0,0.0,0.0,0.0,0.0,12.0,10.0,7.0,6.0,4.0,0.0,0.0,1.0,14.0,2.0,0.0,0.0,0.0,0.0,0.0,5.0,16.0,12.0,10.0,4.0,0.0,0.0,0.0,4.0,11.0,8.0,11.0,15.0,5.0,0.0,0.0,0.0,0.0,0.0,0.0,13.0,7.0,0.0,0.0,4.0,16.0,10.0,11.0,14.0,1.0,0.0,0.0,1.0,10.0,16.0,15.0,4.0,0.0,0.0,5
0.0,0.0,2.0,13.0,16.0,16.0,7.0,0.0,0.0,0.0,12.0,15.0,12.0,16.0,10.0,0.0,0.0,0.0,16.0,9.0,0.0,14.0,6.0,0.0,0.0,0.0,3.0,0.0,4.0,16.0,1.0,0.0,0.0,0.0,0.0,10.0,14.0,16.0,6.0,0.0,0.0,0.0,3.0,16.0,16.0,11.0,2.0,0.0,0.0,0.0,0.0,9.0,14.0,0.0,0.0,0.0,0.0,0.0,2.0,15.0,6.0,0.0,0.0,0.0,7
0.0,0.0,10.0,8.0,8.0,4.0,0.0,0.0,0.0,8.0,15.0,12.0,14.0,14.0,0.0,0.0,0.0,9.0,11.0,0.0,10.0,16.0,4.0,0.0,0.0,1.0,9.0,12.0,10.0,12.0,8.0,0.0,0.0,0.0,0.0,0.0,0.0,8.0,8.0,0.0,0.0,0.0,0.0,0.0,0.0,10.0,7.0,0.0,0.0,0.0,11.0,6.0,4.0,15.0,4.0,0.0,0.0,0.0,13.0,16.0,16.0,7.0,0.0,0.0,9
0.0,1.0,13.0,14.0,16.0,14.0,3.0,0.0,0.0,4.0,14.0,8.0,7.0,3.0,0.0,0.0,0.0,6.0,11.0,0.0,0.0,0.0,0.0,0.0,0.0,5.0,16.0,15.0,11.0,5.0,0.0,0.0,0.0,2.0,7.0,7.0,10.0,16.0,0.0,0.0,0.0,0.0,0.0,0.0,3.0,16.0,0.0,0.0,0.0,0.0,7.0,5.0,13.0,11.0,0.0,0.0,0.0,0.0,15.0,16.0,10.0,1.0,0.0,0.0,5
0.0,0.0,0.0,13.0,9.0,0.0,0.0,0.0,0.0,0.0,4.0,15.0,3.0,0.0,0.0,0.0,0.0,0.0,11.0,9.0,6.0,4.0,0.0,0.0,0.0,5.0,16.0,3.0,13.0,8.0,1.0,0.0,0.0,14.0,16.0,9.0,16.0,16.0,9.0,0.0,0.0,12.0,16.0,16.0,16.0,11.0,3.0,0.0,0.0,0.0,4.0,12.0,14.0,0.0,0.0,0.0,0.0,0.0,0.0,12.0,10.0,0.0,0.0,0.0,4
0.0,0.0,1.0,8.0,15.0,11.0,3.0,0.0,0.0,0.0,11.0,12.0,9.0,14.0,11.0,0.0,0.0,2.0,14.0,0.0,0.0,13.0,6.0,0.0,0.0,7.0,15.0,8.0,12.0,9.0,0.0,0.0,0.0,0.0,6.0,13.0,16.0,8.0,0.0,0.0,0.0,0.0,0.0,13.0,9.0,15.0,4.0,0.0,0.0,0.0,0.0,16.0,8.0,14.0,3.0,0.0,0.0,0.0,0.0,11.0,15.0,8.0,0.0,0.0,8
0.0,0.0,2.0,11.0,14.0,12.0,3.0,0.0,0.0,0.0,14.0,14.0,9.0,15.0,8.0,0.0,0.0,5.0,12.0,0.0,5.0,15.0,2.0,0.0,0.0,3.0,16.0,11.0,15.0,3.0,0.0,0.0,0.0,0.0,1.0,14.0,16.0,4.0,0.0,0.0,0.0,0.0,0.0,15.0,5.0,15.0,0.0,0.0,0.0,0.0,1.0,16.0,10.0,11.0,0.0,0.0,0.0,0.0,0.0,15.0,13.0,2.0,0.0,0.0,8
0.0,0.0,0.0,7.0,16.0,2.0,0.0,0.0,0.0,0.0,0.0,15.0,11.0,0.0,0.0,0.0,0.0,0.0,11.0,14.0,6.0,5.0,0.0,0.0,0.0,4.0,16.0,7.0,14.0,13.0,2.0,0.0,0.0,10.0,16.0,13.0,16.0,16.0,10.0,0.0,0.0,8.0,15.0,14.0,16.0,10.0,1.0,0.0,0.0,0.0,0.0,9.0,16.0,1.0,0.0,0.0,0.0,0.0,0.0,9.0,15.0,1.0,0.0,0.0,4
0.0,0.0,6.0,16.0,16.0,11.0,0.0,0.0,0.0,1.0,16.0,8.0,8.0,16.0,6.0,0.0,0.0,0.0,8.0,16.0,14.0,16.0,11.0,0.0,0.0,0.0,1.0,4.0,3.0,10.0,8.0,0.0,0.0,0.0,0.0,0.0,0.0,9.0,7.0,0.0,0.0,0.0,0.0,0.0,1.0,14.0,1.0,0.0,0.0,0.0,4.0,7.0,11.0,9.0,0.0,0.0,0.0,0.0,9.0,16.0,10.0,1.0,0.0,0.0,9
0.0,0.0,5.0,12.0,9.0,1.0,0.0,0.0,0.0,0.0,14.0,14.0,13.0,13.0,0.0,0.0,0.0,3.0,12.0,1.0,1.0,13.0,4.0,0.0,0.0,7.0,8.0,0.0,0.0,6.0,8.0,0.0,0.0,8.0,8.0,0.0,0.0,5.0,8.0,0.0,0.0,5.0,10.0,0.0,0.0,11.0,4.0,0.0,0.0,1.0,15.0,9.0,11.0,13.0,0.0,0.0,0.0,0.0,7.0,15.0,12.0,2.0,0.0,0.0,0
0.0,0.0,2.0,9.0,15.0,12.0,5.0,0.0,0.0,0.0,12.0,11.0,11.0,12.0,11.0,0.0,0.0,1.0,16.0,1.0,0.0,8.0,11.0,0.0,0.0,3.0,15.0,12.0,10.0,15.0,2.0,0.0,0.0,0.0,1.0,11.0,16.0,9.0,0.0,0.0,0.0,0.0,0.0,11.0,15.0,12.0,0.0,0.0,0.0,0.0,0.0,12.0,15.0,8.0,0.0,0.0,0.0,0.0,0.0,10.0,13.0,2.0,0.0,0.0,8
0.0,0.0,9.0,13.0,15.0,10.0,1.0,0.0,0.0,1.0,15.0,5.0,7.0,16.0,5.0,0.0,0.0,0.0,15.0,7.0,10.0,16.0,6.0,0.0,0.0,0.0,2.0,7.0,7.0,10.0,8.0,0.0,0.0,0.0,0.0,0.0,0.0,8.0,8.0,0.0,0.0,0.0,0.0,0.0,0.0,11.0,5.0,0.0,0.0,0.0,14.0,6.0,10.0,12.0,0.0,0.0,0.0,0.0,9.0,16.0,12.0,1.0,0.0,0.0,9
0.0,0.0,1.0,10.0,11.0,2.0,0.0,0.0,0.0,0.0,12.0,12.0,8.0,15.0,4.0,0.0,0.0,6.0,11.0,0.0,1.0,12.0,7.0,0.0,0.0,4.0,16.0,7.0,15.0,12.0,0.0,0.0,0.0,0.0,5.0,15.0,15.0,3.0,0.0,0.0,0.0,0.0,0.0,14.0,7.0,14.0,0.0,0.0,0.0,0.0,4.0,12.0,7.0,10.0,0.0,0.0,0.0,0.0,1.0,16.0,16.0,3.0,0.0,0.0,8
0.0,0.0,4.0,16.0,15.0,2.0,0.0,0.0,0.0,0.0,11.0,16.0,13.0,13.0,0.0,0.0,0.0,1.0,16.0,8.0,1.0,16.0,2.0,0.0,0.0,7.0,16.0,6.0,0.0,11.0,8.0,0.0,0.0,7.0,16.0,4.0,0.0,11.0,8.0,0.0,0.0,4.0,15.0,1.0,1.0,15.0,7.0,0.0,0.0,0.0,13.0,12.0,14.0,15.0,1.0,0.0,0.0,0.0,3.0,14.0,16.0,6.0,0.0,0.0,0
0.0,0.0,0.0,14.0,10.0,0.0,0.0,0.0,0.0,0.0,3.0,16.0,16.0,3.0,0.0,0.0,0.0,0.0,7.0,16.0,16.0,7.0,0.0,0.0,0.0,0.0,12.0,16.0,16.0,5.0,0.0,0.0,0.0,0.0,4.0,15.0,16.0,6.0,0.0,0.0,0.0,0.0,0.0,13.0,16.0,0.0,0.0,0.0,0.0,0.0,0.0,14.0,12.0,0.0,0.0,0.0,0.0,0.0,0.0,10.0,10.0,0.0,0.0,0.0,1
0.0,0.0,5.0,13.0,7.0,0.0,0.0,0.0,0.0,0.0,12.0,12.0,14.0,2.0,0.0,0.0,0.0,0.0,12.0,0.0,12.0,6.0,0.0,0.0,0.0,0.0,6.0,1.0,15.0,3.0,0.0,0.0,0.0,0.0,0.0,6.0,11.0,0.0,0.0,0.0,0.0,0.0,5.0,14.0,3.0,0.0,0.0,0.0,0.0,0.0,11.0,16.0,8.0,2.0,6.0,3.0,0.0,0.0,4.0,8.0,10.0,16.0,12.0,1.0,2
0.0,0.0,4.0,16.0,16.0,9.0,0.0,0.0,0.0,0.0,1.0,9.0,10.0,16.0,1.0,0.0,0.0,0.0,0.0,5.0,15.0,16.0,1.0,0.0,0.0,0.0,0.0,10.0,16.0,5.0,0.0,0.0,0.0,0.0,0.0,2.0,16.0,6.0,0.0,0.0,0.0,0.0,0.0,0.0,10.0,10.0,0.0,0.0,0.0,0.0,11.0,8.0,12.0,14.0,1.0,0.0,0.0,0.0,5.0,13.0,16.0,15.0,0.0,0.0,3
0.0,0.0,1.0,15.0,6.0,0.0,0.0,0.0,0.0,0.0,8.0,16.0,2.0,0.0,0.0,0.0,0.0,0.0,15.0,11.0,0.0,7.0,4.0,0.0,0.0,8.0,16.0,10.0,6.0,16.0,9.0,0.0,0.0,6.0,16.0,16.0,16.0,16.0,4.0,0.0,0.0,0.0,5.0,11.0,16.0,13.0,0.0,0.0,0.0,0.0,0.0,12.0,15.0,3.0,0.0,0.0,0.0,0.0,0.0,15.0,11.0,0.0,0.0,0.0,4
0.0,0.0,11.0,14.0,16.0,10.0,0.0,0.0,0.0,6.0,15.0,8.0,6.0,4.0,0.0,0.0,0.0,5.0,12.0,2.0,0.0,0.0,0.0,0.0,0.0,12.0,16.0,15.0,1.0,0.0,0.0,0.0,0.0,3.0,11.0,11.0,6.0,0.0,0.0,0.0,0.0,0.0,0.0,12.0,10.0,0.0,0.0,0.0,0.0,0.0,5.0,16.0,9.0,0.0,0.0,0.0,0.0,0.0,13.0,16.0,3.0,0.0,0.0,0.0,5
0.0,0.0,0.0,0.0,13.0,1.0,0.0,0.0,0.0,0.0,0.0,7.0,15.0,3.0,0.0,0.0,0.0,0.0,0.0,16.0,11.0,2.0,0.0,0.0,0.0,0.0,4.0,16.0,16.0,14.0,1.0,0.0,0.0,0.0,5.0,16.0,8.0,8.0,10.0,0.0,0.0,0.0,9.0,16.0,4.0,0.0,15.0,0.0,0.0,0.0,2.0,9.0,11.0,13.0,14.0,0.0,0.0,0.0,0.0,0.0,10.0,16.0,10.0,0.0,6
0.0,3.0,13.0,16.0,13.0,0.0,0.0,0.0,0.0,9.0,13.0,8.0,16.0,5.0,1.0,0.0,0.0,0.0,8.0,14.0,16.0,16.0,5.0,0.0,0.0,0.0,8.0,16.0,15.0,2.0,0.0,0.0,0.0,0.0,2.0,16.0,7.0,0.0,0.0,0.0,0.0,0.0,7.0,16.0,4.0,0.0,0.0,0.0,0.0,0.0,15.0,9.0,0.0,0.0,0.0,0.0,0.0,2.0,15.0,3.0,0.0,0.0,0.0,0.0,7
0.0,0.0,1.0,8.0,13.0,1.0,0.0,0.0,0.0,0.0,6.0,16.0,16.0,9.0,0.0,0.0,0.0,1.0,15.0,16.0,16.0,10.0,0.0,0.0,0.0,6.0,15.0,14.0,6.0,0.0,0.0,0.0,0.0,3.0,7.0,6.0,6.0,0.0,0.0,0.0,0.0,1.0,10.0,2.0,11.0,0.0,0.0,0.0,0.0,0.0,4.0,11.0,13.0,2.0,0.0,0.0,0.0,0.0,0.0,5.0,12.0,5.0,0.0,0.0,8
0.0,0.0,0.0,1.0,9.0,14.0,7.0,0.0,0.0,0.0,5.0,14.0,9.0,8.0,10.0,0.0,0.0,2.0,14.0,16.0,11.0,13.0,3.0,0.0,0.0,3.0,16.0,16.0,16.0,16.0,5.0,0.0,0.0,0.0,6.0,7.0,1.0,11.0,7.0,0.0,0.0,0.0,0.0,0.0,1.0,13.0,3.0,0.0,0.0,0.0,0.0,0.0,6.0,8.0,0.0,0.0,0.0,0.0,0.0,0.0,10.0,0.0,0.0,0.0,9
0.0,0.0,2.0,16.0,12.0,1.0,0.0,0.0,0.0,0.0,11.0,15.0,13.0,11.0,0.0,0.0,0.0,2.0,16.0,9.0,0.0,14.0,2.0,0.0,0.0,4.0,16.0,12.0,0.0,11.0,5.0,0.0,0.0,4.0,16.0,6.0,0.0,12.0,7.0,0.0,0.0,0.0,15.0,1.0,1.0,15.0,9.0,0.0,0.0,0.0,10.0,9.0,10.0,15.0,2.0,0.0,0.0,0.0,2.0,13.0,16.0,8.0,0.0,0.0,0
0.0,0.0,1.0,15.0,14.0,1.0,0.0,0.0,0.0,2.0,13.0,16.0,16.0,3.0,0.0,0.0,0.0,5.0,16.0,16.0,16.0,4.0,0.0,0.0,0.0,4.0,16.0,16.0,16.0,1.0,0.0,0.0,0.0,0.0,7.0,16.0,13.0,0.0,0.0,0.0,0.0,0.0,5.0,16.0,11.0,0.0,0.0,0.0,0.0,0.0,4.0,16.0,10.0,0.0,0.0,0.0,0.0,0.0,2.0,16.0,11.0,0.0,0.0,0.0,1
0.0,0.0,2.0,10.0,12.0,2.0,0.0,0.0,0.0,0.0,11.0,16.0,13.0,10.0,0.0,0.0,0.0,0.0,9.0,7.0,2.0,15.0,0.0,0.0,0.0,0.0,3.0,2.0,3.0,15.0,0.0,0.0,0.0,0.0,0.0,0.0,10.0,10.0,0.0,0.0,0.0,0.0,2.0,7.0,16.0,7.0,0.0,0.0,0.0,0.0,9.0,16.0,16.0,16.0,16.0,3.0,0.0,0.0,3.0,13.0,9.0,8.0,4.0,0.0,2
0.0,0.0,3.0,11.0,13.0,15.0,3.0,0.0,0.0,4.0,16.0,14.0,11.0,16.0,8.0,0.0,0.0,2.0,5.0,0.0,14.0,15.0,1.0,0.0,0.0,0.0,0.0,0.0,16.0,11.0,0.0,0.0,0.0,0.0,0.0,0.0,11.0,10.0,0.0,0.0,0.0,0.0,0.0,0.0,8.0,12.0,0.0,0.0,0.0,0.0,8.0,11.0,15.0,8.0,0.0,0.0,0.0,0.0,2.0,12.0,14.0,3.0,0.0,0.0,3
0.0,0.0,1.0,12.0,7.0,0.0,0.0,0.0,0.0,0.0,8.0,14.0,1.0,0.0,0.0,0.0,0.0,0.0,15.0,7.0,0.0,3.0,5.0,0.0,0.0,5.0,16.0,0.0,4.0,15.0,4.0,0.0,0.0,5.0,16.0,16.0,16.0,15.0,2.0,0.0,0.0,0.0,11.0,12.0,16.0,8.0,0.0,0.0,0.0,0.0,0.0,5.0,16.0,3.0,0.0,0.0,0.0,0.0,0.0,13.0,10.0,0.0,0.0,0.0,4
0.0,0.0,4.0,13.0,16.0,14.0,0.0,0.0,0.0,2.0,14.0,16.0,12.0,4.0,0.0,0.0,0.0,13.0,16.0,5.0,0.0,0.0,0.0,0.0,0.0,11.0,16.0,10.0,1.0,0.0,0.0,0.0,0.0,5.0,15.0,16.0,5.0,0.0,0.0,0.0,0.0,0.0,2.0,15.0,9.0,0.0,0.0,0.0,0.0,0.0,5.0,15.0,9.0,0.0,0.0,0.0,0.0,0.0,4.0,16.0,5.0,0.0,0.0,0.0,5
0.0,0.0,0.0,6.0,9.0,0.0,0.0,0.0,0.0,0.0,2.0,15.0,8.0,0.0,0.0,0.0,0.0,0.0,4.0,16.0,5.0,0.0,0.0,0.0,0.0,0.0,9.0,12.0,7.0,12.0,2.0,0.0,0.0,0.0,9.0,16.0,15.0,13.0,6.0,0.0,0.0,0.0,13.0,14.0,2.0,13.0,6.0,0.0,0.0,0.0,14.0,15.0,13.0,16.0,4.0,0.0,0.0,0.0,1.0,10.0,16.0,10.0,0.0,0.0,6
0.0,0.0,0.0,7.0,16.0,16.0,11.0,0.0,0.0,0.0,6.0,16.0,16.0,16.0,16.0,0.0,0.0,0.0,11.0,16.0,16.0,16.0,9.0,0.0,0.0,0.0,2.0,9.0,11.0,14.0,10.0,0.0,0.0,0.0,0.0,0.0,0.0,10.0,6.0,0.0,0.0,0.0,0.0,0.0,4.0,11.0,1.0,0.0,0.0,0.0,0.0,2.0,14.0,2.0,0.0,0.0,0.0,0.0,0.0,11.0,3.0,0.0,0.0,0.0,9
0.0,0.0,5.0,16.0,14.0,1.0,0.0,0.0,0.0,0.0,14.0,14.0,14.0,9.0,0.0,0.0,0.0,1.0,15.0,6.0,1.0,12.0,1.0,0.0,0.0,3.0,16.0,1.0,0.0,10.0,4.0,0.0,0.0,5.0,16.0,5.0,0.0,11.0,2.0,0.0,0.0,2.0,16.0,2.0,3.0,16.0,0.0,0.0,0.0,0.0,11.0,13.0,14.0,12.0,0.0,0.0,0.0,0.0,3.0,15.0,15.0,5.0,0.0,0.0,0
0.0,0.0,2.0,15.0,14.0,1.0,0.0,0.0,0.0,0.0,11.0,16.0,16.0,4.0,0.0,0.0,0.0,4.0,16.0,16.0,16.0,1.0,0.0,0.0,0.0,7.0,16.0,16.0,14.0,0.0,0.0,0.0,0.0,9.0,16.0,16.0,11.0,0.0,0.0,0.0,0.0,1.0,13.0,16.0,9.0,0.0,0.0,0.0,0.0,0.0,5.0,16.0,5.0,0.0,0.0,0.0,0.0,0.0,2.0,14.0,9.0,0.0,0.0,0.0,1
0.0,0.0,2.0,12.0,10.0,0.0,0.0,0.0,0.0,0.0,11.0,14.0,14.0,9.0,0.0,0.0,0.0,3.0,15.0,1.0,10.0,9.0,0.0,0.0,0.0,2.0,7.0,0.0,10.0,8.0,0.0,0.0,0.0,0.0,0.0,2.0,16.0,2.0,0.0,0.0,0.0,0.0,0.0,10.0,16.0,6.0,0.0,0.0,0.0,0.0,7.0,16.0,13.0,14.0,16.0,4.0,0.0,0.0,4.0,15.0,0.0,0.0,5.0,4.0,2
0.0,0.0,10.0,16.0,15.0,7.0,0.0,0.0,0.0,6.0,16.0,6.0,10.0,16.0,2.0,0.0,0.0,8.0,6.0,5.0,15.0,12.0,0.0,0.0,0.0,0.0,0.0,13.0,16.0,2.0,0.0,0.0,0.0,0.0,0.0,5.0,16.0,4.0,0.0,0.0,0.0,0.0,0.0,0.0,10.0,16.0,0.0,0.0,0.0,0.0,0.0,1.0,11.0,16.0,1.0,0.0,0.0,0.0,11.0,16.0,16.0,8.0,1.0,0.0,3
0.0,0.0,3.0,15.0,3.0,0.0,0.0,0.0,0.0,0.0,14.0,16.0,1.0,0.0,0.0,0.0,0.0,8.0,16.0,6.0,0.0,8.0,5.0,0.0,0.0,12.0,14.0,0.0,5.0,16.0,8.0,0.0,0.0,12.0,15.0,14.0,16.0,13.0,0.0,0.0,0.0,1.0,11.0,14.0,16.0,5.0,0.0,0.0,0.0,0.0,4.0,15.0,10.0,0.0,0.0,0.0,0.0,0.0,4.0,16.0,5.0,0.0,0.0,0.0,4
0.0,0.0,10.0,16.0,16.0,14.0,0.0,0.0,0.0,4.0,16.0,14.0,10.0,8.0,0.0,0.0,0.0,13.0,16.0,8.0,1.0,0.0,0.0,0.0,0.0,12.0,16.0,16.0,13.0,2.0,0.0,0.0,0.0,3.0,8.0,9.0,16.0,5.0,0.0,0.0,0.0,0.0,0.0,3.0,16.0,6.0,0.0,0.0,0.0,0.0,5.0,12.0,15.0,2.0,0.0,0.0,0.0,0.0,12.0,15.0,5.0,0.0,0.0,0.0,5
0.0,0.0,0.0,1.0,13.0,1.0,0.0,0.0,0.0,0.0,1.0,14.0,15.0,0.0,0.0,0.0,0.0,0.0,3.0,16.0,6.0,0.0,0.0,0.0,0.0,0.0,6.0,12.0,0.0,0.0,0.0,0.0,0.0,0.0,9.0,14.0,10.0,3.0,0.0,0.0,0.0,0.0,8.0,16.0,16.0,16.0,1.0,0.0,0.0,0.0,8.0,16.0,15.0,16.0,5.0,0.0,0.0,0.0,0.0,2.0,11.0,11.0,1.0,0.0,6
0.0,0.0,10.0,16.0,14.0,2.0,0.0,0.0,0.0,0.0,13.0,13.0,14.0,11.0,0.0,0.0,0.0,0.0,4.0,8.0,15.0,15.0,4.0,0.0,0.0,0.0,10.0,16.0,16.0,13.0,3.0,0.0,0.0,0.0,1.0,12.0,14.0,1.0,0.0,0.0,0.0,0.0,2.0,16.0,8.0,0.0,0.0,0.0,0.0,0.0,13.0,12.0,1.0,0.0,0.0,0.0,0.0,0.0,13.0,7.0,0.0,0.0,0.0,0.0,7
0.0,0.0,5.0,12.0,16.0,15.0,0.0,0.0,0.0,3.0,16.0,8.0,9.0,16.0,0.0,0.0,0.0,4.0,16.0,14.0,16.0,7.0,0.0,0.0,0.0,5.0,16.0,15.0,5.0,0.0,0.0,0.0,0.0,8.0,15.0,6.0,0.0,0.0,0.0,0.0,0.0,4.0,8.0,14.0,0.0,0.0,0.0,0.0,0.0,3.0,10.0,16.0,1.0,0.0,0.0,0.0,0.0,0.0,6.0,15.0,2.0,0.0,0.0,0.0,8
0.0,0.0,0.0,7.0,12.0,16.0,16.0,15.0,0.0,0.0,9.0,16.0,10.0,4.0,16.0,10.0,0.0,0.0,14.0,16.0,13.0,14.0,12.0,1.0,0.0,0.0,4.0,16.0,16.0,16.0,12.0,0.0,0.0,0.0,0.0,0.0,0.0,16.0,10.0,0.0,0.0,0.0,0.0,0.0,7.0,15.0,0.0,0.0,0.0,0.0,0.0,1.0,15.0,7.0,0.0,0.0,0.0,0.0,0.0,12.0,6.0,0.0,0.0,0.0,9
0.0,0.0,0.0,10.0,9.0,0.0,0.0,0.0,0.0,0.0,3.0,15.0,13.0,5.0,0.0,0.0,0.0,0.0,13.0,13.0,1.0,13.0,0.0,0.0,0.0,0.0,16.0,7.0,0.0,16.0,0.0,0.0,0.0,0.0,16.0,11.0,3.0,15.0,0.0,0.0,0.0,0.0,14.0,7.0,16.0,12.0,0.0,0.0,0.0,0.0,9.0,13.0,15.0,6.0,0.0,0.0,0.0,0.0,0.0,13.0,10.0,0.0,0.0,0.0,0
0.0,0.0,0.0,4.0,11.0,15.0,15.0,2.0,0.0,1.0,10.0,16.0,13.0,14.0,14.0,2.0,0.0,5.0,16.0,16.0,16.0,16.0,14.0,0.0,0.0,0.0,9.0,8.0,8.0,15.0,9.0,0.0,0.0,0.0,0.0,0.0,1.0,16.0,2.0,0.0,0.0,0.0,0.0,0.0,10.0,10.0,0.0,0.0,0.0,0.0,0.0,1.0,16.0,6.0,0.0,0.0,0.0,0.0,0.0,3.0,16.0,2.0,0.0,0.0,9
0.0,0.0,7.0,15.0,16.0,16.0,1.0,0.0,0.0,9.0,16.0,16.0,10.0,5.0,0.0,0.0,0.0,14.0,16.0,16.0,15.0,0.0,0.0,0.0,0.0,11.0,14.0,13.0,16.0,2.0,0.0,0.0,0.0,0.0,0.0,6.0,16.0,1.0,0.0,0.0,0.0,0.0,0.0,12.0,12.0,0.0,0.0,0.0,0.0,0.0,6.0,16.0,7.0,0.0,0.0,0.0,0.0,0.0,10.0,13.0,0.0,0.0,0.0,0.0,5
0.0,8.0,13.0,15.0,16.0,16.0,8.0,0.0,0.0,9.0,16.0,16.0,13.0,11.0,5.0,0.0,0.0,6.0,16.0,12.0,0.0,0.0,0.0,0.0,0.0,1.0,14.0,14.0,0.0,0.0,0.0,0.0,0.0,0.0,8.0,16.0,2.0,0.0,0.0,0.0,0.0,0.0,8.0,15.0,0.0,0.0,0.0,0.0,0.0,3.0,14.0,11.0,0.0,0.0,0.0,0.0,0.0,9.0,16.0,6.0,0.0,0.0,0.0,0.0,5
0.0,0.0,0.0,12.0,5.0,0.0,0.0,0.0,0.0,0.0,2.0,15.0,7.0,0.0,0.0,0.0,0.0,0.0,7.0,16.0,8.0,0.0,0.0,0.0,0.0,0.0,15.0,15.0,8.0,4.0,0.0,0.0,0.0,0.0,15.0,16.0,16.0,15.0,3.0,0.0,0.0,1.0,16.0,13.0,4.0,11.0,11.0,0.0,0.0,0.0,11.0,14.0,9.0,15.0,11.0,0.0,0.0,0.0,1.0,14.0,16.0,15.0,6.0,0.0,6
0.0,0.0,5.0,15.0,14.0,13.0,2.0,0.0,0.0,0.0,12.0,15.0,9.0,7.0,1.0,0.0,0.0,5.0,16.0,8.0,0.0,0.0,0.0,0.0,0.0,9.0,16.0,16.0,7.0,0.0,0.0,0.0,0.0,6.0,12.0,14.0,7.0,0.0,0.0,0.0,0.0,0.0,0.0,11.0,6.0,0.0,0.0,0.0,0.0,0.0,2.0,16.0,3.0,0.0,0.0,0.0,0.0,0.0,7.0,14.0,0.0,0.0,0.0,0.0,5
0.0,0.0,2.0,14.0,13.0,3.0,0.0,0.0,0.0,0.0,13.0,13.0,9.0,11.0,0.0,0.0,0.0,0.0,16.0,7.0,0.0,12.0,0.0,0.0,0.0,3.0,16.0,5.0,0.0,10.0,5.0,0.0,0.0,5.0,16.0,1.0,0.0,8.0,5.0,0.0,0.0,3.0,16.0,1.0,0.0,10.0,5.0,0.0,0.0,0.0,16.0,8.0,5.0,14.0,3.0,0.0,0.0,0.0,4.0,16.0,16.0,9.0,1.0,0.0,0
0.0,0.0,0.0,4.0,12.0,16.0,11.0,0.0,0.0,0.0,15.0,12.0,0.0,5.0,9.0,0.0,0.0,4.0,16.0,5.0,6.0,15.0,3.0,0.0,0.0,3.0,15.0,16.0,14.0,1.0,0.0,0.0,0.0,0.0,3.0,10.0,16.0,2.0,0.0,0.0,0.0,0.0,0.0,0.0,14.0,2.0,0.0,0.0,0.0,0.0,0.0,0.0,12.0,0.0,0.0,0.0,0.0,0.0,0.0,4.0,12.0,0.0,0.0,0.0,9
0.0,0.0,0.0,9.0,16.0,10.0,0.0,0.0,0.0,0.0,1.0,15.0,5.0,16.0,3.0,0.0,0.0,0.0,13.0,4.0,0.0,15.0,5.0,0.0,0.0,0.0,15.0,11.0,14.0,16.0,2.0,0.0,0.0,8.0,16.0,16.0,13.0,5.0,0.0,0.0,0.0,3.0,15.0,15.0,1.0,0.0,0.0,0.0,0.0,0.0,9.0,16.0,10.0,0.0,0.0,0.0,0.0,0.0,0.0,10.0,15.0,0.0,0.0,0.0,8
0.0,0.0,6.0,14.0,16.0,15.0,1.0,0.0,0.0,9.0,16.0,12.0,9.0,16.0,3.0,0.0,0.0,12.0,16.0,11.0,14.0,13.0,0.0,0.0,0.0,7.0,15.0,16.0,14.0,0.0,0.0,0.0,0.0,0.0,2.0,8.0,16.0,5.0,0.0,0.0,0.0,0.0,0.0,6.0,16.0,4.0,0.0,0.0,0.0,0.0,2.0,13.0,12.0,0.0,0.0,0.0,0.0,0.0,9.0,16.0,1.0,0.0,0.0,0.0,9
0.0,0.0,0.0,8.0,15.0,4.0,0.0,0.0,0.0,0.0,3.0,16.0,10.0,11.0,0.0,0.0,0.0,0.0,6.0,12.0,11.0,13.0,0.0,0.0,0.0,0.0,10.0,16.0,16.0,9.0,0.0,0.0,0.0,1.0,16.0,12.0,11.0,5.0,0.0,0.0,0.0,2.0,13.0,0.0,2.0,9.0,0.0,0.0,0.0,0.0,8.0,6.0,2.0,12.0,0.0,0.0,0.0,0.0,1.0,9.0,14.0,9.0,0.0,0.0,8
0.0,0.0,1.0,13.0,8.0,0.0,0.0,0.0,0.0,0.0,7.0,16.0,3.0,0.0,0.0,0.0,0.0,0.0,14.0,9.0,0.0,7.0,7.0,0.0,0.0,3.0,16.0,3.0,2.0,15.0,9.0,0.0,0.0,9.0,16.0,8.0,12.0,15.0,0.0,0.0,0.0,6.0,16.0,16.0,16.0,7.0,0.0,0.0,0.0,0.0,3.0,12.0,15.0,1.0,0.0,0.0,0.0,0.0,0.0,13.0,9.0,0.0,0.0,0.0,4
0.0,0.0,0.0,13.0,9.0,0.0,0.0,0.0,0.0,0.0,0.0,14.0,15.0,1.0,0.0,0.0,0.0,0.0,0.0,13.0,16.0,0.0,0.0,0.0,0.0,0.0,0.0,11.0,16.0,0.0,0.0,0.0,0.0,0.0,0.0,10.0,16.0,2.0,0.0,0.0,0.0,0.0,0.0,14.0,16.0,1.0,0.0,0.0,0.0,0.0,0.0,15.0,16.0,1.0,0.0,0.0,0.0,0.0,0.0,12.0,15.0,0.0,0.0,0.0,1
0.0,0.0,8.0,15.0,16.0,10.0,0.0,0.0,0.0,0.0,7.0,10.0,10.0,15.0,0.0,0.0,0.0,0.0,0.0,0.0,7.0,13.0,0.0,0.0,0.0,0.0,0.0,4.0,14.0,12.0,1.0,0.0,0.0,3.0,16.0,16.0,16.0,12.0,4.0,0.0,0.0,1.0,10.0,16.0,7.0,0.0,0.0,0.0,0.0,0.0,8.0,9.0,0.0,0.0,0.0,0.0,0.0,0.0,13.0,1.0,0.0,0.0,0.0,0.0,7
0.0,2.0,10.0,16.0,12.0,0.0,0.0,0.0,0.0,12.0,14.0,12.0,16.0,5.0,0.0,0.0,0.0,2.0,0.0,4.0,16.0,7.0,1.0,0.0,0.0,0.0,4.0,15.0,16.0,16.0,10.0,0.0,0.0,1.0,16.0,16.0,12.0,5.0,2.0,0.0,0.0,0.0,15.0,12.0,1.0,0.0,0.0,0.0,0.0,1.0,14.0,4.0,0.0,0.0,0.0,0.0,0.0,0.0,16.0,3.0,0.0,0.0,0.0,0.0,7
0.0,2.0,16.0,16.0,16.0,12.0,0.0,0.0,0.0,1.0,9.0,5.0,12.0,16.0,2.0,0.0,0.0,0.0,0.0,6.0,15.0,14.0,2.0,0.0,0.0,0.0,1.0,16.0,16.0,1.0,0.0,0.0,0.0,0.0,0.0,12.0,16.0,1.0,0.0,0.0,0.0,0.0,0.0,6.0,16.0,6.0,0.0,0.0,0.0,0.0,0.0,12.0,16.0,5.0,0.0,0.0,0.0,1.0,16.0,16.0,13.0,1.0,0.0,0.0,3
0.0,4.0,16.0,16.0,16.0,15.0,3.0,0.0,0.0,11.0,16.0,14.0,8.0,8.0,1.0,0.0,0.0,12.0,14.0,3.0,0.0,0.0,0.0,0.0,0.0,8.0,16.0,4.0,0.0,0.0,0.0,0.0,0.0,2.0,16.0,9.0,0.0,0.0,0.0,0.0,0.0,0.0,10.0,12.0,0.0,0.0,0.0,0.0,0.0,1.0,14.0,11.0,0.0,0.0,0.0,0.0,0.0,5.0,16.0,3.0,0.0,0.0,0.0,0.0,5
0.0,0.0,0.0,13.0,14.0,0.0,0.0,0.0,0.0,0.0,0.0,13.0,16.0,3.0,0.0,0.0,0.0,0.0,2.0,16.0,15.0,3.0,0.0,0.0,0.0,0.0,4.0,16.0,14.0,0.0,0.0,0.0,0.0,0.0,3.0,16.0,11.0,0.0,0.0,0.0,0.0,0.0,8.0,16.0,10.0,0.0,0.0,0.0,0.0,0.0,6.0,16.0,7.0,0.0,0.0,0.0,0.0,0.0,1.0,11.0,9.0,0.0,0.0,0.0,1
0.0,0.0,0.0,16.0,12.0,1.0,0.0,0.0,0.0,0.0,6.0,16.0,14.0,7.0,0.0,0.0,0.0,0.0,14.0,15.0,1.0,11.0,0.0,0.0,0.0,0.0,16.0,15.0,0.0,14.0,1.0,0.0,0.0,1.0,16.0,10.0,0.0,14.0,2.0,0.0,0.0,0.0,15.0,13.0,3.0,15.0,3.0,0.0,0.0,0.0,9.0,16.0,16.0,15.0,0.0,0.0,0.0,0.0,0.0,13.0,16.0,8.0,0.0,0.0,0
0.0,0.0,9.0,13.0,11.0,1.0,0.0,0.0,0.0,0.0,6.0,4.0,9.0,14.0,1.0,0.0,0.0,0.0,1.0,5.0,0.0,11.0,4.0,0.0,0.0,0.0,13.0,14.0,0.0,7.0,5.0,0.0,0.0,3.0,14.0,1.0,0.0,10.0,4.0,0.0,0.0,3.0,14.0,0.0,2.0,15.0,1.0,0.0,0.0,2.0,13.0,8.0,12.0,11.0,0.0,0.0,0.0,0.0,8.0,14.0,10.0,1.0,0.0,0.0,0
0.0,0.0,5.0,16.0,15.0,5.0,0.0,0.0,0.0,0.0,8.0,13.0,9.0,15.0,0.0,0.0,0.0,0.0,0.0,4.0,0.0,15.0,5.0,0.0,0.0,0.0,0.0,0.0,0.0,12.0,6.0,0.0,0.0,0.0,0.0,0.0,0.0,15.0,4.0,0.0,0.0,0.0,11.0,10.0,10.0,15.0,0.0,0.0,0.0,0.0,16.0,16.0,16.0,15.0,13.0,4.0,0.0,0.0,7.0,16.0,13.0,10.0,8.0,3.0,2
0.0,3.0,12.0,16.0,9.0,0.0,0.0,0.0,0.0,13.0,15.0,8.0,15.0,2.0,0.0,0.0,0.0,11.0,6.0,0.0,12.0,4.0,0.0,0.0,0.0,1.0,0.0,0.0,15.0,3.0,0.0,0.0,0.0,0.0,0.0,4.0,16.0,1.0,0.0,0.0,0.0,0.0,0.0,12.0,11.0,0.0,0.0,0.0,0.0,0.0,11.0,16.0,10.0,4.0,6.0,1.0,0.0,2.0,15.0,16.0,16.0,16.0,16.0,3.0,2
0.0,2.0,15.0,16.0,5.0,0.0,0.0,0.0,0.0,0.0,4.0,11.0,9.0,0.0,0.0,0.0,0.0,0.0,0.0,13.0,7.0,2.0,1.0,0.0,0.0,1.0,8.0,16.0,14.0,16.0,10.0,0.0,0.0,10.0,16.0,15.0,7.0,1.0,0.0,0.0,0.0,0.0,14.0,8.0,0.0,0.0,0.0,0.0,0.0,1.0,16.0,3.0,0.0,0.0,0.0,0.0,0.0,2.0,15.0,1.0,0.0,0.0,0.0,0.0,7
0.0,0.0,7.0,15.0,15.0,6.0,0.0,0.0,0.0,4.0,16.0,16.0,11.0,15.0,0.0,0.0,0.0,7.0,16.0,10.0,10.0,16.0,1.0,0.0,0.0,3.0,11.0,16.0,16.0,6.0,0.0,0.0,0.0,1.0,15.0,16.0,10.0,0.0,0.0,0.0,0.0,5.0,16.0,5.0,14.0,0.0,0.0,0.0,0.0,1.0,13.0,3.0,14.0,1.0,0.0,0.0,0.0,0.0,5.0,15.0,15.0,2.0,0.0,0.0,8
0.0,0.0,1.0,15.0,13.0,2.0,0.0,0.0,0.0,0.0,0.0,8.0,14.0,10.0,0.0,0.0,0.0,0.0,0.0,0.0,5.0,15.0,1.0,0.0,0.0,0.0,0.0,0.0,2.0,16.0,5.0,0.0,0.0,0.0,0.0,0.0,8.0,15.0,1.0,0.0,0.0,0.0,3.0,10.0,13.0,13.0,0.0,0.0,0.0,0.0,8.0,16.0,16.0,12.0,4.0,0.0,0.0,0.0,1.0,13.0,15.0,14.0,16.0,7.0,2
0.0,0.0,0.0,12.0,11.0,1.0,0.0,0.0,0.0,0.0,3.0,16.0,13.0,10.0,0.0,0.0,0.0,0.0,8.0,9.0,1.0,12.0,0.0,0.0,0.0,2.0,16.0,9.0,0.0,10.0,5.0,0.0,0.0,4.0,16.0,8.0,0.0,7.0,8.0,0.0,0.0,1.0,16.0,3.0,0.0,10.0,7.0,0.0,0.0,0.0,8.0,13.0,9.0,16.0,6.0,0.0,0.0,0.0,1.0,10.0,16.0,13.0,1.0,0.0,0
0.0,0.0,0.0,15.0,11.0,0.0,0.0,0.0,0.0,0.0,6.0,16.0,16.0,2.0,0.0,0.0,0.0,0.0,10.0,16.0,16.0,1.0,0.0,0.0,0.0,2.0,16.0,16.0,16.0,3.0,0.0,0.0,0.0,7.0,16.0,16.0,14.0,0.0,0.0,0.0,0.0,0.0,3.0,15.0,10.0,0.0,0.0,0.0,0.0,0.0,0.0,15.0,7.0,0.0,0.0,0.0,0.0,0.0,0.0,14.0,4.0,0.0,0.0,0.0,1
0.0,2.0,13.0,16.0,12.0,0.0,0.0,0.0,0.0,9.0,15.0,10.0,16.0,3.0,0.0,0.0,0.0,5.0,7.0,5.0,16.0,3.0,0.0,0.0,0.0,0.0,0.0,10.0,14.0,0.0,0.0,0.0,0.0,0.0,5.0,16.0,7.0,0.0,0.0,0.0,0.0,0.0,14.0,16.0,1.0,3.0,7.0,1.0,0.0,3.0,16.0,12.0,10.0,16.0,11.0,1.0,0.0,0.0,13.0,16.0,13.0,7.0,1.0,0.0,2
0.0,0.0,0.0,8.0,7.0,0.0,0.0,0.0,0.0,0.0,2.0,16.0,6.0,0.0,0.0,0.0,0.0,0.0,5.0,16.0,2.0,0.0,0.0,0.0,0.0,0.0,11.0,15.0,12.0,9.0,0.0,0.0,0.0,0.0,11.0,16.0,13.0,9.0,8.0,0.0,0.0,0.0,11.0,16.0,2.0,8.0,9.0,0.0,0.0,0.0,3.0,16.0,5.0,12.0,10.0,0.0,0.0,0.0,0.0,6.0,16.0,14.0,2.0,0.0,6
0.0,0.0,11.0,15.0,16.0,10.0,0.0,0.0,0.0,8.0,16.0,8.0,15.0,16.0,0.0,0.0,0.0,5.0,6.0,10.0,16.0,8.0,0.0,0.0,0.0,0.0,4.0,16.0,11.0,1.0,0.0,0.0,0.0,0.0,2.0,15.0,9.0,0.0,0.0,0.0,0.0,0.0,0.0,9.0,16.0,2.0,0.0,0.0,0.0,0.0,0.0,8.0,16.0,5.0,0.0,0.0,0.0,0.0,13.0,16.0,15.0,0.0,0.0,0.0,3
0.0,2.0,11.0,14.0,14.0,9.0,0.0,0.0,0.0,3.0,10.0,7.0,10.0,16.0,3.0,0.0,0.0,0.0,0.0,4.0,13.0,12.0,0.0,0.0,0.0,0.0,0.0,13.0,15.0,2.0,0.0,0.0,0.0,0.0,0.0,15.0,9.0,0.0,0.0,0.0,0.0,0.0,0.0,9.0,15.0,0.0,0.0,0.0,0.0,0.0,1.0,13.0,9.0,0.0,0.0,0.0,0.0,1.0,15.0,13.0,1.0,0.0,0.0,0.0,3
0.0,2.0,13.0,16.0,15.0,2.0,0.0,0.0,0.0,15.0,14.0,7.0,16.0,5.0,0.0,0.0,0.0,10.0,1.0,2.0,16.0,4.0,0.0,0.0,0.0,0.0,1.0,11.0,16.0,15.0,8.0,0.0,0.0,0.0,15.0,16.0,13.0,8.0,2.0,0.0,0.0,0.0,10.0,14.0,0.0,0.0,0.0,0.0,0.0,0.0,11.0,10.0,0.0,0.0,0.0,0.0,0.0,0.0,15.0,3.0,0.0,0.0,0.0,0.0,7
0.0,0.0,9.0,16.0,16.0,10.0,0.0,0.0,0.0,0.0,9.0,9.0,9.0,15.0,0.0,0.0,0.0,0.0,0.0,0.0,6.0,14.0,0.0,0.0,0.0,0.0,0.0,2.0,15.0,7.0,0.0,0.0,0.0,0.0,1.0,14.0,16.0,4.0,0.0,0.0,0.0,0.0,5.0,16.0,16.0,8.0,0.0,0.0,0.0,0.0,0.0,6.0,16.0,4.0,0.0,0.0,0.0,0.0,11.0,16.0,12.0,0.0,0.0,0.0,3
0.0,0.0,8.0,16.0,16.0,13.0,0.0,0.0,0.0,0.0,10.0,11.0,9.0,16.0,2.0,0.0,0.0,0.0,0.0,4.0,16.0,12.0,0.0,0.0,0.0,0.0,2.0,16.0,15.0,1.0,0.0,0.0,0.0,0.0,2.0,15.0,11.0,0.0,0.0,0.0,0.0,0.0,0.0,4.0,16.0,3.0,0.0,0.0,0.0,3.0,12.0,2.0,14.0,4.0,0.0,0.0,0.0,0.0,9.0,16.0,16.0,5.0,0.0,0.0,3
0.0,0.0,5.0,16.0,1.0,0.0,0.0,0.0,0.0,0.0,12.0,12.0,0.0,0.0,0.0,0.0,0.0,2.0,15.0,8.0,0.0,6.0,5.0,0.0,0.0,9.0,16.0,6.0,12.0,16.0,9.0,0.0,0.0,7.0,16.0,16.0,16.0,15.0,1.0,0.0,0.0,0.0,3.0,10.0,16.0,6.0,0.0,0.0,0.0,0.0,1.0,14.0,10.0,0.0,0.0,0.0,0.0,0.0,5.0,16.0,2.0,0.0,0.0,0.0,4
0.0,0.0,0.0,11.0,8.0,0.0,0.0,0.0,0.0,0.0,5.0,16.0,7.0,0.0,0.0,0.0,0.0,0.0,10.0,14.0,0.0,0.0,0.0,0.0,0.0,0.0,12.0,9.0,1.0,3.0,0.0,0.0,0.0,0.0,14.0,14.0,15.0,16.0,7.0,0.0,0.0,0.0,10.0,16.0,15.0,12.0,12.0,0.0,0.0,0.0,6.0,16.0,13.0,14.0,12.0,0.0,0.0,0.0,0.0,9.0,15.0,15.0,3.0,0.0,6
0.0,0.0,0.0,6.0,12.0,0.0,0.0,0.0,0.0,0.0,0.0,13.0,13.0,0.0,0.0,0.0,0.0,0.0,7.0,16.0,2.0,0.0,0.0,0.0,0.0,0.0,10.0,12.0,0.0,2.0,0.0,0.0,0.0,0.0,13.0,14.0,16.0,14.0,0.0,0.0,0.0,0.0,11.0,16.0,14.0,13.0,6.0,0.0,0.0,0.0,5.0,13.0,9.0,16.0,5.0,0.0,0.0,0.0,0.0,6.0,15.0,12.0,1.0,0.0,6
0.0,0.0,0.0,9.0,11.0,0.0,0.0,0.0,0.0,0.0,1.0,16.0,11.0,0.0,0.0,0.0,0.0,0.0,6.0,16.0,1.0,0.0,0.0,0.0,0.0,0.0,11.0,11.0,6.0,7.0,1.0,0.0,0.0,0.0,13.0,14.0,15.0,16.0,8.0,0.0,0.0,0.0,12.0,13.0,5.0,5.0,13.0,0.0,0.0,0.0,6.0,14.0,8.0,15.0,12.0,0.0,0.0,0.0,0.0,10.0,16.0,12.0,2.0,0.0,6
0.0,0.0,10.0,14.0,0.0,0.0,0.0,0.0,0.0,1.0,16.0,7.0,1.0,7.0,0.0,0.0,0.0,0.0,15.0,7.0,12.0,16.0,2.0,0.0,0.0,0.0,10.0,16.0,16.0,4.0,0.0,0.0,0.0,0.0,0.0,9.0,14.0,0.0,0.0,0.0,0.0,0.0,0.0,14.0,10.0,0.0,0.0,0.0,0.0,0.0,5.0,16.0,2.0,0.0,0.0,0.0,0.0,0.0,11.0,12.0,0.0,0.0,0.0,0.0,4
0.0,0.0,0.0,2.0,9.0,13.0,6.0,0.0,0.0,0.0,11.0,15.0,8.0,9.0,10.0,0.0,0.0,3.0,16.0,10.0,4.0,13.0,5.0,0.0,0.0,1.0,15.0,16.0,15.0,15.0,7.0,0.0,0.0,0.0,0.0,0.0,1.0,14.0,1.0,0.0,0.0,0.0,0.0,0.0,11.0,6.0,0.0,0.0,0.0,0.0,0.0,1.0,13.0,0.0,0.0,0.0,0.0,0.0,0.0,5.0,4.0,0.0,0.0,0.0,9
0.0,0.0,0.0,14.0,7.0,0.0,0.0,0.0,0.0,0.0,0.0,15.0,15.0,1.0,0.0,0.0,0.0,0.0,2.0,16.0,15.0,1.0,0.0,0.0,0.0,0.0,6.0,16.0,15.0,0.0,0.0,0.0,0.0,0.0,9.0,16.0,13.0,0.0,0.0,0.0,0.0,0.0,8.0,16.0,15.0,1.0,0.0,0.0,0.0,0.0,4.0,16.0,16.0,6.0,0.0,0.0,0.0,0.0,0.0,13.0,12.0,0.0,0.0,0.0,1
0.0,0.0,12.0,16.0,16.0,15.0,3.0,0.0,0.0,4.0,16.0,16.0,6.0,2.0,1.0,0.0,0.0,14.0,16.0,4.0,0.0,0.0,0.0,0.0,0.0,9.0,16.0,16.0,5.0,0.0,0.0,0.0,0.0,0.0,7.0,15.0,8.0,0.0,0.0,0.0,0.0,0.0,0.0,12.0,11.0,0.0,0.0,0.0,0.0,0.0,5.0,16.0,7.0,0.0,0.0,0.0,0.0,0.0,14.0,15.0,0.0,0.0,0.0,0.0,5
0.0,0.0,0.0,9.0,8.0,1.0,0.0,0.0,0.0,0.0,5.0,16.0,16.0,8.0,0.0,0.0,0.0,4.0,16.0,15.0,1.0,15.0,0.0,0.0,0.0,6.0,16.0,12.0,0.0,12.0,1.0,0.0,0.0,5.0,16.0,11.0,0.0,11.0,6.0,0.0,0.0,1.0,15.0,8.0,4.0,15.0,6.0,0.0,0.0,0.0,5.0,16.0,16.0,15.0,0.0,0.0,0.0,0.0,0.0,7.0,14.0,9.0,0.0,0.0,0
0.0,0.0,1.0,13.0,10.0,1.0,0.0,0.0,0.0,0.0,12.0,6.0,7.0,10.0,0.0,0.0,0.0,0.0,10.0,10.0,11.0,15.0,0.0,0.0,0.0,0.0,1.0,14.0,16.0,16.0,5.0,0.0,0.0,0.0,0.0,0.0,0.0,10.0,10.0,0.0,0.0,0.0,0.0,0.0,0.0,5.0,11.0,0.0,0.0,0.0,2.0,4.0,4.0,14.0,11.0,0.0,0.0,0.0,2.0,11.0,15.0,16.0,5.0,0.0,9
0.0,0.0,5.0,16.0,16.0,3.0,0.0,0.0,0.0,0.0,9.0,16.0,7.0,0.0,0.0,0.0,0.0,0.0,12.0,15.0,2.0,0.0,0.0,0.0,0.0,1.0,15.0,16.0,15.0,4.0,0.0,0.0,0.0,0.0,9.0,13.0,16.0,9.0,0.0,0.0,0.0,0.0,0.0,0.0,14.0,12.0,0.0,0.0,0.0,0.0,5.0,12.0,16.0,8.0,0.0,0.0,0.0,0.0,3.0,15.0,15.0,1.0,0.0,0.0,5
0.0,0.0,6.0,16.0,12.0,1.0,0.0,0.0,0.0,0.0,5.0,16.0,13.0,10.0,0.0,0.0,0.0,0.0,0.0,5.0,5.0,15.0,0.0,0.0,0.0,0.0,0.0,0.0,8.0,15.0,0.0,0.0,0.0,0.0,0.0,0.0,13.0,13.0,0.0,0.0,0.0,0.0,0.0,6.0,16.0,9.0,4.0,1.0,0.0,0.0,3.0,16.0,16.0,16.0,16.0,10.0,0.0,0.0,5.0,16.0,11.0,9.0,6.0,2.0,2
0.0,0.0,0.0,10.0,16.0,7.0,0.0,0.0,0.0,0.0,2.0,15.0,4.0,14.0,2.0,0.0,0.0,0.0,0.0,13.0,8.0,16.0,0.0,0.0,0.0,0.0,0.0,10.0,16.0,14.0,1.0,0.0,0.0,0.0,8.0,16.0,16.0,7.0,0.0,0.0,0.0,1.0,15.0,6.0,8.0,12.0,0.0,0.0,0.0,1.0,13.0,5.0,12.0,9.0,0.0,0.0,0.0,0.0,1.0,11.0,15.0,6.0,0.0,0.0,8
0.0,0.0,4.0,15.0,16.0,6.0,0.0,0.0,0.0,0.0,16.0,12.0,8.0,15.0,0.0,0.0,0.0,7.0,16.0,4.0,0.0,11.0,5.0,0.0,0.0,10.0,15.0,0.0,0.0,8.0,9.0,0.0,0.0,10.0,14.0,0.0,0.0,8.0,11.0,0.0,0.0,6.0,16.0,4.0,0.0,11.0,9.0,0.0,0.0,1.0,15.0,7.0,8.0,16.0,5.0,0.0,0.0,0.0,3.0,14.0,16.0,10.0,1.0,0.0,0
0.0,0.0,0.0,12.0,9.0,0.0,0.0,0.0,0.0,0.0,2.0,16.0,16.0,0.0,0.0,0.0,0.0,0.0,3.0,16.0,16.0,1.0,0.0,0.0,0.0,0.0,4.0,16.0,13.0,0.0,0.0,0.0,0.0,0.0,3.0,16.0,11.0,0.0,0.0,0.0,0.0,0.0,5.0,16.0,10.0,0.0,0.0,0.0,0.0,0.0,2.0,16.0,10.0,0.0,0.0,0.0,0.0,0.0,0.0,11.0,13.0,0.0,0.0,0.0,1
0.0,0.0,7.0,14.0,16.0,5.0,0.0,0.0,0.0,0.0,16.0,12.0,15.0,12.0,0.0,0.0,0.0,0.0,3.0,0.0,14.0,9.0,0.0,0.0,0.0,0.0,5.0,12.0,16.0,15.0,10.0,0.0,0.0,8.0,16.0,16.0,13.0,6.0,0.0,0.0,0.0,3.0,9.0,16.0,6.0,0.0,0.0,0.0,0.0,0.0,10.0,12.0,1.0,0.0,0.0,0.0,0.0,0.0,12.0,5.0,0.0,0.0,0.0,0.0,7
0.0,0.0,0.0,8.0,7.0,0.0,0.0,0.0,0.0,0.0,4.0,16.0,11.0,0.0,0.0,0.0,0.0,0.0,9.0,16.0,1.0,0.0,0.0,0.0,0.0,0.0,11.0,14.0,11.0,13.0,2.0,0.0,0.0,0.0,13.0,16.0,14.0,14.0,10.0,0.0,0.0,0.0,10.0,15.0,1.0,5.0,13.0,0.0,0.0,0.0,6.0,16.0,8.0,14.0,12.0,0.0,0.0,0.0,0.0,5.0,14.0,16.0,4.0,0.0,6
0.0,1.0,11.0,16.0,16.0,12.0,0.0,0.0,0.0,8.0,16.0,13.0,16.0,16.0,3.0,0.0,0.0,1.0,5.0,7.0,16.0,14.0,0.0,0.0,0.0,0.0,0.0,11.0,16.0,4.0,0.0,0.0,0.0,0.0,0.0,2.0,15.0,9.0,0.0,0.0,0.0,0.0,0.0,0.0,11.0,13.0,0.0,0.0,0.0,0.0,3.0,7.0,15.0,14.0,0.0,0.0,0.0,0.0,14.0,16.0,16.0,6.0,0.0,0.0,3
0.0,2.0,13.0,16.0,7.0,0.0,0.0,0.0,0.0,12.0,13.0,14.0,13.0,0.0,0.0,0.0,0.0,2.0,0.0,8.0,12.0,0.0,0.0,0.0,0.0,0.0,0.0,11.0,9.0,0.0,0.0,0.0,0.0,0.0,0.0,13.0,5.0,0.0,0.0,0.0,0.0,0.0,8.0,15.0,2.0,0.0,0.0,0.0,0.0,0.0,16.0,16.0,16.0,9.0,2.0,0.0,0.0,1.0,16.0,14.0,13.0,16.0,9.0,0.0,2
0.0,0.0,0.0,11.0,9.0,0.0,0.0,0.0,0.0,0.0,0.0,11.0,14.0,0.0,0.0,0.0,0.0,0.0,0.0,11.0,13.0,0.0,0.0,0.0,0.0,0.0,0.0,15.0,13.0,0.0,0.0,0.0,0.0,0.0,0.0,13.0,13.0,0.0,0.0,0.0,0.0,0.0,0.0,13.0,9.0,0.0,0.0,0.0,0.0,0.0,0.0,10.0,10.0,0.0,0.0,0.0,0.0,0.0,0.0,9.0,11.0,0.0,0.0,0.0,1
0.0,1.0,11.0,16.0,11.0,0.0,0.0,0.0,0.0,10.0,14.0,11.0,16.0,0.0,0.0,0.0,0.0,14.0,5.0,6.0,15.0,0.0,0.0,0.0,0.0,3.0,1.0,11.0,14.0,3.0,1.0,0.0,0.0,2.0,13.0,16.0,16.0,16.0,9.0,0.0,0.0,2.0,14.0,16.0,5.0,4.0,2.0,0.0,0.0,0.0,11.0,11.0,0.0,0.0,0.0,0.0,0.0,0.0,16.0,3.0,0.0,0.0,0.0,0.0,7
0.0,0.0,5.0,13.0,0.0,0.0,0.0,0.0,0.0,0.0,12.0,9.0,4.0,13.0,0.0,0.0,0.0,0.0,16.0,5.0,11.0,13.0,0.0,0.0,0.0,0.0,15.0,13.0,15.0,7.0,0.0,0.0,0.0,0.0,4.0,14.0,15.0,0.0,0.0,0.0,0.0,0.0,0.0,14.0,8.0,0.0,0.0,0.0,0.0,0.0,2.0,16.0,4.0,0.0,0.0,0.0,0.0,0.0,6.0,16.0,1.0,0.0,0.0,0.0,4
0.0,0.0,0.0,8.0,10.0,0.0,0.0,0.0,0.0,0.0,3.0,15.0,5.0,0.0,0.0,0.0,0.0,0.0,7.0,13.0,0.0,0.0,0.0,0.0,0.0,0.0,7.0,14.0,5.0,1.0,0.0,0.0,0.0,0.0,6.0,16.0,16.0,16.0,3.0,0.0,0.0,0.0,6.0,16.0,7.0,13.0,8.0,0.0,0.0,0.0,2.0,15.0,7.0,15.0,7.0,0.0,0.0,0.0,0.0,7.0,15.0,12.0,0.0,0.0,6
0.0,0.0,6.0,16.0,15.0,5.0,0.0,0.0,0.0,0.0,2.0,13.0,14.0,13.0,0.0,0.0,0.0,0.0,0.0,2.0,14.0,14.0,1.0,0.0,0.0,0.0,0.0,3.0,16.0,10.0,0.0,0.0,0.0,0.0,0.0,0.0,14.0,10.0,0.0,0.0,0.0,0.0,0.0,0.0,10.0,14.0,0.0,0.0,0.0,0.0,8.0,7.0,12.0,16.0,0.0,0.0,0.0,0.0,6.0,16.0,16.0,12.0,1.0,0.0,3
0.0,0.0,0.0,12.0,7.0,0.0,0.0,0.0,0.0,0.0,0.0,14.0,15.0,0.0,0.0,0.0,0.0,0.0,0.0,14.0,16.0,1.0,0.0,0.0,0.0,0.0,0.0,15.0,16.0,2.0,0.0,0.0,0.0,0.0,0.0,13.0,16.0,1.0,0.0,0.0,0.0,0.0,0.0,14.0,16.0,1.0,0.0,0.0,0.0,0.0,0.0,14.0,16.0,1.0,0.0,0.0,0.0,0.0,0.0,6.0,16.0,2.0,0.0,0.0,1
0.0,0.0,6.0,15.0,15.0,4.0,0.0,0.0,0.0,6.0,16.0,16.0,16.0,14.0,0.0,0.0,0.0,7.0,16.0,14.0,16.0,13.0,0.0,0.0,0.0,0.0,3.0,7.0,16.0,6.0,0.0,0.0,0.0,0.0,0.0,2.0,16.0,9.0,0.0,0.0,0.0,0.0,0.0,0.0,14.0,15.0,0.0,0.0,0.0,0.0,7.0,10.0,16.0,14.0,0.0,0.0,0.0,0.0,7.0,15.0,15.0,4.0,0.0,0.0,3
0.0,0.0,0.0,8.0,10.0,14.0,3.0,0.0,0.0,1.0,13.0,13.0,9.0,12.0,8.0,0.0,0.0,6.0,16.0,8.0,8.0,16.0,4.0,0.0,0.0,5.0,16.0,16.0,16.0,9.0,0.0,0.0,0.0,0.0,5.0,8.0,14.0,12.0,0.0,0.0,0.0,0.0,0.0,3.0,16.0,5.0,0.0,0.0,0.0,0.0,0.0,15.0,8.0,0.0,0.0,0.0,0.0,0.0,1.0,12.0,2.0,0.0,0.0,0.0,9
0.0,0.0,0.0,16.0,11.0,0.0,0.0,0.0,0.0,0.0,2.0,16.0,16.0,2.0,0.0,0.0,0.0,0.0,3.0,16.0,16.0,6.0,0.0,0.0,0.0,0.0,3.0,16.0,15.0,2.0,0.0,0.0,0.0,0.0,2.0,16.0,16.0,2.0,0.0,0.0,0.0,0.0,4.0,16.0,15.0,0.0,0.0,0.0,0.0,0.0,1.0,16.0,15.0,1.0,0.0,0.0,0.0,0.0,0.0,12.0,16.0,2.0,0.0,0.0,1
0.0,4.0,15.0,16.0,15.0,4.0,0.0,0.0,0.0,11.0,16.0,14.0,15.0,16.0,0.0,0.0,0.0,3.0,3.0,0.0,16.0,14.0,2.0,0.0,0.0,0.0,9.0,16.0,16.0,16.0,8.0,0.0,0.0,0.0,15.0,16.0,11.0,1.0,0.0,0.0,0.0,0.0,11.0,13.0,1.0,0.0,0.0,0.0,0.0,4.0,16.0,5.0,0.0,0.0,0.0,0.0,0.0,4.0,15.0,0.0,0.0,0.0,0.0,0.0,7
0.0,0.0,0.0,9.0,8.0,0.0,0.0,0.0,0.0,0.0,1.0,16.0,2.0,0.0,0.0,0.0,0.0,0.0,6.0,14.0,0.0,0.0,0.0,0.0,0.0,0.0,9.0,11.0,0.0,3.0,0.0,0.0,0.0,0.0,13.0,8.0,13.0,13.0,10.0,0.0,0.0,0.0,12.0,16.0,8.0,0.0,13.0,1.0,0.0,0.0,6.0,16.0,5.0,9.0,13.0,0.0,0.0,0.0,0.0,8.0,15.0,14.0,4.0,0.0,6
0.0,0.0,0.0,9.0,15.0,9.0,0.0,0.0,0.0,0.0,8.0,15.0,5.0,12.0,2.0,0.0,0.0,0.0,15.0,15.0,3.0,13.0,3.0,0.0,0.0,0.0,11.0,16.0,16.0,13.0,0.0,0.0,0.0,4.0,16.0,10.0,15.0,0.0,0.0,0.0,0.0,3.0,12.0,0.0,8.0,7.0,0.0,0.0,0.0,0.0,12.0,8.0,10.0,11.0,0.0,0.0,0.0,0.0,0.0,9.0,13.0,4.0,0.0,0.0,8
0.0,0.0,0.0,14.0,5.0,0.0,0.0,0.0,0.0,0.0,5.0,16.0,5.0,0.0,0.0,0.0,0.0,0.0,13.0,12.0,0.0,1.0,3.0,0.0,0.0,4.0,16.0,5.0,1.0,15.0,11.0,0.0,0.0,10.0,15.0,4.0,13.0,16.0,3.0,0.0,0.0,8.0,16.0,16.0,16.0,10.0,0.0,0.0,0.0,2.0,11.0,12.0,15.0,1.0,0.0,0.0,0.0,0.0,0.0,16.0,9.0,0.0,0.0,0.0,4
0.0,0.0,7.0,15.0,16.0,10.0,0.0,0.0,0.0,0.0,14.0,9.0,10.0,16.0,1.0,0.0,0.0,0.0,2.0,5.0,15.0,14.0,0.0,0.0,0.0,0.0,0.0,11.0,16.0,5.0,0.0,0.0,0.0,0.0,0.0,2.0,16.0,8.0,0.0,0.0,0.0,0.0,0.0,0.0,10.0,13.0,0.0,0.0,0.0,0.0,11.0,9.0,15.0,16.0,1.0,0.0,0.0,0.0,8.0,16.0,16.0,12.0,0.0,0.0,3
0.0,0.0,0.0,14.0,9.0,0.0,0.0,0.0,0.0,0.0,0.0,14.0,13.0,0.0,0.0,0.0,0.0,0.0,0.0,11.0,16.0,2.0,0.0,0.0,0.0,0.0,0.0,14.0,16.0,5.0,0.0,0.0,0.0,0.0,0.0,13.0,16.0,4.0,0.0,0.0,0.0,0.0,0.0,16.0,16.0,4.0,0.0,0.0,0.0,0.0,1.0,16.0,16.0,0.0,0.0,0.0,0.0,0.0,0.0,14.0,12.0,0.0,0.0,0.0,1
0.0,0.0,0.0,15.0,5.0,0.0,0.0,0.0,0.0,0.0,4.0,16.0,7.0,0.0,0.0,0.0,0.0,1.0,13.0,16.0,0.0,9.0,2.0,0.0,0.0,5.0,16.0,11.0,5.0,16.0,9.0,0.0,0.0,7.0,16.0,14.0,16.0,16.0,7.0,0.0,0.0,1.0,11.0,15.0,16.0,10.0,0.0,0.0,0.0,0.0,0.0,13.0,16.0,3.0,0.0,0.0,0.0,0.0,1.0,16.0,11.0,0.0,0.0,0.0,4
0.0,0.0,0.0,10.0,13.0,3.0,0.0,0.0,0.0,0.0,8.0,16.0,14.0,12.0,0.0,0.0,0.0,3.0,16.0,13.0,0.0,14.0,1.0,0.0,0.0,5.0,16.0,6.0,0.0,14.0,5.0,0.0,0.0,6.0,16.0,0.0,0.0,15.0,4.0,0.0,0.0,2.0,13.0,1.0,5.0,16.0,4.0,0.0,0.0,0.0,10.0,16.0,16.0,14.0,1.0,0.0,0.0,0.0,2.0,11.0,13.0,6.0,0.0,0.0,0
0.0,0.0,7.0,12.0,15.0,6.0,0.0,0.0,0.0,14.0,16.0,15.0,6.0,0.0,0.0,0.0,0.0,16.0,16.0,13.0,0.0,0.0,0.0,0.0,0.0,10.0,16.0,14.0,8.0,0.0,0.0,0.0,0.0,0.0,2.0,8.0,13.0,0.0,0.0,0.0,0.0,0.0,0.0,10.0,15.0,0.0,0.0,0.0,0.0,0.0,4.0,13.0,15.0,0.0,0.0,0.0,0.0,0.0,7.0,16.0,7.0,0.0,0.0,0.0,5
0.0,0.0,8.0,15.0,16.0,6.0,0.0,0.0,0.0,0.0,13.0,13.0,13.0,13.0,0.0,0.0,0.0,0.0,2.0,6.0,16.0,9.0,0.0,0.0,0.0,0.0,0.0,3.0,16.0,2.0,0.0,0.0,0.0,0.0,0.0,0.0,10.0,10.0,0.0,0.0,0.0,0.0,0.0,0.0,5.0,15.0,0.0,0.0,0.0,0.0,7.0,4.0,11.0,16.0,1.0,0.0,0.0,0.0,7.0,16.0,16.0,8.0,0.0,0.0,3
0.0,0.0,0.0,5.0,13.0,1.0,0.0,0.0,0.0,0.0,1.0,15.0,12.0,0.0,0.0,0.0,0.0,0.0,4.0,16.0,5.0,0.0,0.0,0.0,0.0,0.0,11.0,14.0,3.0,0.0,0.0,0.0,0.0,0.0,11.0,16.0,16.0,4.0,0.0,0.0,0.0,0.0,11.0,11.0,5.0,13.0,0.0,0.0,0.0,0.0,6.0,13.0,7.0,15.0,0.0,0.0,0.0,0.0,0.0,5.0,14.0,9.0,0.0,0.0,6
0.0,0.0,7.0,16.0,15.0,4.0,0.0,0.0,0.0,0.0,11.0,16.0,15.0,12.0,0.0,0.0,0.0,0.0,5.0,16.0,16.0,14.0,0.0,0.0,0.0,0.0,0.0,3.0,8.0,15.0,5.0,0.0,0.0,0.0,0.0,0.0,0.0,10.0,10.0,0.0,0.0,0.0,0.0,0.0,0.0,11.0,11.0,0.0,0.0,0.0,1.0,0.0,5.0,15.0,9.0,0.0,0.0,0.0,6.0,15.0,16.0,16.0,2.0,0.0,9
0.0,0.0,1.0,13.0,16.0,2.0,0.0,0.0,0.0,0.0,8.0,16.0,12.0,1.0,0.0,0.0,0.0,0.0,14.0,16.0,2.0,0.0,0.0,0.0,0.0,0.0,15.0,14.0,9.0,1.0,0.0,0.0,0.0,1.0,16.0,16.0,16.0,10.0,0.0,0.0,0.0,0.0,13.0,15.0,13.0,15.0,0.0,0.0,0.0,0.0,8.0,16.0,14.0,14.0,1.0,0.0,0.0,0.0,1.0,11.0,16.0,8.0,0.0,0.0,6
0.0,0.0,0.0,12.0,10.0,0.0,0.0,0.0,0.0,0.0,0.0,14.0,16.0,2.0,0.0,0.0,0.0,0.0,0.0,13.0,16.0,0.0,0.0,0.0,0.0,0.0,0.0,11.0,16.0,3.0,0.0,0.0,0.0,0.0,0.0,10.0,16.0,3.0,0.0,0.0,0.0,0.0,0.0,11.0,16.0,2.0,0.0,0.0,0.0,0.0,0.0,14.0,16.0,2.0,0.0,0.0,0.0,0.0,0.0,11.0,14.0,0.0,0.0,0.0,1
0.0,0.0,3.0,16.0,15.0,5.0,0.0,0.0,0.0,0.0,7.0,16.0,15.0,14.0,0.0,0.0,0.0,0.0,0.0,1.0,7.0,16.0,4.0,0.0,0.0,2.0,6.0,9.0,14.0,16.0,5.0,0.0,0.0,9.0,16.0,16.0,16.0,12.0,1.0,0.0,0.0,0.0,9.0,15.0,16.0,4.0,0.0,0.0,0.0,0.0,6.0,16.0,11.0,0.0,0.0,0.0,0.0,0.0,2.0,15.0,4.0,0.0,0.0,0.0,7
0.0,0.0,15.0,13.0,13.0,13.0,0.0,0.0,0.0,0.0,16.0,16.0,11.0,3.0,0.0,0.0,0.0,0.0,12.0,13.0,0.0,0.0,0.0,0.0,0.0,0.0,5.0,16.0,3.0,0.0,0.0,0.0,0.0,0.0,0.0,11.0,10.0,0.0,0.0,0.0,0.0,0.0,0.0,10.0,14.0,0.0,0.0,0.0,0.0,0.0,9.0,16.0,10.0,0.0,0.0,0.0,0.0,0.0,11.0,15.0,1.0,0.0,0.0,0.0,5
0.0,0.0,0.0,13.0,8.0,0.0,0.0,0.0,0.0,0.0,2.0,15.0,1.0,0.0,0.0,0.0,0.0,0.0,11.0,10.0,0.0,8.0,2.0,0.0,0.0,4.0,16.0,5.0,11.0,16.0,8.0,0.0,0.0,7.0,16.0,16.0,16.0,16.0,3.0,0.0,0.0,2.0,13.0,9.0,16.0,12.0,0.0,0.0,0.0,0.0,0.0,7.0,16.0,6.0,0.0,0.0,0.0,0.0,0.0,13.0,15.0,1.0,0.0,0.0,4
0.0,0.0,4.0,16.0,1.0,0.0,0.0,0.0,0.0,0.0,12.0,13.0,0.0,1.0,1.0,0.0,0.0,3.0,16.0,8.0,5.0,16.0,6.0,0.0,0.0,9.0,16.0,6.0,14.0,16.0,2.0,0.0,0.0,11.0,16.0,16.0,16.0,9.0,0.0,0.0,0.0,0.0,10.0,15.0,15.0,2.0,0.0,0.0,0.0,0.0,3.0,16.0,9.0,0.0,0.0,0.0,0.0,0.0,5.0,16.0,3.0,0.0,0.0,0.0,4
0.0,0.0,5.0,14.0,14.0,2.0,0.0,0.0,0.0,2.0,16.0,16.0,16.0,7.0,0.0,0.0,0.0,0.0,7.0,4.0,16.0,12.0,0.0,0.0,0.0,0.0,1.0,9.0,16.0,16.0,8.0,0.0,0.0,3.0,15.0,16.0,16.0,10.0,2.0,0.0,0.0,4.0,16.0,16.0,11.0,0.0,0.0,0.0,0.0,0.0,9.0,16.0,5.0,0.0,0.0,0.0,0.0,0.0,9.0,13.0,0.0,0.0,0.0,0.0,7
0.0,0.0,7.0,16.0,5.0,0.0,0.0,0.0,0.0,0.0,16.0,16.0,11.0,0.0,0.0,0.0,0.0,0.0,10.0,13.0,16.0,1.0,0.0,0.0,0.0,0.0,0.0,13.0,15.0,0.0,0.0,0.0,0.0,0.0,0.0,14.0,13.0,0.0,0.0,0.0,0.0,0.0,12.0,16.0,6.0,4.0,8.0,1.0,0.0,0.0,14.0,16.0,16.0,16.0,16.0,4.0,0.0,0.0,7.0,16.0,15.0,7.0,3.0,0.0,2
0.0,0.0,8.0,16.0,16.0,12.0,0.0,0.0,0.0,0.0,16.0,13.0,10.0,16.0,3.0,0.0,0.0,0.0,12.0,1.0,2.0,16.0,4.0,0.0,0.0,0.0,0.0,0.0,6.0,15.0,0.0,0.0,0.0,0.0,0.0,1.0,15.0,10.0,0.0,0.0,0.0,0.0,0.0,9.0,15.0,2.0,0.0,0.0,0.0,1.0,11.0,16.0,12.0,8.0,8.0,1.0,0.0,0.0,11.0,16.0,16.0,16.0,12.0,1.0,2
0.0,0.0,3.0,9.0,14.0,9.0,0.0,0.0,0.0,5.0,16.0,14.0,5.0,0.0,0.0,0.0,0.0,12.0,11.0,3.0,0.0,0.0,0.0,0.0,0.0,13.0,16.0,12.0,1.0,0.0,0.0,0.0,0.0,4.0,11.0,13.0,8.0,0.0,0.0,0.0,0.0,0.0,0.0,7.0,11.0,0.0,0.0,0.0,0.0,0.0,1.0,12.0,12.0,0.0,0.0,0.0,0.0,0.0,2.0,15.0,7.0,0.0,0.0,0.0,5
0.0,7.0,12.0,14.0,16.0,8.0,0.0,0.0,0.0,8.0,16.0,14.0,15.0,11.0,0.0,0.0,0.0,2.0,11.0,2.0,16.0,6.0,0.0,0.0,0.0,0.0,0.0,9.0,16.0,8.0,5.0,0.0,0.0,8.0,13.0,16.0,16.0,12.0,5.0,0.0,0.0,7.0,16.0,12.0,3.0,0.0,0.0,0.0,0.0,4.0,16.0,4.0,0.0,0.0,0.0,0.0,0.0,9.0,12.0,0.0,0.0,0.0,0.0,0.0,7
0.0,0.0,7.0,16.0,16.0,8.0,0.0,0.0,0.0,0.0,14.0,12.0,11.0,14.0,0.0,0.0,0.0,0.0,11.0,15.0,16.0,12.0,0.0,0.0,0.0,0.0,5.0,15.0,15.0,4.0,0.0,0.0,0.0,0.0,0.0,3.0,12.0,14.0,0.0,0.0,0.0,1.0,10.0,0.0,7.0,15.0,0.0,0.0,0.0,1.0,14.0,6.0,13.0,12.0,0.0,0.0,0.0,0.0,7.0,16.0,16.0,11.0,0.0,0.0,9
0.0,0.0,3.0,14.0,16.0,14.0,0.0,0.0,0.0,3.0,12.0,16.0,8.0,1.0,0.0,0.0,0.0,15.0,16.0,12.0,0.0,0.0,0.0,0.0,0.0,10.0,16.0,16.0,8.0,0.0,0.0,0.0,0.0,0.0,7.0,11.0,15.0,1.0,0.0,0.0,0.0,0.0,0.0,7.0,16.0,1.0,0.0,0.0,0.0,0.0,8.0,15.0,16.0,2.0,0.0,0.0,0.0,0.0,4.0,16.0,9.0,0.0,0.0,0.0,5
0.0,0.0,11.0,7.0,0.0,0.0,0.0,0.0,0.0,5.0,16.0,3.0,2.0,14.0,3.0,0.0,0.0,9.0,15.0,0.0,12.0,15.0,0.0,0.0,0.0,6.0,16.0,15.0,16.0,5.0,0.0,0.0,0.0,0.0,6.0,15.0,11.0,0.0,0.0,0.0,0.0,0.0,1.0,16.0,4.0,0.0,0.0,0.0,0.0,0.0,9.0,12.0,0.0,0.0,0.0,0.0,0.0,0.0,13.0,10.0,0.0,0.0,0.0,0.0,4
0.0,0.0,0.0,11.0,8.0,0.0,0.0,0.0,0.0,0.0,6.0,15.0,2.0,0.0,0.0,0.0,0.0,0.0,13.0,8.0,0.0,4.0,7.0,0.0,0.0,5.0,16.0,2.0,2.0,13.0,9.0,0.0,0.0,10.0,15.0,12.0,15.0,14.0,1.0,0.0,0.0,6.0,16.0,9.0,16.0,5.0,0.0,0.0,0.0,0.0,0.0,6.0,14.0,1.0,0.0,0.0,0.0,0.0,0.0,14.0,7.0,0.0,0.0,0.0,4
0.0,0.0,7.0,15.0,16.0,12.0,0.0,0.0,0.0,12.0,16.0,11.0,16.0,13.0,0.0,0.0,0.0,15.0,16.0,16.0,14.0,5.0,0.0,0.0,0.0,8.0,16.0,12.0,0.0,0.0,0.0,0.0,0.0,0.0,2.0,12.0,9.0,0.0,0.0,0.0,0.0,0.0,0.0,9.0,13.0,0.0,0.0,0.0,0.0,0.0,2.0,16.0,8.0,0.0,0.0,0.0,0.0,0.0,10.0,12.0,1.0,0.0,0.0,0.0,9
0.0,0.0,1.0,13.0,15.0,8.0,0.0,0.0,0.0,0.0,11.0,14.0,8.0,15.0,0.0,0.0,0.0,2.0,16.0,3.0,0.0,13.0,2.0,0.0,0.0,5.0,15.0,0.0,0.0,10.0,5.0,0.0,0.0,3.0,10.0,0.0,0.0,10.0,5.0,0.0,0.0,3.0,13.0,0.0,1.0,15.0,3.0,0.0,0.0,0.0,12.0,10.0,11.0,11.0,0.0,0.0,0.0,0.0,1.0,12.0,11.0,4.0,0.0,0.0,0
0.0,0.0,2.0,10.0,11.0,1.0,0.0,0.0,0.0,0.0,5.0,14.0,3.0,12.0,0.0,0.0,0.0,0.0,6.0,13.0,3.0,15.0,0.0,0.0,0.0,0.0,8.0,15.0,15.0,9.0,0.0,0.0,0.0,2.0,16.0,11.0,9.0,0.0,0.0,0.0,0.0,2.0,14.0,2.0,10.0,0.0,0.0,0.0,0.0,0.0,7.0,6.0,13.0,0.0,0.0,0.0,0.0,0.0,1.0,15.0,6.0,0.0,0.0,0.0,8
0.0,0.0,1.0,10.0,13.0,12.0,5.0,0.0,0.0,0.0,13.0,13.0,4.0,4.0,12.0,0.0,0.0,3.0,16.0,7.0,4.0,12.0,6.0,0.0,0.0,2.0,15.0,16.0,15.0,5.0,0.0,0.0,0.0,0.0,1.0,9.0,16.0,0.0,0.0,0.0,0.0,0.0,0.0,2.0,15.0,0.0,0.0,0.0,0.0,0.0,0.0,11.0,6.0,0.0,0.0,0.0,0.0,0.0,0.0,15.0,0.0,0.0,0.0,0.0,9
0.0,0.0,1.0,9.0,15.0,10.0,1.0,0.0,0.0,0.0,2.0,12.0,8.0,12.0,4.0,0.0,0.0,0.0,0.0,11.0,1.0,11.0,3.0,0.0,0.0,0.0,0.0,8.0,8.0,15.0,4.0,0.0,0.0,2.0,15.0,16.0,16.0,7.0,0.0,0.0,0.0,2.0,15.0,5.0,11.0,0.0,0.0,0.0,0.0,0.0,14.0,4.0,12.0,0.0,0.0,0.0,0.0,0.0,3.0,14.0,9.0,0.0,0.0,0.0,8
0.0,0.0,8.0,12.0,12.0,1.0,0.0,0.0,0.0,3.0,16.0,16.0,14.0,9.0,0.0,0.0,0.0,6.0,15.0,9.0,3.0,12.0,2.0,0.0,0.0,7.0,9.0,0.0,0.0,9.0,7.0,0.0,0.0,7.0,8.0,0.0,0.0,7.0,8.0,0.0,0.0,5.0,10.0,0.0,0.0,7.0,9.0,0.0,0.0,0.0,14.0,13.0,10.0,16.0,6.0,0.0,0.0,0.0,5.0,13.0,11.0,4.0,0.0,0.0,0
0.0,0.0,4.0,14.0,16.0,14.0,1.0,0.0,0.0,2.0,14.0,16.0,16.0,8.0,0.0,0.0,0.0,4.0,16.0,16.0,14.0,3.0,0.0,0.0,0.0,4.0,16.0,16.0,10.0,0.0,0.0,0.0,0.0,0.0,12.0,13.0,12.0,0.0,0.0,0.0,0.0,1.0,14.0,16.0,15.0,3.0,0.0,0.0,0.0,0.0,10.0,16.0,16.0,12.0,0.0,0.0,0.0,0.0,2.0,9.0,15.0,16.0,8.0,0.0,1
0.0,1.0,12.0,16.0,5.0,0.0,0.0,0.0,0.0,11.0,16.0,16.0,13.0,0.0,0.0,0.0,0.0,7.0,6.0,5.0,14.0,2.0,0.0,0.0,0.0,0.0,0.0,0.0,12.0,3.0,0.0,0.0,0.0,0.0,0.0,4.0,13.0,0.0,0.0,0.0,0.0,0.0,1.0,13.0,5.0,0.0,0.0,0.0,0.0,0.0,10.0,16.0,10.0,8.0,4.0,0.0,0.0,0.0,13.0,15.0,16.0,12.0,7.0,0.0,2
0.0,1.0,6.0,12.0,15.0,5.0,0.0,0.0,0.0,7.0,14.0,14.0,16.0,7.0,0.0,0.0,0.0,0.0,2.0,14.0,10.0,0.0,0.0,0.0,0.0,0.0,11.0,16.0,2.0,0.0,0.0,0.0,0.0,0.0,2.0,11.0,16.0,12.0,0.0,0.0,0.0,0.0,0.0,0.0,4.0,14.0,7.0,0.0,0.0,0.0,2.0,4.0,5.0,14.0,7.0,0.0,0.0,0.0,6.0,16.0,14.0,8.0,0.0,0.0,3
0.0,0.0,0.0,0.0,8.0,10.0,0.0,0.0,0.0,0.0,0.0,0.0,13.0,6.0,0.0,0.0,0.0,0.0,0.0,5.0,13.0,0.0,0.0,0.0,0.0,0.0,2.0,14.0,3.0,10.0,10.0,0.0,0.0,1.0,14.0,15.0,10.0,16.0,6.0,0.0,0.0,14.0,14.0,12.0,15.0,16.0,2.0,0.0,0.0,3.0,0.0,0.0,8.0,14.0,0.0,0.0,0.0,0.0,0.0,0.0,5.0,10.0,0.0,0.0,4
0.0,0.0,9.0,15.0,16.0,15.0,2.0,0.0,0.0,4.0,16.0,5.0,3.0,1.0,0.0,0.0,0.0,4.0,14.0,0.0,0.0,0.0,0.0,0.0,0.0,5.0,14.0,9.0,14.0,15.0,2.0,0.0,0.0,5.0,13.0,9.0,8.0,15.0,8.0,0.0,0.0,0.0,0.0,0.0,0.0,13.0,5.0,0.0,0.0,0.0,0.0,5.0,11.0,14.0,0.0,0.0,0.0,0.0,11.0,12.0,7.0,1.0,0.0,0.0,5
0.0,0.0,1.0,13.0,2.0,0.0,0.0,0.0,0.0,0.0,9.0,14.0,2.0,0.0,0.0,0.0,0.0,3.0,16.0,7.0,0.0,0.0,0.0,0.0,0.0,3.0,16.0,7.0,0.0,0.0,0.0,0.0,0.0,5.0,16.0,16.0,8.0,1.0,0.0,0.0,0.0,3.0,15.0,11.0,14.0,13.0,2.0,0.0,0.0,0.0,10.0,16.0,10.0,16.0,15.0,0.0,0.0,0.0,1.0,10.0,14.0,12.0,7.0,0.0,6
0.0,0.0,7.0,16.0,16.0,15.0,5.0,0.0,0.0,0.0,9.0,12.0,15.0,16.0,7.0,0.0,0.0,0.0,0.0,0.0,9.0,15.0,1.0,0.0,0.0,0.0,7.0,12.0,15.0,15.0,8.0,0.0,0.0,1.0,16.0,16.0,16.0,13.0,5.0,0.0,0.0,0.0,0.0,14.0,10.0,0.0,0.0,0.0,0.0,0.0,5.0,16.0,2.0,0.0,0.0,0.0,0.0,0.0,8.0,14.0,1.0,0.0,0.0,0.0,7
0.0,1.0,11.0,10.0,8.0,1.0,1.0,0.0,0.0,3.0,15.0,11.0,3.0,12.0,6.0,0.0,0.0,0.0,4.0,16.0,16.0,12.0,0.0,0.0,0.0,0.0,0.0,11.0,16.0,5.0,0.0,0.0,0.0,0.0,5.0,13.0,12.0,12.0,0.0,0.0,0.0,0.0,13.0,7.0,1.0,16.0,4.0,0.0,0.0,1.0,15.0,4.0,7.0,14.0,0.0,0.0,0.0,1.0,14.0,14.0,8.0,1.0,0.0,0.0,8
0.0,1.0,8.0,13.0,15.0,5.0,0.0,0.0,0.0,8.0,14.0,7.0,16.0,14.0,0.0,0.0,0.0,10.0,12.0,1.0,10.0,16.0,2.0,0.0,0.0,2.0,12.0,14.0,15.0,16.0,4.0,0.0,0.0,0.0,0.0,4.0,4.0,15.0,8.0,0.0,0.0,0.0,0.0,0.0,0.0,9.0,9.0,0.0,0.0,0.0,9.0,7.0,1.0,10.0,12.0,0.0,0.0,0.0,6.0,13.0,16.0,15.0,6.0,0.0,9
0.0,0.0,4.0,15.0,8.0,0.0,0.0,0.0,0.0,0.0,15.0,14.0,15.0,5.0,0.0,0.0,0.0,8.0,16.0,5.0,3.0,14.0,0.0,0.0,0.0,5.0,11.0,0.0,0.0,10.0,5.0,0.0,0.0,5.0,9.0,0.0,0.0,8.0,8.0,0.0,0.0,0.0,14.0,0.0,0.0,10.0,8.0,0.0,0.0,0.0,14.0,13.0,13.0,16.0,1.0,0.0,0.0,0.0,2.0,14.0,14.0,7.0,0.0,0.0,0
0.0,0.0,0.0,8.0,12.0,9.0,2.0,0.0,0.0,0.0,5.0,16.0,16.0,16.0,4.0,0.0,0.0,0.0,9.0,16.0,16.0,11.0,0.0,0.0,0.0,3.0,16.0,16.0,16.0,5.0,0.0,0.0,0.0,4.0,16.0,16.0,16.0,4.0,0.0,0.0,0.0,1.0,15.0,16.0,16.0,3.0,0.0,0.0,0.0,0.0,8.0,16.0,16.0,9.0,0.0,0.0,0.0,0.0,0.0,9.0,12.0,6.0,0.0,0.0,1
0.0,0.0,8.0,16.0,8.0,0.0,0.0,0.0,0.0,0.0,10.0,16.0,16.0,3.0,0.0,0.0,0.0,0.0,2.0,4.0,14.0,4.0,0.0,0.0,0.0,0.0,0.0,8.0,14.0,0.0,0.0,0.0,0.0,0.0,5.0,16.0,8.0,0.0,0.0,0.0,0.0,2.0,15.0,14.0,7.0,6.0,3.0,0.0,0.0,5.0,16.0,15.0,16.0,15.0,3.0,0.0,0.0,0.0,10.0,13.0,8.0,2.0,0.0,0.0,2
0.0,1.0,8.0,13.0,16.0,13.0,0.0,0.0,0.0,1.0,13.0,12.0,15.0,16.0,0.0,0.0,0.0,0.0,0.0,5.0,15.0,8.0,0.0,0.0,0.0,0.0,5.0,15.0,5.0,0.0,0.0,0.0,0.0,0.0,6.0,16.0,11.0,1.0,0.0,0.0,0.0,0.0,2.0,13.0,16.0,11.0,0.0,0.0,0.0,0.0,0.0,2.0,14.0,16.0,4.0,0.0,0.0,0.0,13.0,16.0,15.0,7.0,0.0,0.0,3
0.0,0.0,0.0,6.0,12.0,0.0,0.0,0.0,0.0,0.0,2.0,15.0,5.0,0.0,0.0,0.0,0.0,0.0,12.0,8.0,0.0,2.0,6.0,0.0,0.0,4.0,15.0,0.0,1.0,13.0,8.0,0.0,0.0,6.0,16.0,2.0,6.0,14.0,1.0,0.0,0.0,8.0,16.0,16.0,16.0,6.0,0.0,0.0,0.0,1.0,5.0,8.0,16.0,1.0,0.0,0.0,0.0,0.0,0.0,3.0,11.0,0.0,0.0,0.0,4
0.0,0.0,8.0,14.0,16.0,16.0,0.0,0.0,0.0,0.0,14.0,13.0,8.0,8.0,0.0,0.0,0.0,2.0,16.0,6.0,0.0,0.0,0.0,0.0,0.0,6.0,16.0,13.0,16.0,13.0,0.0,0.0,0.0,3.0,16.0,16.0,12.0,16.0,7.0,0.0,0.0,0.0,4.0,1.0,2.0,14.0,6.0,0.0,0.0,0.0,1.0,6.0,16.0,11.0,0.0,0.0,0.0,0.0,11.0,15.0,8.0,1.0,0.0,0.0,5
0.0,0.0,2.0,15.0,6.0,0.0,0.0,0.0,0.0,0.0,11.0,16.0,4.0,0.0,0.0,0.0,0.0,3.0,16.0,7.0,0.0,0.0,0.0,0.0,0.0,4.0,16.0,6.0,4.0,1.0,0.0,0.0,0.0,6.0,16.0,16.0,14.0,16.0,3.0,0.0,0.0,2.0,14.0,9.0,0.0,11.0,9.0,0.0,0.0,0.0,10.0,14.0,8.0,15.0,5.0,0.0,0.0,0.0,3.0,13.0,16.0,8.0,0.0,0.0,6
0.0,0.0,4.0,16.0,16.0,16.0,3.0,0.0,0.0,0.0,7.0,12.0,13.0,16.0,8.0,0.0,0.0,0.0,0.0,0.0,1.0,16.0,5.0,0.0,0.0,1.0,4.0,4.0,7.0,16.0,1.0,0.0,0.0,10.0,16.0,16.0,16.0,16.0,9.0,0.0,0.0,5.0,11.0,13.0,16.0,10.0,2.0,0.0,0.0,0.0,0.0,11.0,13.0,0.0,0.0,0.0,0.0,0.0,5.0,13.0,3.0,0.0,0.0,0.0,7
0.0,2.0,12.0,14.0,3.0,0.0,0.0,0.0,0.0,7.0,16.0,1.0,0.0,4.0,1.0,0.0,0.0,0.0,13.0,16.0,16.0,15.0,1.0,0.0,0.0,0.0,7.0,16.0,14.0,1.0,0.0,0.0,0.0,0.0,15.0,14.0,16.0,0.0,0.0,0.0,0.0,2.0,16.0,1.0,15.0,7.0,0.0,0.0,0.0,5.0,16.0,6.0,15.0,7.0,0.0,0.0,0.0,1.0,16.0,14.0,9.0,0.0,0.0,0.0,8
0.0,0.0,8.0,14.0,12.0,3.0,0.0,0.0,0.0,6.0,16.0,6.0,14.0,14.0,0.0,0.0,0.0,6.0,13.0,0.0,8.0,14.0,0.0,0.0,0.0,2.0,14.0,14.0,14.0,16.0,3.0,0.0,0.0,0.0,2.0,4.0,6.0,16.0,5.0,0.0,0.0,0.0,0.0,0.0,0.0,16.0,5.0,0.0,0.0,0.0,0.0,0.0,5.0,16.0,3.0,0.0,0.0,0.0,7.0,16.0,16.0,8.0,0.0,0.0,9
0.0,0.0,7.0,12.0,1.0,0.0,0.0,0.0,0.0,0.0,15.0,16.0,15.0,4.0,0.0,0.0,0.0,2.0,16.0,9.0,10.0,11.0,0.0,0.0,0.0,6.0,12.0,0.0,0.0,12.0,3.0,0.0,0.0,8.0,12.0,0.0,0.0,6.0,8.0,0.0,0.0,6.0,13.0,0.0,0.0,9.0,8.0,0.0,0.0,1.0,16.0,13.0,15.0,16.0,3.0,0.0,0.0,0.0,6.0,15.0,9.0,3.0,0.0,0.0,0
0.0,0.0,6.0,12.0,11.0,0.0,0.0,0.0,0.0,0.0,12.0,16.0,15.0,0.0,0.0,0.0,0.0,0.0,13.0,16.0,14.0,2.0,0.0,0.0,0.0,1.0,15.0,16.0,11.0,2.0,0.0,0.0,0.0,0.0,9.0,16.0,10.0,0.0,0.0,0.0,0.0,0.0,9.0,16.0,14.0,5.0,0.0,0.0,0.0,0.0,10.0,16.0,16.0,14.0,0.0,0.0,0.0,0.0,4.0,11.0,12.0,8.0,0.0,0.0,1
0.0,0.0,10.0,13.0,8.0,1.0,0.0,0.0,0.0,0.0,16.0,16.0,16.0,8.0,0.0,0.0,0.0,0.0,6.0,1.0,11.0,9.0,0.0,0.0,0.0,0.0,0.0,0.0,13.0,8.0,0.0,0.0,0.0,0.0,0.0,5.0,15.0,4.0,0.0,0.0,0.0,0.0,8.0,16.0,10.0,0.0,0.0,0.0,0.0,8.0,16.0,16.0,16.0,15.0,4.0,0.0,0.0,2.0,10.0,11.0,7.0,2.0,0.0,0.0,2
0.0,4.0,13.0,16.0,16.0,7.0,0.0,0.0,0.0,8.0,12.0,16.0,16.0,13.0,0.0,0.0,0.0,0.0,9.0,16.0,16.0,3.0,0.0,0.0,0.0,0.0,15.0,16.0,6.0,0.0,0.0,0.0,0.0,0.0,10.0,11.0,9.0,2.0,0.0,0.0,0.0,0.0,1.0,7.0,15.0,13.0,2.0,0.0,0.0,0.0,3.0,4.0,7.0,16.0,10.0,0.0,0.0,2.0,11.0,15.0,11.0,8.0,2.0,0.0,3
0.0,0.0,0.0,2.0,14.0,2.0,0.0,0.0,0.0,0.0,0.0,14.0,8.0,0.0,0.0,0.0,0.0,0.0,10.0,9.0,0.0,4.0,4.0,0.0,0.0,4.0,14.0,1.0,1.0,15.0,8.0,0.0,0.0,4.0,16.0,5.0,11.0,16.0,2.0,0.0,0.0,6.0,16.0,16.0,16.0,11.0,0.0,0.0,0.0,0.0,4.0,0.0,12.0,6.0,0.0,0.0,0.0,0.0,0.0,1.0,13.0,1.0,0.0,0.0,4
0.0,0.0,3.0,10.0,15.0,8.0,0.0,0.0,0.0,0.0,12.0,14.0,8.0,1.0,0.0,0.0,0.0,1.0,16.0,3.0,0.0,0.0,0.0,0.0,0.0,2.0,16.0,9.0,11.0,16.0,3.0,0.0,0.0,4.0,16.0,14.0,9.0,15.0,7.0,0.0,0.0,1.0,4.0,0.0,0.0,15.0,3.0,0.0,0.0,0.0,0.0,3.0,12.0,8.0,0.0,0.0,0.0,0.0,2.0,10.0,8.0,0.0,0.0,0.0,5
0.0,0.0,1.0,12.0,6.0,0.0,0.0,0.0,0.0,0.0,12.0,15.0,0.0,0.0,0.0,0.0,0.0,4.0,16.0,10.0,0.0,0.0,0.0,0.0,0.0,7.0,16.0,10.0,1.0,0.0,0.0,0.0,0.0,8.0,16.0,16.0,15.0,7.0,0.0,0.0,0.0,6.0,16.0,9.0,9.0,16.0,3.0,0.0,0.0,0.0,8.0,16.0,13.0,15.0,11.0,0.0,0.0,0.0,1.0,10.0,15.0,14.0,4.0,0.0,6
0.0,0.0,5.0,14.0,16.0,16.0,3.0,0.0,0.0,0.0,7.0,16.0,16.0,16.0,5.0,0.0,0.0,0.0,0.0,0.0,8.0,16.0,0.0,0.0,0.0,0.0,9.0,14.0,16.0,16.0,13.0,0.0,0.0,2.0,16.0,16.0,15.0,7.0,1.0,0.0,0.0,0.0,1.0,14.0,10.0,0.0,0.0,0.0,0.0,0.0,3.0,16.0,5.0,0.0,0.0,0.0,0.0,0.0,7.0,13.0,0.0,0.0,0.0,0.0,7
0.0,0.0,15.0,13.0,0.0,3.0,3.0,0.0,0.0,0.0,15.0,15.0,8.0,15.0,5.0,0.0,0.0,0.0,8.0,16.0,16.0,7.0,0.0,0.0,0.0,0.0,7.0,16.0,16.0,1.0,0.0,0.0,0.0,0.0,12.0,12.0,15.0,10.0,0.0,0.0,0.0,3.0,16.0,0.0,10.0,15.0,1.0,0.0,0.0,2.0,16.0,5.0,7.0,15.0,3.0,0.0,0.0,1.0,12.0,16.0,15.0,7.0,0.0,0.0,8
0.0,0.0,4.0,13.0,13.0,4.0,0.0,0.0,0.0,0.0,16.0,10.0,10.0,8.0,0.0,0.0,0.0,0.0,14.0,7.0,6.0,11.0,0.0,0.0,0.0,0.0,6.0,15.0,15.0,16.0,2.0,0.0,0.0,0.0,0.0,0.0,0.0,11.0,5.0,0.0,0.0,0.0,0.0,0.0,0.0,7.0,9.0,0.0,0.0,1.0,4.0,4.0,6.0,12.0,10.0,0.0,0.0,1.0,6.0,11.0,15.0,12.0,1.0,0.0,9
0.0,0.0,7.0,12.0,13.0,2.0,0.0,0.0,0.0,0.0,14.0,13.0,8.0,13.0,0.0,0.0,0.0,3.0,16.0,1.0,0.0,11.0,2.0,0.0,0.0,4.0,14.0,0.0,0.0,5.0,8.0,0.0,0.0,5.0,8.0,0.0,0.0,5.0,8.0,0.0,0.0,4.0,16.0,0.0,2.0,14.0,7.0,0.0,0.0,2.0,16.0,10.0,14.0,15.0,1.0,0.0,0.0,0.0,6.0,14.0,14.0,4.0,0.0,0.0,0
0.0,0.0,5.0,14.0,11.0,3.0,0.0,0.0,0.0,1.0,15.0,8.0,13.0,10.0,0.0,0.0,0.0,1.0,15.0,9.0,9.0,15.0,2.0,0.0,0.0,0.0,10.0,16.0,16.0,16.0,3.0,0.0,0.0,0.0,0.0,0.0,1.0,16.0,4.0,0.0,0.0,0.0,0.0,0.0,0.0,15.0,4.0,0.0,0.0,0.0,7.0,5.0,9.0,16.0,0.0,0.0,0.0,0.0,6.0,12.0,13.0,9.0,0.0,0.0,9
0.0,0.0,15.0,16.0,12.0,5.0,0.0,0.0,0.0,1.0,16.0,15.0,11.0,7.0,0.0,0.0,0.0,4.0,16.0,9.0,0.0,0.0,0.0,0.0,0.0,8.0,16.0,14.0,12.0,7.0,0.0,0.0,0.0,7.0,16.0,14.0,10.0,16.0,3.0,0.0,0.0,0.0,1.0,0.0,10.0,16.0,4.0,0.0,0.0,0.0,1.0,10.0,16.0,10.0,0.0,0.0,0.0,0.0,13.0,15.0,5.0,0.0,0.0,0.0,5
0.0,0.0,4.0,9.0,12.0,16.0,8.0,0.0,0.0,0.0,15.0,15.0,8.0,8.0,2.0,0.0,0.0,4.0,16.0,11.0,4.0,1.0,0.0,0.0,0.0,8.0,16.0,16.0,16.0,14.0,0.0,0.0,0.0,0.0,11.0,9.0,8.0,16.0,0.0,0.0,0.0,0.0,0.0,0.0,7.0,16.0,0.0,0.0,0.0,0.0,0.0,8.0,16.0,12.0,0.0,0.0,0.0,0.0,3.0,13.0,9.0,1.0,0.0,0.0,5
0.0,0.0,4.0,14.0,5.0,0.0,0.0,0.0,0.0,0.0,13.0,14.0,0.0,0.0,0.0,0.0,0.0,2.0,16.0,10.0,0.0,0.0,0.0,0.0,0.0,4.0,16.0,7.0,0.0,0.0,0.0,0.0,0.0,6.0,16.0,16.0,15.0,4.0,0.0,0.0,0.0,4.0,16.0,9.0,4.0,16.0,2.0,0.0,0.0,1.0,15.0,13.0,6.0,16.0,11.0,0.0,0.0,0.0,4.0,13.0,16.0,15.0,5.0,0.0,6
0.0,0.0,7.0,11.0,13.0,8.0,1.0,0.0,0.0,1.0,15.0,9.0,8.0,6.0,0.0,0.0,0.0,10.0,16.0,0.0,0.0,0.0,0.0,0.0,0.0,8.0,16.0,16.0,16.0,9.0,0.0,0.0,0.0,0.0,6.0,5.0,10.0,13.0,0.0,0.0,0.0,0.0,0.0,1.0,14.0,16.0,0.0,0.0,0.0,0.0,6.0,14.0,14.0,4.0,0.0,0.0,0.0,1.0,10.0,14.0,2.0,0.0,0.0,0.0,5
0.0,0.0,4.0,14.0,11.0,3.0,0.0,0.0,0.0,0.0,10.0,16.0,12.0,14.0,1.0,0.0,0.0,1.0,14.0,12.0,0.0,13.0,3.0,0.0,0.0,5.0,16.0,6.0,0.0,8.0,6.0,0.0,0.0,8.0,16.0,0.0,0.0,9.0,8.0,0.0,0.0,7.0,16.0,3.0,7.0,16.0,5.0,0.0,0.0,3.0,15.0,13.0,16.0,15.0,2.0,0.0,0.0,0.0,4.0,15.0,12.0,2.0,0.0,0.0,0
0.0,0.0,12.0,16.0,14.0,8.0,0.0,0.0,0.0,7.0,16.0,10.0,14.0,16.0,0.0,0.0,0.0,4.0,16.0,11.0,14.0,16.0,4.0,0.0,0.0,0.0,5.0,14.0,16.0,16.0,8.0,0.0,0.0,0.0,0.0,0.0,0.0,16.0,8.0,0.0,0.0,0.0,0.0,0.0,4.0,16.0,6.0,0.0,0.0,2.0,12.0,9.0,16.0,15.0,1.0,0.0,0.0,1.0,9.0,16.0,14.0,3.0,0.0,0.0,9
0.0,0.0,7.0,14.0,11.0,0.0,0.0,0.0,0.0,1.0,16.0,13.0,2.0,2.0,1.0,0.0,0.0,3.0,16.0,9.0,4.0,13.0,4.0,0.0,0.0,0.0,7.0,16.0,16.0,14.0,0.0,0.0,0.0,0.0,11.0,16.0,16.0,9.0,0.0,0.0,0.0,0.0,16.0,9.0,10.0,15.0,0.0,0.0,0.0,1.0,16.0,2.0,5.0,16.0,4.0,0.0,0.0,0.0,7.0,15.0,16.0,16.0,3.0,0.0,8
0.0,0.0,9.0,16.0,14.0,6.0,0.0,0.0,0.0,6.0,16.0,5.0,10.0,16.0,0.0,0.0,0.0,2.0,15.0,7.0,10.0,16.0,3.0,0.0,0.0,0.0,4.0,8.0,12.0,16.0,4.0,0.0,0.0,0.0,0.0,0.0,0.0,16.0,7.0,0.0,0.0,0.0,0.0,0.0,1.0,16.0,8.0,0.0,0.0,0.0,3.0,0.0,8.0,16.0,1.0,0.0,0.0,0.0,10.0,16.0,13.0,4.0,0.0,0.0,9
0.0,1.0,15.0,14.0,2.0,0.0,0.0,0.0,0.0,6.0,14.0,0.0,0.0,3.0,2.0,0.0,0.0,2.0,16.0,3.0,2.0,13.0,3.0,0.0,0.0,0.0,11.0,14.0,15.0,9.0,0.0,0.0,0.0,0.0,7.0,16.0,11.0,0.0,0.0,0.0,0.0,0.0,15.0,13.0,14.0,0.0,0.0,0.0,0.0,2.0,15.0,4.0,16.0,3.0,0.0,0.0,0.0,1.0,15.0,16.0,12.0,1.0,0.0,0.0,8
0.0,0.0,0.0,5.0,12.0,0.0,2.0,1.0,0.0,0.0,1.0,14.0,4.0,1.0,14.0,8.0,0.0,0.0,10.0,8.0,0.0,9.0,15.0,1.0,0.0,1.0,15.0,1.0,2.0,15.0,8.0,0.0,0.0,5.0,16.0,6.0,11.0,16.0,2.0,0.0,0.0,5.0,16.0,16.0,16.0,10.0,0.0,0.0,0.0,0.0,1.0,0.0,15.0,2.0,0.0,0.0,0.0,0.0,0.0,5.0,11.0,0.0,0.0,0.0,4
0.0,0.0,3.0,14.0,15.0,9.0,0.0,0.0,0.0,0.0,10.0,16.0,16.0,13.0,0.0,0.0,0.0,2.0,13.0,16.0,16.0,4.0,0.0,0.0,0.0,0.0,12.0,16.0,16.0,4.0,0.0,0.0,0.0,2.0,13.0,16.0,16.0,4.0,0.0,0.0,0.0,0.0,12.0,16.0,16.0,4.0,0.0,0.0,0.0,0.0,6.0,16.0,16.0,16.0,6.0,0.0,0.0,0.0,2.0,10.0,16.0,16.0,2.0,0.0,1
0.0,0.0,3.0,12.0,16.0,16.0,15.0,0.0,0.0,0.0,9.0,10.0,7.0,12.0,14.0,0.0,0.0,0.0,0.0,0.0,2.0,15.0,6.0,0.0,0.0,0.0,0.0,0.0,11.0,13.0,0.0,0.0,0.0,1.0,9.0,9.0,16.0,11.0,1.0,0.0,0.0,13.0,16.0,16.0,16.0,16.0,4.0,0.0,0.0,0.0,1.0,16.0,7.0,0.0,0.0,0.0,0.0,0.0,6.0,16.0,2.0,0.0,0.0,0.0,7
0.0,0.0,1.0,11.0,16.0,16.0,8.0,0.0,0.0,0.0,5.0,11.0,9.0,16.0,11.0,0.0,0.0,0.0,0.0,0.0,2.0,16.0,6.0,0.0,0.0,0.0,6.0,9.0,12.0,16.0,9.0,0.0,0.0,1.0,16.0,16.0,16.0,14.0,3.0,0.0,0.0,0.0,3.0,5.0,16.0,7.0,0.0,0.0,0.0,0.0,0.0,8.0,14.0,0.0,0.0,0.0,0.0,0.0,1.0,16.0,5.0,0.0,0.0,0.0,7
0.0,0.0,8.0,14.0,16.0,16.0,15.0,1.0,0.0,0.0,6.0,6.0,5.0,12.0,12.0,1.0,0.0,0.0,0.0,2.0,11.0,12.0,3.0,0.0,0.0,0.0,5.0,14.0,9.0,0.0,0.0,0.0,0.0,0.0,9.0,16.0,9.0,0.0,0.0,0.0,0.0,0.0,1.0,11.0,16.0,7.0,0.0,0.0,0.0,0.0,2.0,7.0,16.0,7.0,0.0,0.0,0.0,0.0,9.0,13.0,5.0,0.0,0.0,0.0,3
0.0,0.0,8.0,12.0,15.0,16.0,5.0,0.0,0.0,0.0,10.0,11.0,2.0,3.0,0.0,0.0,0.0,0.0,13.0,5.0,0.0,0.0,0.0,0.0,0.0,2.0,16.0,10.0,12.0,11.0,1.0,0.0,0.0,1.0,16.0,13.0,8.0,14.0,7.0,0.0,0.0,0.0,1.0,0.0,0.0,13.0,3.0,0.0,0.0,0.0,1.0,6.0,12.0,10.0,0.0,0.0,0.0,0.0,10.0,10.0,7.0,0.0,0.0,0.0,5
0.0,0.0,1.0,7.0,10.0,3.0,0.0,0.0,0.0,0.0,8.0,16.0,16.0,12.0,0.0,0.0,0.0,0.0,8.0,16.0,16.0,12.0,0.0,0.0,0.0,0.0,10.0,16.0,16.0,5.0,0.0,0.0,0.0,0.0,7.0,16.0,16.0,1.0,0.0,0.0,0.0,0.0,14.0,16.0,15.0,1.0,0.0,0.0,0.0,0.0,12.0,16.0,16.0,1.0,0.0,0.0,0.0,0.0,1.0,9.0,12.0,9.0,0.0,0.0,1
0.0,0.0,10.0,12.0,14.0,1.0,0.0,0.0,0.0,0.0,16.0,16.0,16.0,12.0,0.0,0.0,0.0,5.0,16.0,8.0,3.0,16.0,0.0,0.0,0.0,8.0,13.0,0.0,0.0,8.0,7.0,0.0,0.0,8.0,12.0,0.0,0.0,6.0,8.0,0.0,0.0,8.0,13.0,0.0,4.0,12.0,8.0,0.0,0.0,7.0,16.0,16.0,16.0,13.0,0.0,0.0,0.0,0.0,11.0,14.0,8.0,1.0,0.0,0.0,0
0.0,0.0,5.0,12.0,1.0,6.0,0.0,0.0,0.0,0.0,11.0,12.0,0.0,16.0,2.0,0.0,0.0,0.0,16.0,5.0,0.0,12.0,4.0,0.0,0.0,3.0,15.0,0.0,0.0,8.0,4.0,0.0,0.0,7.0,12.0,0.0,0.0,4.0,7.0,0.0,0.0,2.0,15.0,1.0,1.0,12.0,5.0,0.0,0.0,0.0,16.0,11.0,12.0,15.0,3.0,0.0,0.0,0.0,4.0,12.0,12.0,3.0,0.0,0.0,0
0.0,0.0,13.0,9.0,0.0,0.0,0.0,0.0,0.0,8.0,16.0,15.0,0.0,0.0,0.0,0.0,0.0,9.0,9.0,13.0,2.0,0.0,0.0,0.0,0.0,0.0,0.0,11.0,3.0,0.0,0.0,0.0,0.0,0.0,1.0,13.0,0.0,0.0,0.0,0.0,0.0,0.0,4.0,13.0,0.0,0.0,0.0,0.0,0.0,1.0,13.0,15.0,8.0,12.0,11.0,0.0,0.0,0.0,12.0,16.0,16.0,12.0,2.0,0.0,2
0.0,5.0,15.0,16.0,6.0,0.0,0.0,0.0,0.0,11.0,16.0,16.0,11.0,0.0,0.0,0.0,0.0,6.0,10.0,11.0,14.0,0.0,0.0,0.0,0.0,0.0,0.0,7.0,15.0,0.0,0.0,0.0,0.0,0.0,0.0,11.0,11.0,0.0,0.0,0.0,0.0,0.0,3.0,16.0,6.0,0.0,0.0,0.0,0.0,0.0,13.0,16.0,15.0,12.0,11.0,0.0,0.0,6.0,16.0,16.0,16.0,13.0,3.0,0.0,2
0.0,0.0,7.0,14.0,16.0,8.0,0.0,0.0,0.0,0.0,14.0,14.0,16.0,14.0,0.0,0.0,0.0,0.0,0.0,0.0,10.0,12.0,0.0,0.0,0.0,0.0,4.0,4.0,14.0,9.0,2.0,0.0,0.0,7.0,16.0,16.0,16.0,16.0,7.0,0.0,0.0,6.0,12.0,16.0,11.0,1.0,0.0,0.0,0.0,0.0,2.0,16.0,3.0,0.0,0.0,0.0,0.0,0.0,6.0,13.0,0.0,0.0,0.0,0.0,7
0.0,0.0,6.0,14.0,9.0,5.0,2.0,0.0,0.0,7.0,15.0,6.0,2.0,12.0,8.0,0.0,0.0,5.0,15.0,2.0,8.0,15.0,1.0,0.0,0.0,1.0,12.0,14.0,16.0,4.0,0.0,0.0,0.0,0.0,1.0,16.0,11.0,0.0,0.0,0.0,0.0,0.0,4.0,10.0,16.0,3.0,0.0,0.0,0.0,0.0,9.0,2.0,13.0,8.0,0.0,0.0,0.0,0.0,5.0,14.0,11.0,3.0,0.0,0.0,8
0.0,4.0,15.0,11.0,1.0,0.0,0.0,0.0,0.0,8.0,16.0,16.0,4.0,0.0,0.0,0.0,0.0,2.0,6.0,13.0,8.0,0.0,0.0,0.0,0.0,0.0,0.0,8.0,5.0,0.0,0.0,0.0,0.0,0.0,0.0,11.0,4.0,0.0,0.0,0.0,0.0,0.0,5.0,16.0,0.0,0.0,0.0,0.0,0.0,2.0,13.0,16.0,13.0,12.0,6.0,0.0,0.0,5.0,16.0,15.0,16.0,12.0,3.0,0.0,2
0.0,0.0,9.0,13.0,8.0,0.0,0.0,0.0,0.0,0.0,13.0,16.0,16.0,12.0,0.0,0.0,0.0,2.0,16.0,7.0,6.0,15.0,3.0,0.0,0.0,8.0,14.0,0.0,0.0,8.0,3.0,0.0,0.0,5.0,14.0,0.0,0.0,8.0,8.0,0.0,0.0,2.0,16.0,13.0,11.0,14.0,4.0,0.0,0.0,3.0,16.0,15.0,16.0,6.0,0.0,0.0,0.0,0.0,6.0,14.0,8.0,0.0,0.0,0.0,0
0.0,0.0,5.0,11.0,12.0,5.0,0.0,0.0,0.0,0.0,12.0,6.0,2.0,3.0,0.0,0.0,0.0,0.0,9.0,16.0,16.0,4.0,0.0,0.0,0.0,0.0,12.0,16.0,16.0,4.0,0.0,0.0,0.0,0.0,12.0,16.0,16.0,4.0,0.0,0.0,0.0,0.0,12.0,16.0,16.0,4.0,0.0,0.0,0.0,0.0,12.0,16.0,16.0,8.0,0.0,0.0,0.0,0.0,6.0,12.0,11.0,7.0,0.0,0.0,1
0.0,2.0,16.0,10.0,0.0,0.0,0.0,0.0,0.0,7.0,16.0,16.0,3.0,0.0,0.0,0.0,0.0,3.0,10.0,12.0,8.0,0.0,0.0,0.0,0.0,0.0,0.0,7.0,10.0,0.0,0.0,0.0,0.0,0.0,0.0,10.0,12.0,0.0,0.0,0.0,0.0,0.0,8.0,15.0,15.0,12.0,5.0,0.0,0.0,2.0,16.0,16.0,16.0,16.0,15.0,2.0,0.0,2.0,15.0,14.0,12.0,12.0,7.0,0.0,2
0.0,0.0,1.0,13.0,9.0,0.0,0.0,0.0,0.0,0.0,8.0,16.0,4.0,0.0,0.0,0.0,0.0,0.0,16.0,11.0,0.0,0.0,0.0,0.0,0.0,2.0,16.0,10.0,2.0,0.0,0.0,0.0,0.0,7.0,16.0,16.0,16.0,10.0,1.0,0.0,0.0,4.0,16.0,6.0,2.0,14.0,7.0,0.0,0.0,0.0,11.0,15.0,12.0,15.0,8.0,0.0,0.0,0.0,2.0,14.0,15.0,6.0,0.0,0.0,6
0.0,0.0,5.0,13.0,16.0,10.0,1.0,0.0,0.0,7.0,16.0,16.0,16.0,16.0,7.0,0.0,0.0,0.0,5.0,2.0,11.0,14.0,5.0,0.0,0.0,0.0,0.0,10.0,15.0,6.0,0.0,0.0,0.0,0.0,9.0,16.0,13.0,2.0,0.0,0.0,0.0,0.0,4.0,11.0,15.0,14.0,0.0,0.0,0.0,0.0,2.0,2.0,13.0,16.0,1.0,0.0,0.0,0.0,5.0,14.0,15.0,9.0,0.0,0.0,3
0.0,0.0,6.0,11.0,16.0,13.0,5.0,0.0,0.0,2.0,16.0,16.0,16.0,16.0,12.0,0.0,0.0,0.0,0.0,0.0,5.0,16.0,4.0,0.0,0.0,0.0,0.0,10.0,15.0,5.0,0.0,0.0,0.0,0.0,9.0,16.0,3.0,0.0,0.0,0.0,0.0,0.0,13.0,16.0,13.0,1.0,0.0,0.0,0.0,0.0,0.0,5.0,16.0,14.0,0.0,0.0,0.0,0.0,5.0,14.0,11.0,6.0,0.0,0.0,3
0.0,0.0,2.0,14.0,16.0,8.0,0.0,0.0,0.0,0.0,4.0,12.0,16.0,11.0,0.0,0.0,0.0,0.0,0.0,0.0,16.0,12.0,0.0,0.0,0.0,0.0,0.0,3.0,16.0,9.0,0.0,0.0,0.0,2.0,5.0,10.0,16.0,12.0,2.0,0.0,0.0,16.0,16.0,16.0,16.0,14.0,3.0,0.0,0.0,4.0,4.0,14.0,12.0,0.0,0.0,0.0,0.0,0.0,2.0,16.0,7.0,0.0,0.0,0.0,7
0.0,0.0,4.0,12.0,13.0,1.0,0.0,0.0,0.0,0.0,4.0,16.0,16.0,5.0,0.0,0.0,0.0,0.0,9.0,16.0,10.0,0.0,0.0,0.0,0.0,8.0,16.0,16.0,11.0,4.0,0.0,0.0,0.0,0.0,4.0,8.0,16.0,16.0,7.0,0.0,0.0,0.0,0.0,0.0,2.0,14.0,14.0,0.0,0.0,0.0,0.0,4.0,15.0,16.0,11.0,0.0,0.0,0.0,5.0,16.0,14.0,8.0,0.0,0.0,3
0.0,1.0,9.0,16.0,16.0,12.0,1.0,0.0,0.0,0.0,7.0,8.0,10.0,16.0,9.0,0.0,0.0,0.0,0.0,0.0,9.0,16.0,4.0,0.0,0.0,0.0,5.0,13.0,13.0,3.0,0.0,0.0,0.0,0.0,13.0,16.0,8.0,0.0,0.0,0.0,0.0,0.0,0.0,11.0,16.0,8.0,0.0,0.0,0.0,0.0,3.0,5.0,14.0,15.0,0.0,0.0,0.0,0.0,10.0,16.0,11.0,4.0,0.0,0.0,3
0.0,0.0,0.0,2.0,14.0,0.0,0.0,0.0,0.0,0.0,0.0,12.0,9.0,0.0,0.0,0.0,0.0,0.0,8.0,12.0,0.0,0.0,13.0,5.0,0.0,0.0,13.0,8.0,0.0,9.0,14.0,0.0,0.0,4.0,16.0,16.0,12.0,16.0,4.0,0.0,0.0,4.0,12.0,12.0,15.0,12.0,0.0,0.0,0.0,0.0,0.0,1.0,15.0,4.0,0.0,0.0,0.0,0.0,0.0,4.0,10.0,0.0,0.0,0.0,4
0.0,0.0,4.0,16.0,6.0,0.0,0.0,0.0,0.0,0.0,7.0,16.0,5.0,0.0,0.0,0.0,0.0,0.0,12.0,12.0,1.0,0.0,0.0,0.0,0.0,0.0,16.0,8.0,0.0,0.0,0.0,0.0,0.0,4.0,16.0,11.0,2.0,0.0,0.0,0.0,0.0,5.0,16.0,16.0,16.0,13.0,1.0,0.0,0.0,2.0,16.0,14.0,15.0,16.0,5.0,0.0,0.0,0.0,5.0,15.0,14.0,7.0,0.0,0.0,6
0.0,0.0,5.0,16.0,5.0,0.0,0.0,0.0,0.0,0.0,12.0,14.0,1.0,0.0,0.0,0.0,0.0,0.0,15.0,10.0,0.0,0.0,0.0,0.0,0.0,3.0,16.0,9.0,1.0,0.0,0.0,0.0,0.0,7.0,16.0,16.0,16.0,9.0,0.0,0.0,0.0,1.0,16.0,10.0,8.0,16.0,6.0,0.0,0.0,0.0,12.0,14.0,5.0,9.0,13.0,0.0,0.0,0.0,4.0,15.0,15.0,12.0,3.0,0.0,6
0.0,0.0,3.0,14.0,1.0,0.0,0.0,0.0,0.0,0.0,12.0,12.0,0.0,0.0,0.0,0.0,0.0,3.0,16.0,6.0,0.0,0.0,0.0,0.0,0.0,5.0,16.0,2.0,0.0,0.0,0.0,0.0,0.0,6.0,16.0,2.0,5.0,2.0,0.0,0.0,0.0,4.0,16.0,2.0,12.0,15.0,2.0,0.0,0.0,1.0,14.0,13.0,2.0,13.0,11.0,0.0,0.0,0.0,3.0,11.0,16.0,13.0,4.0,0.0,6
0.0,0.0,0.0,1.0,15.0,2.0,0.0,0.0,0.0,0.0,0.0,6.0,14.0,0.0,0.0,0.0,0.0,0.0,0.0,11.0,9.0,0.0,6.0,0.0,0.0,0.0,6.0,15.0,1.0,11.0,15.0,0.0,0.0,5.0,16.0,14.0,10.0,16.0,8.0,0.0,1.0,15.0,16.0,16.0,16.0,16.0,3.0,0.0,0.0,3.0,7.0,5.0,13.0,11.0,0.0,0.0,0.0,0.0,0.0,0.0,15.0,3.0,0.0,0.0,4
0.0,0.0,10.0,16.0,9.0,1.0,0.0,0.0,0.0,7.0,16.0,9.0,14.0,11.0,0.0,0.0,0.0,8.0,14.0,1.0,7.0,14.0,2.0,0.0,0.0,2.0,14.0,14.0,14.0,15.0,3.0,0.0,0.0,0.0,2.0,4.0,4.0,16.0,4.0,0.0,0.0,0.0,3.0,0.0,0.0,13.0,9.0,0.0,0.0,2.0,15.0,8.0,8.0,14.0,8.0,0.0,0.0,0.0,8.0,15.0,13.0,10.0,0.0,0.0,9
0.0,0.0,11.0,15.0,12.0,1.0,0.0,0.0,0.0,0.0,7.0,16.0,16.0,7.0,0.0,0.0,0.0,0.0,12.0,16.0,16.0,16.0,1.0,0.0,0.0,0.0,13.0,16.0,16.0,13.0,2.0,0.0,0.0,0.0,14.0,16.0,16.0,4.0,0.0,0.0,0.0,2.0,16.0,16.0,14.0,0.0,0.0,0.0,0.0,0.0,14.0,16.0,14.0,0.0,0.0,0.0,0.0,0.0,8.0,16.0,13.0,1.0,0.0,0.0,1
0.0,0.0,7.0,12.0,16.0,9.0,0.0,0.0,0.0,4.0,16.0,6.0,7.0,3.0,0.0,0.0,0.0,4.0,16.0,2.0,8.0,3.0,0.0,0.0,0.0,7.0,16.0,15.0,13.0,16.0,3.0,0.0,0.0,5.0,11.0,1.0,1.0,16.0,8.0,0.0,0.0,0.0,0.0,0.0,7.0,16.0,0.0,0.0,0.0,0.0,0.0,10.0,16.0,6.0,0.0,0.0,0.0,0.0,10.0,11.0,4.0,0.0,0.0,0.0,5
0.0,0.0,10.0,11.0,7.0,0.0,0.0,0.0,0.0,4.0,16.0,16.0,16.0,10.0,0.0,0.0,0.0,4.0,16.0,6.0,5.0,15.0,2.0,0.0,0.0,8.0,12.0,0.0,0.0,5.0,8.0,0.0,0.0,8.0,10.0,0.0,0.0,5.0,8.0,0.0,0.0,6.0,13.0,1.0,5.0,14.0,5.0,0.0,0.0,0.0,14.0,13.0,15.0,11.0,1.0,0.0,0.0,0.0,7.0,12.0,8.0,0.0,0.0,0.0,0
0.0,0.0,8.0,16.0,11.0,0.0,0.0,0.0,0.0,2.0,15.0,8.0,16.0,7.0,0.0,0.0,0.0,3.0,13.0,1.0,14.0,13.0,0.0,0.0,0.0,0.0,10.0,16.0,16.0,16.0,3.0,0.0,0.0,0.0,0.0,2.0,5.0,15.0,4.0,0.0,0.0,0.0,0.0,0.0,0.0,12.0,6.0,0.0,0.0,0.0,5.0,6.0,5.0,15.0,4.0,0.0,0.0,0.0,6.0,15.0,16.0,12.0,1.0,0.0,9
0.0,0.0,3.0,10.0,16.0,12.0,0.0,0.0,0.0,0.0,13.0,12.0,0.0,2.0,0.0,0.0,0.0,4.0,16.0,2.0,0.0,0.0,0.0,0.0,0.0,0.0,16.0,14.0,16.0,14.0,2.0,0.0,0.0,6.0,16.0,12.0,5.0,16.0,5.0,0.0,0.0,1.0,12.0,1.0,0.0,14.0,7.0,0.0,0.0,0.0,0.0,3.0,13.0,13.0,1.0,0.0,0.0,0.0,1.0,13.0,10.0,1.0,0.0,0.0,5
0.0,4.0,15.0,15.0,8.0,0.0,0.0,0.0,0.0,8.0,16.0,16.0,16.0,3.0,0.0,0.0,0.0,1.0,0.0,1.0,15.0,5.0,0.0,0.0,0.0,0.0,0.0,0.0,11.0,6.0,0.0,0.0,0.0,0.0,0.0,3.0,15.0,2.0,0.0,0.0,0.0,0.0,4.0,15.0,16.0,14.0,6.0,0.0,0.0,6.0,16.0,16.0,15.0,11.0,3.0,0.0,0.0,7.0,14.0,11.0,0.0,0.0,0.0,0.0,2
0.0,0.0,7.0,12.0,10.0,0.0,0.0,0.0,0.0,3.0,16.0,16.0,16.0,9.0,1.0,0.0,0.0,0.0,8.0,16.0,16.0,11.0,1.0,0.0,0.0,0.0,10.0,16.0,16.0,0.0,0.0,0.0,0.0,3.0,16.0,14.0,16.0,4.0,0.0,0.0,0.0,4.0,13.0,0.0,7.0,15.0,0.0,0.0,0.0,4.0,14.0,2.0,2.0,16.0,0.0,0.0,0.0,0.0,6.0,11.0,10.0,5.0,0.0,0.0,8
0.0,2.0,11.0,16.0,13.0,2.0,0.0,0.0,0.0,11.0,15.0,12.0,16.0,7.0,0.0,0.0,0.0,7.0,6.0,0.0,14.0,8.0,0.0,0.0,0.0,0.0,0.0,1.0,16.0,6.0,0.0,0.0,0.0,0.0,0.0,10.0,10.0,0.0,0.0,0.0,0.0,0.0,7.0,16.0,4.0,3.0,3.0,0.0,0.0,3.0,15.0,16.0,15.0,15.0,11.0,0.0,0.0,2.0,13.0,12.0,9.0,0.0,0.0,0.0,2
0.0,0.0,7.0,14.0,8.0,4.0,0.0,0.0,0.0,0.0,16.0,8.0,15.0,14.0,1.0,0.0,0.0,4.0,16.0,4.0,0.0,8.0,4.0,0.0,0.0,8.0,14.0,0.0,0.0,4.0,4.0,0.0,0.0,8.0,16.0,0.0,0.0,4.0,5.0,0.0,0.0,3.0,16.0,1.0,0.0,11.0,4.0,0.0,0.0,0.0,15.0,16.0,16.0,12.0,0.0,0.0,0.0,0.0,6.0,13.0,7.0,0.0,0.0,0.0,0
0.0,0.0,9.0,15.0,6.0,0.0,0.0,0.0,0.0,2.0,16.0,16.0,16.0,7.0,0.0,0.0,0.0,4.0,14.0,5.0,11.0,13.0,0.0,0.0,0.0,7.0,12.0,0.0,0.0,12.0,4.0,0.0,0.0,8.0,11.0,0.0,0.0,7.0,5.0,0.0,0.0,4.0,13.0,1.0,1.0,10.0,6.0,0.0,0.0,2.0,16.0,15.0,15.0,14.0,1.0,0.0,0.0,0.0,8.0,15.0,11.0,4.0,0.0,0.0,0
0.0,0.0,4.0,12.0,12.0,7.0,0.0,0.0,0.0,0.0,16.0,16.0,16.0,5.0,0.0,0.0,0.0,0.0,16.0,16.0,16.0,16.0,0.0,0.0,0.0,4.0,16.0,16.0,16.0,12.0,0.0,0.0,0.0,4.0,16.0,16.0,16.0,12.0,0.0,0.0,0.0,3.0,15.0,16.0,16.0,9.0,0.0,0.0,0.0,0.0,12.0,16.0,16.0,8.0,0.0,0.0,0.0,1.0,7.0,12.0,11.0,5.0,0.0,0.0,1
0.0,0.0,6.0,15.0,14.0,1.0,0.0,0.0,0.0,0.0,13.0,16.0,16.0,2.0,0.0,0.0,0.0,0.0,3.0,8.0,16.0,2.0,0.0,0.0,0.0,2.0,6.0,12.0,16.0,7.0,2.0,0.0,0.0,13.0,16.0,16.0,16.0,16.0,9.0,0.0,0.0,10.0,13.0,16.0,7.0,1.0,0.0,0.0,0.0,0.0,6.0,14.0,0.0,0.0,0.0,0.0,0.0,0.0,10.0,8.0,0.0,0.0,0.0,0.0,7
0.0,0.0,0.0,13.0,12.0,0.0,0.0,0.0,0.0,0.0,6.0,16.0,4.0,0.0,0.0,0.0,0.0,2.0,16.0,10.0,0.0,0.0,0.0,0.0,0.0,5.0,16.0,10.0,0.0,0.0,0.0,0.0,0.0,8.0,15.0,15.0,6.0,0.0,0.0,0.0,0.0,3.0,16.0,14.0,13.0,10.0,2.0,0.0,0.0,0.0,12.0,16.0,13.0,16.0,12.0,0.0,0.0,0.0,1.0,10.0,16.0,14.0,4.0,0.0,6
0.0,0.0,7.0,16.0,16.0,15.0,8.0,0.0,0.0,0.0,12.0,15.0,15.0,16.0,11.0,0.0,0.0,0.0,0.0,3.0,14.0,15.0,2.0,0.0,0.0,0.0,1.0,14.0,12.0,1.0,0.0,0.0,0.0,0.0,1.0,16.0,15.0,5.0,0.0,0.0,0.0,0.0,0.0,3.0,12.0,15.0,0.0,0.0,0.0,0.0,0.0,4.0,12.0,14.0,1.0,0.0,0.0,0.0,10.0,15.0,10.0,4.0,0.0,0.0,3
0.0,0.0,11.0,16.0,10.0,0.0,0.0,0.0,0.0,6.0,15.0,16.0,16.0,6.0,0.0,0.0,0.0,0.0,0.0,2.0,11.0,12.0,0.0,0.0,0.0,0.0,0.0,0.0,9.0,8.0,0.0,0.0,0.0,0.0,0.0,4.0,15.0,2.0,0.0,0.0,0.0,1.0,9.0,15.0,9.0,3.0,0.0,0.0,0.0,0.0,16.0,16.0,16.0,16.0,7.0,0.0,0.0,0.0,10.0,13.0,8.0,4.0,1.0,0.0,2
0.0,0.0,4.0,10.0,12.0,7.0,0.0,0.0,0.0,0.0,8.0,16.0,16.0,15.0,0.0,0.0,0.0,0.0,9.0,16.0,16.0,12.0,0.0,0.0,0.0,0.0,7.0,16.0,16.0,9.0,0.0,0.0,0.0,0.0,2.0,14.0,16.0,11.0,1.0,0.0,0.0,0.0,0.0,16.0,16.0,16.0,0.0,0.0,0.0,0.0,2.0,16.0,16.0,12.0,0.0,0.0,0.0,0.0,1.0,9.0,10.0,0.0,0.0,0.0,1
0.0,0.0,1.0,15.0,15.0,2.0,0.0,0.0,0.0,0.0,3.0,12.0,16.0,6.0,0.0,0.0,0.0,0.0,0.0,4.0,16.0,4.0,0.0,0.0,0.0,0.0,3.0,8.0,16.0,4.0,0.0,0.0,0.0,10.0,16.0,16.0,16.0,16.0,8.0,0.0,0.0,8.0,11.0,14.0,14.0,5.0,1.0,0.0,0.0,0.0,0.0,15.0,6.0,0.0,0.0,0.0,0.0,0.0,1.0,15.0,2.0,0.0,0.0,0.0,7
0.0,0.0,0.0,0.0,13.0,8.0,0.0,0.0,0.0,0.0,0.0,5.0,16.0,3.0,0.0,0.0,0.0,0.0,0.0,14.0,10.0,2.0,9.0,0.0,0.0,1.0,11.0,13.0,0.0,10.0,15.0,0.0,0.0,12.0,15.0,5.0,7.0,14.0,10.0,0.0,1.0,15.0,16.0,16.0,16.0,16.0,4.0,0.0,0.0,4.0,4.0,3.0,10.0,14.0,0.0,0.0,0.0,0.0,0.0,0.0,15.0,7.0,0.0,0.0,4
0.0,0.0,0.0,8.0,15.0,3.0,0.0,0.0,0.0,0.0,1.0,15.0,11.0,2.0,0.0,0.0,0.0,0.0,13.0,16.0,1.0,0.0,0.0,0.0,0.0,3.0,16.0,14.0,0.0,0.0,0.0,0.0,0.0,3.0,16.0,15.0,5.0,0.0,0.0,0.0,0.0,3.0,15.0,16.0,11.0,14.0,7.0,0.0,0.0,0.0,11.0,16.0,6.0,6.0,15.0,0.0,0.0,0.0,0.0,10.0,14.0,12.0,8.0,0.0,6
0.0,0.0,10.0,15.0,15.0,11.0,4.0,0.0,0.0,1.0,10.0,5.0,7.0,16.0,10.0,0.0,0.0,0.0,0.0,1.0,14.0,14.0,0.0,0.0,0.0,0.0,0.0,11.0,13.0,0.0,0.0,0.0,0.0,0.0,0.0,5.0,16.0,5.0,0.0,0.0,0.0,0.0,0.0,1.0,10.0,14.0,0.0,0.0,0.0,0.0,0.0,2.0,7.0,15.0,3.0,0.0,0.0,0.0,6.0,11.0,16.0,8.0,0.0,0.0,3
0.0,0.0,4.0,16.0,16.0,8.0,0.0,0.0,0.0,0.0,6.0,16.0,16.0,15.0,1.0,0.0,0.0,0.0,4.0,16.0,16.0,12.0,0.0,0.0,0.0,0.0,3.0,16.0,16.0,15.0,0.0,0.0,0.0,0.0,8.0,16.0,16.0,6.0,0.0,0.0,0.0,1.0,13.0,16.0,16.0,4.0,0.0,0.0,0.0,3.0,16.0,16.0,15.0,2.0,0.0,0.0,0.0,0.0,6.0,12.0,12.0,2.0,0.0,0.0,1
0.0,0.0,3.0,13.0,16.0,5.0,0.0,0.0,0.0,6.0,15.0,9.0,15.0,7.0,0.0,0.0,0.0,0.0,0.0,6.0,16.0,10.0,0.0,0.0,0.0,0.0,7.0,14.0,16.0,3.0,0.0,0.0,0.0,0.0,9.0,16.0,16.0,14.0,3.0,0.0,0.0,0.0,0.0,3.0,2.0,15.0,10.0,0.0,0.0,0.0,4.0,5.0,12.0,16.0,14.0,0.0,0.0,0.0,5.0,13.0,14.0,8.0,2.0,0.0,3
0.0,0.0,7.0,16.0,9.0,8.0,2.0,0.0,0.0,5.0,16.0,14.0,16.0,16.0,4.0,0.0,0.0,8.0,14.0,0.0,6.0,16.0,4.0,0.0,0.0,1.0,16.0,16.0,15.0,16.0,6.0,0.0,0.0,0.0,0.0,4.0,4.0,13.0,8.0,0.0,0.0,0.0,0.0,0.0,0.0,13.0,8.0,0.0,0.0,0.0,12.0,9.0,11.0,16.0,7.0,0.0,0.0,0.0,7.0,15.0,14.0,7.0,0.0,0.0,9
0.0,0.0,1.0,12.0,10.0,3.0,0.0,0.0,0.0,0.0,7.0,16.0,16.0,7.0,0.0,0.0,0.0,0.0,12.0,16.0,16.0,3.0,0.0,0.0,0.0,0.0,14.0,16.0,16.0,2.0,0.0,0.0,0.0,1.0,15.0,16.0,16.0,5.0,0.0,0.0,0.0,0.0,15.0,16.0,15.0,2.0,0.0,0.0,0.0,0.0,11.0,16.0,16.0,8.0,0.0,0.0,0.0,0.0,1.0,7.0,12.0,10.0,0.0,0.0,1
0.0,0.0,1.0,10.0,16.0,16.0,1.0,0.0,0.0,0.0,9.0,16.0,13.0,16.0,1.0,0.0,0.0,0.0,0.0,0.0,5.0,11.0,0.0,0.0,0.0,0.0,0.0,3.0,12.0,12.0,5.0,0.0,0.0,0.0,7.0,16.0,16.0,10.0,4.0,0.0,0.0,0.0,3.0,11.0,13.0,0.0,0.0,0.0,0.0,0.0,0.0,11.0,5.0,0.0,0.0,0.0,0.0,0.0,0.0,15.0,0.0,0.0,0.0,0.0,7
0.0,0.0,2.0,13.0,13.0,1.0,0.0,0.0,0.0,0.0,12.0,16.0,9.0,0.0,0.0,0.0,0.0,0.0,16.0,11.0,0.0,0.0,0.0,0.0,0.0,4.0,16.0,8.0,0.0,0.0,0.0,0.0,0.0,6.0,16.0,9.0,3.0,0.0,0.0,0.0,0.0,3.0,16.0,14.0,12.0,13.0,4.0,0.0,0.0,0.0,14.0,10.0,0.0,10.0,15.0,0.0,0.0,0.0,2.0,12.0,16.0,13.0,7.0,0.0,6
0.0,0.0,5.0,12.0,13.0,4.0,0.0,0.0,0.0,3.0,16.0,10.0,2.0,5.0,9.0,0.0,0.0,0.0,15.0,14.0,11.0,15.0,3.0,0.0,0.0,0.0,7.0,16.0,15.0,1.0,0.0,0.0,0.0,0.0,3.0,16.0,16.0,4.0,0.0,0.0,0.0,0.0,8.0,14.0,13.0,12.0,0.0,0.0,0.0,0.0,12.0,12.0,13.0,11.0,0.0,0.0,0.0,0.0,7.0,16.0,11.0,2.0,0.0,0.0,8
0.0,0.0,0.0,3.0,13.0,7.0,0.0,0.0,0.0,0.0,1.0,14.0,11.0,0.0,0.0,0.0,0.0,0.0,12.0,12.0,1.0,2.0,3.0,0.0,0.0,7.0,16.0,4.0,1.0,15.0,10.0,0.0,0.0,10.0,14.0,0.0,7.0,16.0,8.0,0.0,0.0,15.0,16.0,16.0,16.0,16.0,1.0,0.0,0.0,4.0,11.0,11.0,15.0,11.0,0.0,0.0,0.0,0.0,0.0,2.0,15.0,4.0,0.0,0.0,4
0.0,1.0,7.0,13.0,16.0,13.0,0.0,0.0,0.0,7.0,16.0,16.0,16.0,14.0,0.0,0.0,0.0,1.0,7.0,16.0,10.0,1.0,0.0,0.0,0.0,1.0,16.0,15.0,0.0,0.0,0.0,0.0,0.0,0.0,8.0,15.0,14.0,3.0,0.0,0.0,0.0,0.0,0.0,1.0,14.0,15.0,3.0,0.0,0.0,0.0,1.0,5.0,13.0,16.0,7.0,0.0,0.0,0.0,8.0,15.0,10.0,6.0,0.0,0.0,3
0.0,0.0,8.0,12.0,11.0,6.0,0.0,0.0,0.0,0.0,8.0,16.0,16.0,13.0,2.0,0.0,0.0,2.0,14.0,16.0,16.0,14.0,2.0,0.0,0.0,2.0,13.0,16.0,16.0,8.0,0.0,0.0,0.0,4.0,16.0,16.0,16.0,8.0,0.0,0.0,0.0,4.0,16.0,16.0,16.0,10.0,0.0,0.0,0.0,1.0,11.0,16.0,16.0,8.0,0.0,0.0,0.0,0.0,4.0,11.0,12.0,7.0,0.0,0.0,1
0.0,0.0,0.0,2.0,16.0,1.0,0.0,0.0,0.0,0.0,0.0,9.0,12.0,0.0,0.0,0.0,0.0,0.0,4.0,15.0,9.0,0.0,0.0,0.0,0.0,4.0,16.0,12.0,0.0,9.0,12.0,0.0,0.0,9.0,16.0,16.0,16.0,16.0,10.0,0.0,0.0,1.0,6.0,10.0,14.0,16.0,4.0,0.0,0.0,0.0,0.0,0.0,14.0,14.0,0.0,0.0,0.0,0.0,0.0,3.0,16.0,7.0,0.0,0.0,4
0.0,0.0,5.0,16.0,10.0,0.0,0.0,0.0,0.0,0.0,8.0,16.0,16.0,5.0,0.0,0.0,0.0,0.0,14.0,14.0,1.0,12.0,0.0,0.0,0.0,0.0,15.0,10.0,0.0,7.0,4.0,0.0,0.0,2.0,16.0,7.0,0.0,2.0,9.0,0.0,0.0,2.0,16.0,8.0,0.0,6.0,11.0,0.0,0.0,1.0,12.0,14.0,14.0,16.0,5.0,0.0,0.0,0.0,4.0,15.0,16.0,8.0,1.0,0.0,0
0.0,0.0,9.0,12.0,14.0,6.0,0.0,0.0,0.0,0.0,16.0,6.0,0.0,0.0,0.0,0.0,0.0,2.0,15.0,0.0,0.0,0.0,0.0,0.0,0.0,8.0,15.0,12.0,16.0,9.0,1.0,0.0,0.0,1.0,8.0,6.0,2.0,12.0,7.0,0.0,0.0,0.0,0.0,0.0,0.0,11.0,7.0,0.0,0.0,0.0,0.0,0.0,8.0,15.0,2.0,0.0,0.0,0.0,12.0,14.0,9.0,2.0,0.0,0.0,5
0.0,2.0,10.0,12.0,16.0,8.0,0.0,0.0,0.0,4.0,8.0,5.0,13.0,16.0,0.0,0.0,0.0,0.0,0.0,7.0,15.0,7.0,0.0,0.0,0.0,0.0,6.0,16.0,10.0,0.0,0.0,0.0,0.0,0.0,0.0,5.0,16.0,11.0,0.0,0.0,0.0,0.0,0.0,0.0,6.0,16.0,3.0,0.0,0.0,0.0,0.0,0.0,10.0,16.0,5.0,0.0,0.0,2.0,14.0,16.0,12.0,9.0,0.0,0.0,3
0.0,0.0,0.0,6.0,12.0,6.0,0.0,0.0,0.0,0.0,1.0,15.0,14.0,1.0,0.0,0.0,0.0,0.0,10.0,16.0,8.0,0.0,0.0,0.0,0.0,1.0,13.0,16.0,0.0,0.0,0.0,0.0,0.0,3.0,16.0,16.0,11.0,4.0,0.0,0.0,0.0,0.0,16.0,16.0,16.0,16.0,7.0,0.0,0.0,0.0,9.0,16.0,16.0,16.0,12.0,0.0,0.0,0.0,0.0,6.0,11.0,12.0,5.0,0.0,6
0.0,0.0,5.0,14.0,11.0,8.0,0.0,0.0,0.0,4.0,15.0,2.0,16.0,16.0,0.0,0.0,0.0,8.0,12.0,0.0,12.0,16.0,0.0,0.0,0.0,2.0,15.0,16.0,16.0,15.0,4.0,0.0,0.0,0.0,0.0,4.0,10.0,16.0,2.0,0.0,0.0,0.0,0.0,0.0,4.0,16.0,2.0,0.0,0.0,3.0,13.0,8.0,14.0,16.0,0.0,0.0,0.0,0.0,7.0,15.0,12.0,5.0,0.0,0.0,9
0.0,0.0,2.0,13.0,10.0,0.0,0.0,0.0,0.0,0.0,10.0,13.0,0.0,0.0,0.0,0.0,0.0,0.0,16.0,6.0,0.0,0.0,0.0,0.0,0.0,3.0,16.0,8.0,2.0,0.0,0.0,0.0,0.0,7.0,16.0,16.0,16.0,11.0,0.0,0.0,0.0,4.0,16.0,2.0,4.0,11.0,9.0,0.0,0.0,1.0,13.0,11.0,8.0,12.0,12.0,0.0,0.0,0.0,1.0,12.0,16.0,14.0,4.0,0.0,6
0.0,0.0,6.0,12.0,12.0,6.0,0.0,0.0,0.0,0.0,11.0,16.0,16.0,13.0,0.0,0.0,0.0,0.0,12.0,16.0,16.0,8.0,0.0,0.0,0.0,0.0,8.0,16.0,16.0,12.0,0.0,0.0,0.0,2.0,13.0,16.0,16.0,12.0,0.0,0.0,0.0,1.0,16.0,16.0,16.0,10.0,0.0,0.0,0.0,0.0,16.0,16.0,16.0,8.0,0.0,0.0,0.0,0.0,2.0,11.0,10.0,4.0,0.0,0.0,1
0.0,0.0,6.0,16.0,16.0,3.0,0.0,0.0,0.0,0.0,8.0,16.0,16.0,12.0,0.0,0.0,0.0,0.0,0.0,4.0,15.0,11.0,0.0,0.0,0.0,0.0,6.0,16.0,16.0,16.0,13.0,0.0,0.0,0.0,11.0,16.0,16.0,5.0,1.0,0.0,0.0,0.0,0.0,14.0,7.0,0.0,0.0,0.0,0.0,0.0,4.0,16.0,1.0,0.0,0.0,0.0,0.0,0.0,11.0,11.0,0.0,0.0,0.0,0.0,7
0.0,0.0,12.0,16.0,16.0,7.0,0.0,0.0,0.0,3.0,16.0,10.0,2.0,2.0,0.0,0.0,0.0,4.0,16.0,5.0,0.0,0.0,0.0,0.0,0.0,3.0,16.0,12.0,12.0,9.0,1.0,0.0,0.0,1.0,15.0,16.0,12.0,15.0,9.0,0.0,0.0,0.0,0.0,0.0,3.0,14.0,11.0,0.0,0.0,0.0,3.0,9.0,16.0,16.0,7.0,0.0,0.0,0.0,10.0,12.0,12.0,4.0,0.0,0.0,5
0.0,0.0,0.0,2.0,14.0,0.0,0.0,0.0,0.0,0.0,0.0,4.0,15.0,0.0,0.0,0.0,0.0,0.0,0.0,11.0,10.0,5.0,7.0,0.0,0.0,0.0,11.0,15.0,2.0,13.0,7.0,0.0,0.0,10.0,16.0,8.0,8.0,16.0,6.0,0.0,0.0,8.0,12.0,12.0,13.0,15.0,1.0,0.0,0.0,0.0,0.0,0.0,10.0,10.0,0.0,0.0,0.0,0.0,0.0,1.0,13.0,3.0,0.0,0.0,4
0.0,0.0,0.0,1.0,13.0,8.0,0.0,0.0,0.0,0.0,0.0,9.0,15.0,3.0,0.0,0.0,0.0,0.0,2.0,16.0,9.0,2.0,1.0,0.0,0.0,2.0,14.0,13.0,1.0,16.0,6.0,0.0,0.0,11.0,16.0,6.0,8.0,16.0,3.0,0.0,1.0,16.0,16.0,16.0,16.0,13.0,0.0,0.0,0.0,7.0,12.0,13.0,16.0,10.0,0.0,0.0,0.0,0.0,0.0,0.0,15.0,7.0,0.0,0.0,4
0.0,0.0,3.0,10.0,16.0,16.0,4.0,0.0,0.0,0.0,0.0,0.0,1.0,14.0,7.0,0.0,0.0,0.0,0.0,0.0,2.0,15.0,4.0,0.0,0.0,0.0,4.0,4.0,12.0,15.0,5.0,0.0,0.0,1.0,15.0,16.0,16.0,9.0,4.0,0.0,0.0,0.0,2.0,11.0,13.0,0.0,0.0,0.0,0.0,0.0,1.0,16.0,5.0,0.0,0.0,0.0,0.0,0.0,3.0,12.0,0.0,0.0,0.0,0.0,7
0.0,3.0,14.0,15.0,6.0,0.0,0.0,0.0,0.0,7.0,15.0,14.0,15.0,0.0,0.0,0.0,0.0,2.0,7.0,2.0,14.0,3.0,0.0,0.0,0.0,0.0,0.0,1.0,14.0,4.0,0.0,0.0,0.0,0.0,0.0,7.0,15.0,2.0,0.0,0.0,0.0,0.0,5.0,15.0,14.0,4.0,1.0,0.0,0.0,4.0,15.0,16.0,16.0,16.0,6.0,0.0,0.0,4.0,15.0,13.0,12.0,11.0,1.0,0.0,2
0.0,0.0,10.0,16.0,14.0,5.0,0.0,0.0,0.0,2.0,16.0,16.0,8.0,0.0,0.0,0.0,0.0,0.0,9.0,16.0,16.0,5.0,0.0,0.0,0.0,0.0,7.0,16.0,16.0,3.0,0.0,0.0,0.0,0.0,14.0,14.0,13.0,11.0,0.0,0.0,0.0,5.0,16.0,1.0,6.0,15.0,0.0,0.0,0.0,7.0,14.0,9.0,13.0,15.0,1.0,0.0,0.0,1.0,11.0,16.0,15.0,6.0,0.0,0.0,8
0.0,1.0,10.0,13.0,2.0,0.0,0.0,0.0,0.0,10.0,16.0,16.0,12.0,0.0,0.0,0.0,0.0,9.0,9.0,8.0,16.0,0.0,0.0,0.0,0.0,0.0,0.0,6.0,16.0,2.0,0.0,0.0,0.0,0.0,1.0,11.0,15.0,0.0,0.0,0.0,0.0,0.0,4.0,16.0,13.0,2.0,0.0,0.0,0.0,0.0,14.0,16.0,16.0,16.0,13.0,0.0,0.0,0.0,9.0,13.0,11.0,10.0,9.0,0.0,2
0.0,0.0,15.0,13.0,1.0,0.0,0.0,0.0,0.0,0.0,14.0,14.0,4.0,0.0,0.0,0.0,0.0,0.0,1.0,4.0,12.0,0.0,0.0,0.0,0.0,0.0,0.0,6.0,12.0,0.0,0.0,0.0,0.0,0.0,0.0,11.0,10.0,0.0,0.0,0.0,0.0,0.0,1.0,16.0,8.0,6.0,5.0,0.0,0.0,0.0,13.0,16.0,16.0,16.0,14.0,0.0,0.0,0.0,10.0,13.0,10.0,6.0,2.0,0.0,2
0.0,0.0,1.0,10.0,14.0,13.0,1.0,0.0,0.0,0.0,8.0,12.0,6.0,4.0,0.0,0.0,0.0,0.0,14.0,4.0,0.0,0.0,0.0,0.0,0.0,5.0,16.0,12.0,13.0,12.0,0.0,0.0,0.0,2.0,11.0,11.0,8.0,14.0,4.0,0.0,0.0,0.0,0.0,0.0,0.0,16.0,4.0,0.0,0.0,0.0,0.0,0.0,6.0,15.0,2.0,0.0,0.0,0.0,0.0,12.0,14.0,4.0,0.0,0.0,5
0.0,1.0,10.0,16.0,15.0,2.0,0.0,0.0,0.0,1.0,12.0,13.0,16.0,4.0,0.0,0.0,0.0,0.0,0.0,0.0,16.0,8.0,0.0,0.0,0.0,0.0,7.0,11.0,16.0,13.0,8.0,0.0,0.0,8.0,16.0,16.0,16.0,16.0,6.0,0.0,0.0,2.0,10.0,16.0,9.0,0.0,0.0,0.0,0.0,0.0,3.0,16.0,4.0,0.0,0.0,0.0,0.0,0.0,10.0,15.0,2.0,0.0,0.0,0.0,7
0.0,0.0,4.0,14.0,15.0,6.0,0.0,0.0,0.0,5.0,16.0,16.0,16.0,16.0,0.0,0.0,0.0,5.0,16.0,16.0,16.0,16.0,3.0,0.0,0.0,0.0,2.0,8.0,13.0,16.0,5.0,0.0,0.0,0.0,0.0,0.0,8.0,16.0,6.0,0.0,0.0,0.0,0.0,0.0,4.0,16.0,8.0,0.0,0.0,0.0,1.0,6.0,13.0,16.0,6.0,0.0,0.0,0.0,4.0,13.0,15.0,9.0,0.0,0.0,9
0.0,0.0,10.0,16.0,15.0,1.0,0.0,0.0,0.0,0.0,16.0,12.0,5.0,0.0,0.0,0.0,0.0,2.0,16.0,9.0,4.0,0.0,0.0,0.0,0.0,4.0,16.0,16.0,16.0,14.0,2.0,0.0,0.0,1.0,10.0,4.0,1.0,16.0,4.0,0.0,0.0,0.0,0.0,0.0,2.0,16.0,7.0,0.0,0.0,0.0,7.0,8.0,14.0,16.0,3.0,0.0,0.0,0.0,6.0,13.0,10.0,4.0,0.0,0.0,5
0.0,0.0,0.0,1.0,12.0,6.0,0.0,0.0,0.0,0.0,0.0,11.0,15.0,2.0,0.0,0.0,0.0,0.0,8.0,16.0,6.0,1.0,2.0,0.0,0.0,4.0,16.0,9.0,1.0,15.0,9.0,0.0,0.0,13.0,15.0,6.0,10.0,16.0,6.0,0.0,0.0,12.0,16.0,16.0,16.0,16.0,1.0,0.0,0.0,1.0,7.0,4.0,14.0,13.0,0.0,0.0,0.0,0.0,0.0,0.0,14.0,9.0,0.0,0.0,4
0.0,0.0,8.0,16.0,3.0,0.0,1.0,0.0,0.0,0.0,16.0,14.0,5.0,14.0,12.0,0.0,0.0,0.0,8.0,16.0,16.0,9.0,0.0,0.0,0.0,0.0,3.0,16.0,14.0,1.0,0.0,0.0,0.0,0.0,12.0,16.0,16.0,2.0,0.0,0.0,0.0,0.0,16.0,11.0,16.0,4.0,0.0,0.0,0.0,3.0,16.0,16.0,16.0,6.0,0.0,0.0,0.0,0.0,10.0,16.0,10.0,1.0,0.0,0.0,8
0.0,0.0,5.0,12.0,8.0,0.0,1.0,0.0,0.0,0.0,11.0,16.0,5.0,13.0,6.0,0.0,0.0,0.0,2.0,15.0,16.0,12.0,1.0,0.0,0.0,0.0,0.0,10.0,16.0,6.0,0.0,0.0,0.0,0.0,1.0,15.0,16.0,7.0,0.0,0.0,0.0,0.0,8.0,16.0,16.0,11.0,0.0,0.0,0.0,0.0,11.0,16.0,16.0,9.0,0.0,0.0,0.0,0.0,6.0,12.0,12.0,3.0,0.0,0.0,8
0.0,0.0,0.0,3.0,15.0,4.0,0.0,0.0,0.0,0.0,4.0,16.0,12.0,0.0,0.0,0.0,0.0,0.0,12.0,15.0,3.0,4.0,3.0,0.0,0.0,7.0,16.0,5.0,3.0,15.0,8.0,0.0,0.0,13.0,16.0,13.0,15.0,16.0,2.0,0.0,0.0,12.0,16.0,16.0,16.0,13.0,0.0,0.0,0.0,0.0,4.0,5.0,16.0,8.0,0.0,0.0,0.0,0.0,0.0,1.0,16.0,4.0,0.0,0.0,4
0.0,0.0,4.0,10.0,13.0,6.0,0.0,0.0,0.0,1.0,16.0,14.0,12.0,16.0,3.0,0.0,0.0,4.0,16.0,6.0,3.0,16.0,4.0,0.0,0.0,0.0,12.0,16.0,16.0,16.0,5.0,0.0,0.0,0.0,0.0,4.0,4.0,16.0,8.0,0.0,0.0,0.0,0.0,0.0,0.0,15.0,5.0,0.0,0.0,0.0,5.0,7.0,7.0,16.0,4.0,0.0,0.0,0.0,2.0,14.0,15.0,9.0,0.0,0.0,9
0.0,0.0,6.0,16.0,13.0,11.0,1.0,0.0,0.0,0.0,16.0,15.0,12.0,16.0,1.0,0.0,0.0,3.0,16.0,7.0,0.0,13.0,6.0,0.0,0.0,4.0,16.0,0.0,0.0,10.0,8.0,0.0,0.0,8.0,16.0,0.0,0.0,14.0,6.0,0.0,0.0,5.0,16.0,7.0,9.0,16.0,5.0,0.0,0.0,1.0,15.0,16.0,16.0,16.0,1.0,0.0,0.0,0.0,6.0,16.0,14.0,6.0,0.0,0.0,0
0.0,0.0,1.0,11.0,15.0,1.0,0.0,0.0,0.0,0.0,13.0,16.0,8.0,2.0,1.0,0.0,0.0,0.0,16.0,15.0,10.0,16.0,5.0,0.0,0.0,0.0,8.0,16.0,16.0,7.0,0.0,0.0,0.0,0.0,9.0,16.0,16.0,4.0,0.0,0.0,0.0,0.0,16.0,14.0,16.0,15.0,0.0,0.0,0.0,0.0,15.0,15.0,15.0,16.0,0.0,0.0,0.0,0.0,2.0,9.0,13.0,6.0,0.0,0.0,8
0.0,0.0,2.0,10.0,7.0,0.0,0.0,0.0,0.0,0.0,14.0,16.0,16.0,15.0,1.0,0.0,0.0,4.0,16.0,7.0,3.0,16.0,7.0,0.0,0.0,5.0,16.0,10.0,7.0,16.0,4.0,0.0,0.0,0.0,5.0,14.0,14.0,16.0,4.0,0.0,0.0,0.0,0.0,0.0,0.0,16.0,2.0,0.0,0.0,0.0,4.0,7.0,7.0,16.0,2.0,0.0,0.0,0.0,5.0,12.0,16.0,12.0,0.0,0.0,9
0.0,0.0,10.0,14.0,8.0,1.0,0.0,0.0,0.0,2.0,16.0,14.0,6.0,1.0,0.0,0.0,0.0,0.0,15.0,15.0,8.0,15.0,0.0,0.0,0.0,0.0,5.0,16.0,16.0,10.0,0.0,0.0,0.0,0.0,12.0,15.0,15.0,12.0,0.0,0.0,0.0,4.0,16.0,6.0,4.0,16.0,6.0,0.0,0.0,8.0,16.0,10.0,8.0,16.0,8.0,0.0,0.0,1.0,8.0,12.0,14.0,12.0,1.0,0.0,8
